# depth age thinning accu x_origin accu_steady
0.000000000000000000e+00 -1.711421663658199677e+01 9.999189663175569454e-01 3.036157064307530573e-02 3.979981839917788022e+01 2.033170956895429329e-02
1.000000000000000000e+00 -5.403983096765628602e+00 9.997571061999406261e-01 3.043128467005456333e-02 3.979911534616765323e+01 2.030456779519425325e-02
2.000000000000000000e+00 6.255170086916068684e+00 9.995884069224250101e-01 3.047339188500395799e-02 3.979841398392655094e+01 2.027749129456778154e-02
3.000000000000000000e+00 1.891948939920740358e+01 9.994029206160657264e-01 3.042768601891095159e-02 3.979765135564009881e+01 2.024804958233159327e-02
4.000000000000000000e+00 3.301635304884872824e+01 9.991979530663570586e-01 3.038966763766477730e-02 3.979680404210209588e+01 2.021533854629616392e-02
5.000000000000000000e+00 4.854845647081857862e+01 9.989807579277374394e-01 3.003232438987180064e-02 3.979587199641633788e+01 2.017935637600644719e-02
6.000000000000000000e+00 6.463956464120371948e+01 9.987677077345114007e-01 2.987751272186504187e-02 3.979491816295525553e+01 2.014253307587253461e-02
7.000000000000000000e+00 7.984621294518341017e+01 9.985565227667123622e-01 2.991826168624759849e-02 3.979402173872983894e+01 2.010792609294925759e-02
8.000000000000000000e+00 9.574268668149002792e+01 9.983387058862838170e-01 2.875288058136385785e-02 3.979308372590966769e+01 2.007171355793564704e-02
9.000000000000000000e+00 1.125893270138987106e+02 9.981206817585854818e-01 2.766471679509830556e-02 3.979212931262987496e+01 2.003486787356076673e-02
1.000000000000000000e+01 1.298338131046164392e+02 9.979005851581903563e-01 2.773550907302484853e-02 3.979118911151106630e+01 1.999857085799520290e-02
1.100000000000000000e+01 1.476376078788130428e+02 9.976813175468740580e-01 2.796007483787080194e-02 3.979021628690159673e+01 1.996101439344074788e-02
1.200000000000000000e+01 1.645885909839427370e+02 9.974597702155912904e-01 2.818622244587152062e-02 3.978928290203802476e+01 1.992498052340602871e-02
1.300000000000000000e+01 1.824846847404554069e+02 9.972303474880608309e-01 2.832072164273707199e-02 3.978828984600179552e+01 1.988664301275693685e-02
1.400000000000000000e+01 2.004675165472938829e+02 9.969996812769124084e-01 2.855800391442697705e-02 3.978728756067695116e+01 1.984794920000857929e-02
1.500000000000000000e+01 2.183431726906191273e+02 9.967698440548425909e-01 2.876888327856742464e-02 3.978628325311917990e+01 1.980917731777207674e-02
1.600000000000000000e+01 2.359379804054100873e+02 9.965352401455702669e-01 2.876161321465691909e-02 3.978528774398643719e+01 1.977074510389359441e-02
1.700000000000000000e+01 2.544402361013044640e+02 9.962929680873200411e-01 2.821585239559543795e-02 3.978424150527855829e+01 1.973035444501707036e-02
1.800000000000000000e+01 2.736044305457942301e+02 9.960465510836762348e-01 2.792093223177207276e-02 3.978317878765042082e+01 1.968932760776006055e-02
1.900000000000000000e+01 2.933425707397887550e+02 9.957970253709872432e-01 2.784665698324678348e-02 3.978209596988882879e+01 1.964752479306327085e-02
2.000000000000000000e+01 3.132762038394764659e+02 9.955410749929384240e-01 2.771227701188014661e-02 3.978100567520396424e+01 1.960543332735885727e-02
2.100000000000000000e+01 3.342133644390711424e+02 9.952818086585748514e-01 2.763423972693194661e-02 3.977986636542637910e+01 1.956144960525546886e-02
2.200000000000000000e+01 3.548547992892830507e+02 9.950225423242111678e-01 2.683368358658304309e-02 3.977874664124686888e+01 1.951822199665131929e-02
2.300000000000000000e+01 3.765027819166209611e+02 9.947580948081056196e-01 2.648314355647707688e-02 3.977760677037857562e+01 1.947421661331227502e-02
2.400000000000000000e+01 3.989335393448795344e+02 9.944899168411458490e-01 2.703966955025092350e-02 3.977644131647145542e+01 1.942922358175585770e-02
2.500000000000000000e+01 4.210559163459940351e+02 9.942192519069501522e-01 2.765331815187910963e-02 3.977526833610357926e+01 1.938393998676854468e-02
2.600000000000000000e+01 4.429597101301722546e+02 9.939477579836755172e-01 2.754649041760728889e-02 3.977408059132451967e+01 1.933808640302870502e-02
2.700000000000000000e+01 4.648254328575233671e+02 9.936735698458953880e-01 2.755285339401616213e-02 3.977289977315626857e+01 1.929250022516142138e-02
2.800000000000000000e+01 4.872661399323354203e+02 9.933939932791036043e-01 2.737818992026615564e-02 3.977168789802141191e+01 1.924571507488515368e-02
2.900000000000000000e+01 5.101648410429747287e+02 9.931111007559969561e-01 2.692436947510255807e-02 3.977045941734797907e+01 1.919828885805382329e-02
3.000000000000000000e+01 5.337006726075496772e+02 9.928261357601935178e-01 2.675650178791689343e-02 3.976921793784677561e+01 1.915036081385330935e-02
3.100000000000000000e+01 5.574989472397218151e+02 9.925405490225811533e-01 2.759420739701073585e-02 3.976797069095462689e+01 1.910221011614319370e-02
3.200000000000000000e+01 5.805880781628688965e+02 9.922526825650022086e-01 2.791461496446110205e-02 3.976672310496030605e+01 1.905404632719505734e-02
3.300000000000000000e+01 6.037828316708717011e+02 9.919625363874570168e-01 2.833266579695821810e-02 3.976545525359135524e+01 1.900510018157460304e-02
3.400000000000000000e+01 6.266471390154442815e+02 9.916709394790239607e-01 2.870976981210732193e-02 3.976418705182220492e+01 1.895614050854901866e-02
3.500000000000000000e+01 6.494438782887605157e+02 9.913774773451640154e-01 2.774521339161886702e-02 3.976290581216433395e+01 1.890667750018342613e-02
3.600000000000000000e+01 6.731295299927494398e+02 9.910790412768317736e-01 2.595196197726322429e-02 3.976162058870544769e+01 1.885706069484326119e-02
3.700000000000000000e+01 6.992258029015874854e+02 9.907760457685665934e-01 2.553329451033091793e-02 3.976029510824758972e+01 1.880588974444942149e-02
3.800000000000000000e+01 7.257601544020042184e+02 9.904732575075712031e-01 2.500518924647165270e-02 3.975896924480648664e+01 1.875470400876299085e-02
3.900000000000000000e+01 7.528260522489870255e+02 9.901692257629577387e-01 2.611015303865615866e-02 3.975764481271351514e+01 1.870357353111043106e-02
4.000000000000000000e+01 7.790226846770827933e+02 9.898624998038383360e-01 2.741341319544553581e-02 3.975630729269096264e+01 1.865193778626108786e-02
4.100000000000000000e+01 8.041687497708039700e+02 9.895528723829436490e-01 2.846240266831048110e-02 3.975495848901823592e+01 1.859986642947967020e-02
4.200000000000000000e+01 8.286725603232632693e+02 9.892411724893521718e-01 2.982276781679824018e-02 3.975359475954959976e+01 1.854721885359376238e-02
4.300000000000000000e+01 8.521119762237137820e+02 9.889276073703336944e-01 2.897494193886013605e-02 3.975222699128146076e+01 1.849441535748478152e-02
4.400000000000000000e+01 8.764886564528288773e+02 9.886107262950003527e-01 2.684974738948816067e-02 3.975084609451700146e+01 1.844110502807606855e-02
4.500000000000000000e+01 9.030940076742410838e+02 9.882934307251276529e-01 2.630299492956772803e-02 3.974944842193214356e+01 1.838714705828297519e-02
4.600000000000000000e+01 9.300144706353531774e+02 9.879746844243670889e-01 2.560961621593671120e-02 3.974806305193795453e+01 1.833366403721733637e-02
4.700000000000000000e+01 9.581772299285549934e+02 9.876515859309435985e-01 2.608061875480155098e-02 3.974665179896995681e+01 1.827918178876900696e-02
4.800000000000000000e+01 9.860914773430123432e+02 9.873280729429805280e-01 2.653226735209206558e-02 3.974522737557300900e+01 1.822419108818729150e-02
4.900000000000000000e+01 1.013358532602042715e+03 9.870010367514331362e-01 2.693946215982359269e-02 3.974381161003528717e+01 1.816953462933842967e-02
5.000000000000000000e+01 1.040980203334205953e+03 9.866694411199528059e-01 2.703165568603720439e-02 3.974235535434306144e+01 1.811331502432961954e-02
5.100000000000000000e+01 1.068512023493020934e+03 9.863388817248208706e-01 2.643707369562100368e-02 3.974089863635416719e+01 1.805707757208678543e-02
5.200000000000000000e+01 1.096492816201449841e+03 9.860072860933406513e-01 2.630386484773919453e-02 3.973945056459077563e+01 1.800117391245011772e-02
5.300000000000000000e+01 1.124973005438553855e+03 9.856742397309725678e-01 2.666866990039684637e-02 3.973798381231164001e+01 1.794454908054819373e-02
5.400000000000000000e+01 1.152962289177758521e+03 9.853380846595594100e-01 2.698352314146490114e-02 3.973652205982268271e+01 1.788811726847804387e-02
5.500000000000000000e+01 1.181252896975803196e+03 9.849959194173256716e-01 2.767816133494613653e-02 3.973502701832651240e+01 1.783040031476230622e-02
5.600000000000000000e+01 1.209201930613247896e+03 9.846537541750919331e-01 2.707208967727865040e-02 3.973351142429156369e+01 1.777188991823419606e-02
5.700000000000000000e+01 1.237404778384817064e+03 9.843115889328581947e-01 2.621393409482196402e-02 3.973201540142636645e+01 1.771413507819189978e-02
5.800000000000000000e+01 1.266918495813009940e+03 9.839688019488155302e-01 2.587814786096199332e-02 3.973049881220475754e+01 1.765558626189901378e-02
5.900000000000000000e+01 1.296528162455697384e+03 9.836239424920760754e-01 2.577127894423752313e-02 3.972899632893510358e+01 1.759758201415411935e-02
6.000000000000000000e+01 1.326911119878079035e+03 9.832734873590552871e-01 2.622956392615003601e-02 3.972746047616615073e+01 1.753828951731904034e-02
6.100000000000000000e+01 1.357082110697160260e+03 9.829215814951468566e-01 2.641285144720832700e-02 3.972590766488946912e+01 1.747834232734806273e-02
6.200000000000000000e+01 1.386972186162227217e+03 9.825686393948900310e-01 2.670954348712266738e-02 3.972435798349608405e+01 1.741851596835726837e-02
6.300000000000000000e+01 1.416771453666110574e+03 9.822130030801273781e-01 2.529636809904230871e-02 3.972279497989310215e+01 1.735817529765227782e-02
6.400000000000000000e+01 1.448478529904468360e+03 9.818577812599040833e-01 2.412525958109891858e-02 3.972122046965522202e+01 1.729739040655921961e-02
6.500000000000000000e+01 1.481386199170349073e+03 9.815027666869504674e-01 2.470508821484588072e-02 3.971966005608290118e+01 1.723714972550671395e-02
6.600000000000000000e+01 1.513781449927163294e+03 9.811421564377156290e-01 2.489505730148919987e-02 3.971808629988338168e+01 1.717639394450662729e-02
6.700000000000000000e+01 1.546669874642548393e+03 9.807788519739750743e-01 2.496754230496730023e-02 3.971647538579636461e+01 1.711420366146882560e-02
6.800000000000000000e+01 1.579195185073527455e+03 9.804163764993132357e-01 2.475152903504126631e-02 3.971487672680756731e+01 1.705248649368447389e-02
6.900000000000000000e+01 1.612109759814678000e+03 9.800524502937635329e-01 2.452533208722830482e-02 3.971327201412154295e+01 1.699053561936872750e-02
7.000000000000000000e+01 1.645471970087903173e+03 9.796874878518655461e-01 2.405567931232189052e-02 3.971165940875247458e+01 1.692828004339541961e-02
7.100000000000000000e+01 1.679513696321020007e+03 9.793204529372707690e-01 2.451382011007254003e-02 3.971004440299735450e+01 1.686593179911075741e-02
7.200000000000000000e+01 1.713251869332893648e+03 9.789484725591086622e-01 2.442846200238987103e-02 3.970841232153964029e+01 1.680292433731368079e-02
7.300000000000000000e+01 1.747464416308724822e+03 9.785728532962818527e-01 2.390372513740800231e-02 3.970647596125394330e+01 1.676406160736548800e-02
7.400000000000000000e+01 1.782511458374435051e+03 9.781943765219294207e-01 2.431817438872450193e-02 3.970445399620083293e+01 1.673228921014028106e-02
7.500000000000000000e+01 1.817436586866635025e+03 9.778181986125784597e-01 2.414533386990414324e-02 3.970240657681771523e+01 1.670011683316118337e-02
7.600000000000000000e+01 1.851816260406564652e+03 9.774397218382260277e-01 2.384448886601364670e-02 3.970040788150951983e+01 1.666871008794242048e-02
7.700000000000000000e+01 1.887980673249374831e+03 9.770547664443236524e-01 2.521122416197486144e-02 3.969833424244971098e+01 1.663612570484008721e-02
7.800000000000000000e+01 1.922163543499622392e+03 9.766725278908776620e-01 2.513086157168782642e-02 3.969626433829862577e+01 1.660360001068666991e-02
7.900000000000000000e+01 1.956090649248554882e+03 9.762892443987946089e-01 2.463026072071136663e-02 3.969421843367520353e+01 1.657145143607082621e-02
8.000000000000000000e+01 1.991366424278148088e+03 9.759024081153454544e-01 2.418644755191914214e-02 3.969213575236630476e+01 1.653872496647232349e-02
8.100000000000000000e+01 2.027381065767320251e+03 9.755164077828060165e-01 2.362353969101255863e-02 3.969005004584933261e+01 1.650595095989360050e-02
8.200000000000000000e+01 2.064111925334198986e+03 9.751274816220826258e-01 2.380009706092531957e-02 3.968797483285704431e+01 1.647334184460912468e-02
8.300000000000000000e+01 2.101383261073012363e+03 9.747402273631786684e-01 2.467951650781495185e-02 3.968585601796419837e+01 1.644004758548294268e-02
8.400000000000000000e+01 2.136334490414213633e+03 9.743519281656375375e-01 2.424864284600692504e-02 3.968379729732107108e+01 1.640769762476093283e-02
8.500000000000000000e+01 2.173205201185200167e+03 9.739579862994561799e-01 2.359352375753881459e-02 3.968166562510150897e+01 1.637420133044580756e-02
8.600000000000000000e+01 2.210955202071734675e+03 9.735646713964571930e-01 2.372845184485992964e-02 3.967954442880211730e+01 1.634086965079414519e-02
8.700000000000000000e+01 2.248638954449252196e+03 9.731694756039113159e-01 2.510587220597786801e-02 3.967741791551430453e+01 1.630745442198917525e-02
8.800000000000000000e+01 2.284551735790935709e+03 9.727705180322718803e-01 2.482568128916719935e-02 3.967527478584308653e+01 1.627377808959441785e-02
8.900000000000000000e+01 2.321341771745941969e+03 9.723707245097228391e-01 2.298563112978687165e-02 3.967310598265519417e+01 1.623969833322909742e-02
9.000000000000000000e+01 2.360949311469409622e+03 9.719717669380835146e-01 2.182005806521129104e-02 3.967095216517653000e+01 1.620585405665389209e-02
9.100000000000000000e+01 2.402756227891700291e+03 9.715690475873506315e-01 2.251115861974754828e-02 3.966879073759054108e+01 1.617189019771872113e-02
9.200000000000000000e+01 2.443960657269022704e+03 9.711652832979806860e-01 2.245306080143066527e-02 3.966659454477301949e+01 1.613738005103039497e-02
9.300000000000000000e+01 2.484900737267578279e+03 9.707617279963380863e-01 2.327607883772521424e-02 3.966442012411071261e+01 1.610321202378803274e-02
9.400000000000000000e+01 2.524819479661975492e+03 9.703527390137827169e-01 2.427359756900098961e-02 3.966222448563333103e+01 1.606871058779191230e-02
9.500000000000000000e+01 2.563825917060780739e+03 9.699410331907709626e-01 2.452289088774889728e-02 3.965998948570766203e+01 1.603359064082364449e-02
9.600000000000000000e+01 2.602321256653330238e+03 9.695307902818510737e-01 2.426656449758776701e-02 3.965776265938921341e+01 1.599859913084048305e-02
9.700000000000000000e+01 2.641156164274194452e+03 9.691234732011150266e-01 2.512747255556558451e-02 3.965554175007218163e+01 1.596370059838886010e-02
9.800000000000000000e+01 2.678284103358202628e+03 9.687161561203789795e-01 2.385853221411541811e-02 3.965334490570378279e+01 1.592918021347545371e-02
9.900000000000000000e+01 2.717879318224368035e+03 9.683046592850945711e-01 2.399419515750137247e-02 3.965112224883993264e+01 1.589425422073134989e-02
1.000000000000000000e+02 2.757536025694938871e+03 9.678912815602633835e-01 2.491404288064890185e-02 3.964887828791861324e+01 1.585899346405286042e-02
1.010000000000000000e+02 2.795630622504921575e+03 9.674766499090678984e-01 2.555814864236787345e-02 3.964663343030404974e+01 1.582371861707444413e-02
1.020000000000000000e+02 2.832899856281263965e+03 9.670609733192351287e-01 2.606303521342053647e-02 3.964437404814061949e+01 1.578821553680620146e-02
1.030000000000000000e+02 2.869324328346427592e+03 9.666442517907652965e-01 2.482322340711012529e-02 3.964211602902042841e+01 1.575273387488594634e-02
1.040000000000000000e+02 2.907740091906146972e+03 9.662262763359309448e-01 2.362311825868098139e-02 3.963984346380099311e+01 1.571702364104136940e-02
1.050000000000000000e+02 2.947975533325620290e+03 9.658083008810967041e-01 2.366501099038840344e-02 3.963756997887720246e+01 1.568129895530894283e-02
1.060000000000000000e+02 2.988046368107344279e+03 9.653880265612607703e-01 2.283475519118064248e-02 3.963529557350435084e+01 1.564555980598660717e-02
1.070000000000000000e+02 3.029929147230037415e+03 9.649669162905152309e-01 2.319396164408045469e-02 3.963299521321948760e+01 1.560941281095352094e-02
1.080000000000000000e+02 3.070778617006888908e+03 9.645466419706791861e-01 2.396230761258616795e-02 3.963070984767835370e+01 1.557350143767528838e-02
1.090000000000000000e+02 3.110341984374304502e+03 9.641272036017529690e-01 2.435273693402235234e-02 3.962841671908585539e+01 1.553746807873193983e-02
1.100000000000000000e+02 3.148901354819815424e+03 9.637050483923703670e-01 2.392763434833548170e-02 3.962613860412750455e+01 1.550167063838046519e-02
1.110000000000000000e+02 3.188857777041909230e+03 9.632787134284392927e-01 2.191036603156530996e-02 3.962381397475121503e+01 1.546514228798619682e-02
1.120000000000000000e+02 3.232375230852182540e+03 9.628511245381439210e-01 2.193515370318980043e-02 3.962148838303832576e+01 1.542859881579709304e-02
1.130000000000000000e+02 3.275972765648298264e+03 9.624277154023966885e-01 2.240216458996709820e-02 3.961914813972401106e+01 1.539182511386202358e-02
1.140000000000000000e+02 3.317477662482667711e+03 9.620049332298317157e-01 2.270590662772891538e-02 3.961686626227755426e+01 1.535596855118965577e-02
1.150000000000000000e+02 3.359263600018127363e+03 9.615779713027184927e-01 2.242796305654401814e-02 3.961453094214954262e+01 1.531927221034962323e-02
1.160000000000000000e+02 3.401343237593454432e+03 9.611516363387875295e-01 2.205622245219058045e-02 3.961220150352625069e+01 1.528266828925946112e-02
1.170000000000000000e+02 3.444020954645418897e+03 9.607253013748564552e-01 2.252549705649495651e-02 3.960987109857960320e+01 1.524604918372809807e-02
1.180000000000000000e+02 3.485702871245779079e+03 9.602989664109254919e-01 2.294612215349256870e-02 3.960753972650754662e+01 1.520941488115234302e-02
1.190000000000000000e+02 3.526517332823021661e+03 9.598699146065380328e-01 2.360391183023886202e-02 3.960520738650703265e+01 1.517276536891333689e-02
1.200000000000000000e+02 3.566599837007840506e+03 9.594366830476022123e-01 2.304132947717089930e-02 3.960284433326997799e+01 1.513563324044427810e-02
1.210000000000000000e+02 3.607838138715041168e+03 9.590019885745746375e-01 2.318572243421847950e-02 3.960046426253558849e+01 1.509823370543200878e-02
1.220000000000000000e+02 3.648729254871831472e+03 9.585650049139226025e-01 2.427645788824635970e-02 3.959808318300466823e+01 1.506081831857117651e-02
1.230000000000000000e+02 3.688068508589829435e+03 9.581286913133466587e-01 2.411891417124520376e-02 3.959567692064328526e+01 1.502351115341927536e-02
1.240000000000000000e+02 3.727456083169640806e+03 9.576945075741498670e-01 2.445821701420802449e-02 3.959346446169522693e+01 1.507807059038781573e-02
1.250000000000000000e+02 3.766583056880316235e+03 9.572594944486318980e-01 2.376560446594181558e-02 3.959124258511055672e+01 1.513286226712364652e-02
1.260000000000000000e+02 3.807005851950242231e+03 9.568222005107303030e-01 2.307578750845129187e-02 3.958901975700580778e+01 1.518767740843017001e-02
1.270000000000000000e+02 3.849206641233355640e+03 9.563849065728287080e-01 2.308936996299600780e-02 3.958677265256122979e+01 1.524309120646391395e-02
1.280000000000000000e+02 3.891091322433055666e+03 9.559476126349271130e-01 2.343075116286856552e-02 3.958454790897006603e+01 1.529795358383815966e-02
1.290000000000000000e+02 3.932943887069383436e+03 9.555088672709631803e-01 2.300172475919285212e-02 3.958229886728462787e+01 1.535341515440608560e-02
1.300000000000000000e+02 3.975563364829128204e+03 9.550715733330614743e-01 2.329781205324152338e-02 3.958005734312720136e+01 1.540869134205594647e-02
1.310000000000000000e+02 4.017666265976697105e+03 9.546334500088387021e-01 2.402901338360497255e-02 3.957782122263351710e+01 1.546383427487121529e-02
1.320000000000000000e+02 4.058905258530025549e+03 9.541938752585534811e-01 2.416348824322921487e-02 3.957556926374623174e+01 1.551936778389938903e-02
1.330000000000000000e+02 4.100052877133113725e+03 9.537520196958847452e-01 2.387205698052232219e-02 3.957331632739325755e+01 1.557492539731960592e-02
1.340000000000000000e+02 4.142281632594029361e+03 9.533101641332160092e-01 2.369554975641649519e-02 3.957103901791334266e+01 1.563108405424574673e-02
1.350000000000000000e+02 4.184531546503034406e+03 9.528699673431898498e-01 2.397092424394286700e-02 3.956878411391554806e+01 1.568669018996447090e-02
1.360000000000000000e+02 4.226559240821461572e+03 9.524281117805211139e-01 2.472378199144711908e-02 3.956652184392419258e+01 1.574247797174796806e-02
1.370000000000000000e+02 4.267640379757363917e+03 9.519848047917901512e-01 2.496272674174511430e-02 3.956424793955257968e+01 1.579855265839657033e-02
1.380000000000000000e+02 4.308541825383612377e+03 9.515412904564788388e-01 2.412876469096780080e-02 3.956196877751764873e+01 1.585475699949638259e-02
1.390000000000000000e+02 4.350983191649112086e+03 9.510992275472298640e-01 2.381341324455067687e-02 3.955969074571542166e+01 1.591093346895586236e-02
1.400000000000000000e+02 4.393880969711438411e+03 9.506567499448200786e-01 2.453587982253391947e-02 3.955742450804402921e+01 1.596681909408653732e-02
1.410000000000000000e+02 4.435959774065070633e+03 9.502121988766072391e-01 2.460184541145037443e-02 3.955514021385391032e+01 1.602314999459558340e-02
1.420000000000000000e+02 4.478152123606107125e+03 9.497680625015549882e-01 2.577060739089326660e-02 3.955285064537831374e+01 1.607961095945960664e-02
1.430000000000000000e+02 4.518414799533885343e+03 9.493224747004403996e-01 2.428801029717340618e-02 3.955056860735609803e+01 1.613588622266483308e-02
1.440000000000000000e+02 4.561743038385313412e+03 9.488768868993258110e-01 2.436996887099339773e-02 3.954826206787711129e+01 1.619276569400138893e-02
1.450000000000000000e+02 4.604607275426385058e+03 9.484323358311128604e-01 2.477669928617479492e-02 3.954597801111381017e+01 1.624909073954366664e-02
1.460000000000000000e+02 4.647141333309424226e+03 9.479867480299983828e-01 2.480792809911006383e-02 3.954368012055654447e+01 1.630575692769136234e-02
1.470000000000000000e+02 4.689642056212897842e+03 9.475401234959821561e-01 2.476123027291064413e-02 3.954138335123710846e+01 1.636239546601311184e-02
1.480000000000000000e+02 4.732473728592862244e+03 9.470943283482873287e-01 2.479027636578805260e-02 3.953907272550470253e+01 1.641937570472706137e-02
1.490000000000000000e+02 4.774872469823977553e+03 9.466487405471728511e-01 2.414592970299258082e-02 3.953678247963675574e+01 1.647585337414749634e-02
1.500000000000000000e+02 4.818780787968771619e+03 9.462010792802549863e-01 2.413623274048721026e-02 3.953447194623198158e+01 1.653283133605370006e-02
1.510000000000000000e+02 4.862760564782922302e+03 9.457532106667568828e-01 2.541295645743763335e-02 3.953215824104317733e+01 1.658988751443976270e-02
1.520000000000000000e+02 4.904552497690135169e+03 9.453053420532587792e-01 2.617113729081571583e-02 3.952984350403941960e+01 1.664696913747556323e-02
1.530000000000000000e+02 4.945127914319982665e+03 9.448574734397606756e-01 2.592140210241591913e-02 3.952752773430000843e+01 1.670407622786571067e-02
1.540000000000000000e+02 4.986111431170263131e+03 9.444096048262625720e-01 2.518311100675743597e-02 3.952521093090300042e+01 1.676120880834521681e-02
1.550000000000000000e+02 5.028294349413311465e+03 9.439617362127644684e-01 2.535687135587689697e-02 3.952289309292523001e+01 1.681836690167954479e-02
1.560000000000000000e+02 5.070193607625753430e+03 9.435138675992663648e-01 2.506796777873590218e-02 3.952057421944228821e+01 1.687555053066468191e-02
1.570000000000000000e+02 5.112581598670741187e+03 9.430659989857683723e-01 2.604596867384071507e-02 3.951825430952852258e+01 1.693275971812716746e-02
1.580000000000000000e+02 5.153389683585306557e+03 9.426179230256899189e-01 2.680051538997588884e-02 3.951593336225705855e+01 1.698999448692416897e-02
1.590000000000000000e+02 5.193082619698277085e+03 9.421677735998081893e-01 2.653138171314423088e-02 3.951360922623170069e+01 1.704730789067929880e-02
1.600000000000000000e+02 5.233541158828260450e+03 9.417178315205069206e-01 2.524275553422963489e-02 3.951126468614031495e+01 1.710512446054090335e-02
1.610000000000000000e+02 5.275650425150379306e+03 9.412699629070088170e-01 2.611386581891378400e-02 3.950894061062306406e+01 1.716243637216057633e-02
1.620000000000000000e+02 5.316355764535542221e+03 9.408198134811271984e-01 2.663798917603071859e-02 3.950661549401859673e+01 1.721977395708496061e-02
1.630000000000000000e+02 5.356664905337962409e+03 9.403696640552454689e-01 2.665000637291268723e-02 3.950426563767354793e+01 1.727772162624084326e-02
1.640000000000000000e+02 5.396549014460912986e+03 9.399195146293638503e-01 2.514507638639414469e-02 3.950193842546644163e+01 1.733511088891490429e-02
1.650000000000000000e+02 5.439338467530438720e+03 9.394693652034822318e-01 2.378121541658931998e-02 3.949958645026624282e+01 1.739311080922957206e-02
1.660000000000000000e+02 5.484038378595190807e+03 9.390200451639219015e-01 2.440162890052413255e-02 3.949725713867561439e+01 1.745055184289054720e-02
1.670000000000000000e+02 5.527879217871127366e+03 9.385698957380401719e-01 2.411315349250495871e-02 3.949491167371904510e+01 1.750839122001091736e-02
1.680000000000000000e+02 5.572175665618342464e+03 9.381202887174731053e-01 2.723632712055128885e-02 3.949257162603040427e+01 1.756609700681600883e-02
1.690000000000000000e+02 5.611627569349798250e+03 9.376732281489043030e-01 2.686287433998976737e-02 3.949044143507389748e+01 1.762056412910029818e-02
1.700000000000000000e+02 5.651210396050403688e+03 9.372269435694712270e-01 2.628949199776859161e-02 3.948842296446110822e+01 1.767305734395943628e-02
1.710000000000000000e+02 5.691959993232064335e+03 9.367792200254798640e-01 2.646383967142684063e-02 3.948638676873083853e+01 1.772601152584665080e-02
1.720000000000000000e+02 5.732348511276391037e+03 9.363329354460467879e-01 2.704949938383617233e-02 3.948435338694325480e+01 1.777889252713046181e-02
1.730000000000000000e+02 5.771668196054047257e+03 9.358860341675172556e-01 2.837614349885617809e-02 3.948232843390392333e+01 1.783155432676192254e-02
1.740000000000000000e+02 5.809406246340895450e+03 9.354393384553532087e-01 2.829512114039839724e-02 3.948028759804763155e+01 1.788462918176236469e-02
1.750000000000000000e+02 5.846916546780405952e+03 9.349930538759201326e-01 2.834403555644638556e-02 3.947826268018901885e+01 1.793729006646902630e-02
1.760000000000000000e+02 5.884583494888072892e+03 9.345449191991979099e-01 2.854843588185390635e-02 3.947622373870400736e+01 1.799031565563514318e-02
1.770000000000000000e+02 5.922039339684067272e+03 9.340963733897447163e-01 2.656224395793270812e-02 3.947418012281345767e+01 1.804346280940187508e-02
1.780000000000000000e+02 5.962280075140797635e+03 9.336490609784842132e-01 2.581829498506022641e-02 3.947213557542895046e+01 1.809663418800121215e-02
1.790000000000000000e+02 6.003406461640213820e+03 9.332021596999546809e-01 2.705667132553209175e-02 3.947010134745318055e+01 1.814953719561878537e-02
1.800000000000000000e+02 6.042801223670021500e+03 9.327544361559634289e-01 2.809150425459493866e-02 3.946805869195470251e+01 1.820265937301645057e-02
1.810000000000000000e+02 6.080694673958815656e+03 9.323065070456065806e-01 2.727977858886312598e-02 3.946601510583776218e+01 1.825580575247807286e-02
1.820000000000000000e+02 6.119718709822479468e+03 9.318581668025187614e-01 2.745535225499811521e-02 3.946396871039906529e+01 1.830902519236944984e-02
1.830000000000000000e+02 6.158501892957057862e+03 9.314096209930655679e-01 2.797855336973571055e-02 3.946191950221720646e+01 1.836231778166923234e-02
1.840000000000000000e+02 6.196533797780984969e+03 9.309610751836123743e-01 2.798937794943658075e-02 3.945986935743523105e+01 1.841563472859440373e-02
1.850000000000000000e+02 6.234522886378903422e+03 9.305125293741590697e-01 2.759990214002755113e-02 3.945781827519660112e+01 1.846897605542067999e-02
1.860000000000000000e+02 6.273021935636211310e+03 9.300639835647058762e-01 2.704520260604037843e-02 3.945576625464358500e+01 1.852234178445434296e-02
1.870000000000000000e+02 6.312278327238231213e+03 9.296158488879835424e-01 2.765567594185406458e-02 3.945371329491728574e+01 1.857573193803229578e-02
1.880000000000000000e+02 6.350567564401944765e+03 9.291681253439921795e-01 2.717296306369844025e-02 3.945166316118732652e+01 1.862904859753411468e-02
1.890000000000000000e+02 6.389514776207422074e+03 9.287204018000008166e-01 2.659377434702539164e-02 3.944961209001080960e+01 1.868238963667411684e-02
1.900000000000000000e+02 6.429265327926147620e+03 9.282726782560095646e-01 2.722881791111315605e-02 3.944756008053003882e+01 1.873575507775821977e-02
1.910000000000000000e+02 6.468100527753130336e+03 9.278249547120180907e-01 2.935917552390195431e-02 3.944550713188612434e+01 1.878914494312300051e-02
1.920000000000000000e+02 6.504167589236371896e+03 9.273749699380066103e-01 2.720330134205178191e-02 3.944345324321899682e+01 1.884255925513566091e-02
1.930000000000000000e+02 6.543614338956872416e+03 9.269249851639951299e-01 2.743471011896606027e-02 3.944137765301046272e+01 1.889653794676744020e-02
1.940000000000000000e+02 6.582368482002031669e+03 9.264772616200036559e-01 2.803503427826332939e-02 3.943932187219498786e+01 1.895000146680376682e-02
1.950000000000000000e+02 6.620343333190242447e+03 9.260295380760124040e-01 2.632031353554104697e-02 3.943726514876027522e+01 1.900348950100138809e-02
1.960000000000000000e+02 6.660837361667092409e+03 9.255799644347317834e-01 2.679456380435284862e-02 3.943520748184150904e+01 1.905700207185112224e-02
1.970000000000000000e+02 6.701003443352532486e+03 9.251299796607201920e-01 2.808090105334634656e-02 3.943313185331946613e+01 1.911098175988060199e-02
1.980000000000000000e+02 6.739149180968344808e+03 9.246818449839979692e-01 2.836275117165172263e-02 3.943106850566070420e+01 1.916464206649799024e-02
1.990000000000000000e+02 6.776899041848797424e+03 9.242341214400064953e-01 2.776304297022647721e-02 3.942900799352808150e+01 1.921822863120280570e-02
2.000000000000000000e+02 6.815530182688206878e+03 9.237851644978223309e-01 2.695516981128634817e-02 3.942694653443141561e+01 1.927183982306192311e-02
2.010000000000000000e+02 6.855601855118876301e+03 9.233351797238108505e-01 2.843155308463268457e-02 3.942487276174919231e+01 1.932577124732294538e-02
2.020000000000000000e+02 6.893625411726874518e+03 9.228864283479921715e-01 3.003038225898956373e-02 3.942279992504253983e+01 1.937967833020068364e-02
2.030000000000000000e+02 6.929509829795080805e+03 9.224384992376353232e-01 3.059721738180570458e-02 3.942073561022790784e+01 1.943336378908946255e-02
2.040000000000000000e+02 6.964820328225605408e+03 9.219885144636238428e-01 2.836703539459835624e-02 3.941866844803420378e+01 1.948712329814287006e-02
2.050000000000000000e+02 7.003268151110210056e+03 9.215387352559778478e-01 2.874922752370981036e-02 3.941658325260181783e+01 1.954135178735722650e-02
2.060000000000000000e+02 7.040911794132030082e+03 9.210895727474281980e-01 2.836753485874933881e-02 3.941451607414624903e+01 1.959511171932377602e-02
2.070000000000000000e+02 7.079373295934577982e+03 9.206399991061475774e-01 2.784712696941340354e-02 3.941243464572816180e+01 1.964924224194419464e-02
2.080000000000000000e+02 7.118422692117210318e+03 9.201914532966943838e-01 2.816363830739303242e-02 3.941036175318994594e+01 1.970315077680152849e-02
2.090000000000000000e+02 7.157089829760587236e+03 9.197429074872410792e-01 2.797351784347058487e-02 3.940828790227135414e+01 1.975708423571124681e-02
2.100000000000000000e+02 7.196078767718442577e+03 9.192929227132295988e-01 2.629919143817283783e-02 3.940621309208577117e+01 1.981104264173075974e-02
2.110000000000000000e+02 7.237901823988545402e+03 9.188433115063905365e-01 2.678452491935812141e-02 3.940412400022695749e+01 1.986537246308645380e-02
2.120000000000000000e+02 7.278686781599237293e+03 9.183932381385830901e-01 2.779677700790434206e-02 3.940206213665313584e+01 1.991685823246423098e-02
2.130000000000000000e+02 7.318263309389189089e+03 9.179419209533279389e-01 2.862663167548490026e-02 3.940016975742764060e+01 1.992809658768358860e-02
2.140000000000000000e+02 7.356510228104080852e+03 9.174920469934255696e-01 3.119379614391032396e-02 3.939828512769271640e+01 1.993928892066459610e-02
2.150000000000000000e+02 7.391504541081371826e+03 9.170407298081705294e-01 2.906386629959320858e-02 3.939640307749387915e+01 1.995046593444185778e-02
2.160000000000000000e+02 7.429398667245413890e+03 9.165896187979658549e-01 2.767068150904462842e-02 3.939450460442146351e+01 1.996174047945631705e-02
2.170000000000000000e+02 7.468754307182071898e+03 9.161391263129123885e-01 2.810206776371248008e-02 3.939262253051115437e+01 1.997291763404993384e-02
2.180000000000000000e+02 7.507736120105118061e+03 9.156878091276572373e-01 2.928410275867663823e-02 3.939072747816198472e+01 1.998417186426571998e-02
2.190000000000000000e+02 7.545008379675221477e+03 9.152379351677548680e-01 3.014570991922014415e-02 3.938883673235729788e+01 1.999540051901756849e-02
2.200000000000000000e+02 7.581058007138721223e+03 9.147866179824999389e-01 3.156110026774094218e-02 3.938695203059683791e+01 2.000659327973975180e-02
2.210000000000000000e+02 7.615824028759947396e+03 9.143353007972447877e-01 3.242285180118926330e-02 3.938504740351014277e+01 2.001790437186774449e-02
2.220000000000000000e+02 7.649291064453818763e+03 9.138850144872416870e-01 3.220315782101544622e-02 3.938316094281993429e+01 2.002910757842292500e-02
2.230000000000000000e+02 7.683149949973381808e+03 9.134336973019866468e-01 3.018534068810961937e-02 3.938126320488126453e+01 2.004037775766643464e-02
2.240000000000000000e+02 7.719219644977535609e+03 9.129815554165301439e-01 3.136357880810140830e-02 3.937936631447187352e+01 2.005164290365080149e-02
2.250000000000000000e+02 7.754083583493347760e+03 9.125302382312752147e-01 3.216685490487704996e-02 3.937745986247328744e+01 2.006296483346281870e-02
2.260000000000000000e+02 7.787752494798944099e+03 9.120803642713726234e-01 3.159217801003075948e-02 3.937556813893325369e+01 2.007419929473430384e-02
2.270000000000000000e+02 7.822069789625462363e+03 9.116290470861176942e-01 3.175184058193385173e-02 3.937367206074749504e+01 2.008545961713067290e-02
2.280000000000000000e+02 7.856345711249759916e+03 9.111783484260138621e-01 3.070132777914916580e-02 3.937176640956608509e+01 2.009677679109469692e-02
2.290000000000000000e+02 7.891522060716589294e+03 9.107270312407587110e-01 3.084743542154631812e-02 3.936987377113516828e+01 2.010801668566864972e-02
2.300000000000000000e+02 7.926862168451641992e+03 9.102757140555037818e-01 3.218249854620573031e-02 3.936796111971375467e+01 2.011937543226400074e-02
2.310000000000000000e+02 7.960360005138401903e+03 9.098243968702486306e-01 3.190672614585157024e-02 3.936606670750085613e+01 2.013062586087452366e-02
2.320000000000000000e+02 7.994463023208873892e+03 9.093730796849937015e-01 3.068376923442158247e-02 3.936415226270089107e+01 2.014199525788542416e-02
2.330000000000000000e+02 8.029554767514365267e+03 9.089217624997387723e-01 2.971968174874731541e-02 3.936225607337811994e+01 2.015325624029604482e-02
2.340000000000000000e+02 8.066138182266067815e+03 9.084704453144836211e-01 2.905668141910118865e-02 3.936033983183336460e+01 2.016463630771375692e-02
2.350000000000000000e+02 8.103241052441177089e+03 9.080193343042790577e-01 2.854549294038867535e-02 3.935844186206344375e+01 2.017590786374367715e-02
2.360000000000000000e+02 8.141415204606321822e+03 9.075680171190240175e-01 3.016205278131329354e-02 3.935652556448366823e+01 2.018728826393905579e-02
2.370000000000000000e+02 8.177313886319680933e+03 9.071164937587186117e-01 2.903610550117803613e-02 3.935462406683441827e+01 2.019858077114011080e-02
2.380000000000000000e+02 8.215042961507768268e+03 9.066651765734636825e-01 2.802593940304977382e-02 3.935270422166338022e+01 2.020998223957078468e-02
2.390000000000000000e+02 8.253763029102807195e+03 9.062138593882085313e-01 2.900738253983720788e-02 3.935080268094966982e+01 2.022127500252066806e-02
2.400000000000000000e+02 8.291616319086406293e+03 9.057625422029536022e-01 3.010254386169118612e-02 3.934888102887804706e+01 2.023268720167080426e-02
2.410000000000000000e+02 8.327781739799658681e+03 9.053112250176986731e-01 2.987039104209792892e-02 3.934697769764876796e+01 2.024399059803374049e-02
2.420000000000000000e+02 8.364655332707401612e+03 9.048594954823427905e-01 2.947427057086335345e-02 3.934505423527215839e+01 2.025541354812123232e-02
2.430000000000000000e+02 8.401779630229018949e+03 9.044081782970878614e-01 2.885333744598980385e-02 3.934314561047789738e+01 2.026674838160987327e-02
2.440000000000000000e+02 8.440009814084278332e+03 9.039560364116312474e-01 2.897317522415183977e-02 3.934122383405655654e+01 2.027816131924114681e-02
2.450000000000000000e+02 8.478045873738112277e+03 9.035047192263763183e-01 3.014069135063911567e-02 3.933930640272229340e+01 2.028954845251381214e-02
2.460000000000000000e+02 8.514630551706717597e+03 9.030525773409199264e-01 3.072285521857373580e-02 3.933738981842286364e+01 2.030093055546376007e-02
2.470000000000000000e+02 8.550741525785862905e+03 9.026012601556647752e-01 3.033271404806797689e-02 3.933546356390167631e+01 2.031237008738226088e-02
2.480000000000000000e+02 8.587077226799137861e+03 9.021497367953594804e-01 3.065261831481192259e-02 3.933355218154340349e+01 2.032372129733685598e-02
2.490000000000000000e+02 8.623424851705794936e+03 9.016984196101043292e-01 3.132124007067163540e-02 3.933162235156730446e+01 2.033518206296575787e-02
2.500000000000000000e+02 8.658694558861856422e+03 9.012471024248494000e-01 3.145325222776305246e-02 3.932971091657115181e+01 2.034653358552322017e-02
2.510000000000000000e+02 8.694228637484822684e+03 9.007935173140404483e-01 3.086426276630128279e-02 3.932777926084186504e+01 2.035800519383239651e-02
2.520000000000000000e+02 8.730500889285813173e+03 9.003399322032312746e-01 3.015696101075945185e-02 3.932584668634387981e+01 2.036948225847337243e-02
2.530000000000000000e+02 8.767684848042305020e+03 8.998863470924223229e-01 3.018281125625651290e-02 3.932391319220278092e+01 2.038096478463908776e-02
2.540000000000000000e+02 8.804899474205452861e+03 8.994319273296139672e-01 3.066460604438735540e-02 3.932197877754290971e+01 2.039245277752991040e-02
2.550000000000000000e+02 8.841577715751216601e+03 8.989756349168830374e-01 2.913550990920482989e-02 3.932001836497825309e+01 2.038647998846685253e-02
2.560000000000000000e+02 8.880197509018349592e+03 8.985183045062288265e-01 3.088785802932153546e-02 3.931802582486937325e+01 2.035877762671144467e-02
2.570000000000000000e+02 8.916624042401932456e+03 8.980609740955745046e-01 3.137738081505025284e-02 3.931603233477363091e+01 2.033106205725218260e-02
2.580000000000000000e+02 8.952448221534910772e+03 8.976036436849204048e-01 3.119460104386318280e-02 3.931403789378474301e+01 2.030333326748893358e-02
2.590000000000000000e+02 8.988471477307692112e+03 8.971463132742660829e-01 3.170535739441868173e-02 3.931204250099512620e+01 2.027559124480352720e-02
2.600000000000000000e+02 9.023902771667864727e+03 8.966889828636119830e-01 3.127080200618524708e-02 3.931004615549588976e+01 2.024783597655972073e-02
2.610000000000000000e+02 9.059815132348052430e+03 8.962316524529576611e-01 3.113533998598009070e-02 3.930804885637685686e+01 2.022006745010316783e-02
2.620000000000000000e+02 9.095871044034167426e+03 8.957743220423033392e-01 3.119608245748053607e-02 3.930605060272653617e+01 2.019228565276137699e-02
2.630000000000000000e+02 9.131844967728551637e+03 8.953169916316492394e-01 3.086837484246613902e-02 3.930405139363212186e+01 2.016449057184367330e-02
2.640000000000000000e+02 9.168197514390059951e+03 8.948596612209949175e-01 2.920064528677376869e-02 3.930205122817951491e+01 2.013668219464118114e-02
2.650000000000000000e+02 9.206617217651973988e+03 8.944023308103408176e-01 2.989265175264803343e-02 3.930005010545328759e+01 2.010886050842676520e-02
2.660000000000000000e+02 9.244136000735963535e+03 8.939450003996864957e-01 3.181189644527492033e-02 3.929804802453670476e+01 2.008102550045501658e-02
2.670000000000000000e+02 9.279385576695593045e+03 8.934876699890322849e-01 3.289544957669673919e-02 3.929604498451171679e+01 2.005317715796220077e-02
2.680000000000000000e+02 9.313454644707213447e+03 8.930303395783780740e-01 3.106279371833642333e-02 3.929404098445894533e+01 2.002531546816624028e-02
2.690000000000000000e+02 9.349518363391758612e+03 8.925730091677237521e-01 3.146318186779699377e-02 3.929203602345770463e+01 1.999744041826666263e-02
2.700000000000000000e+02 9.385106012777005162e+03 8.921156787570696522e-01 3.183971966434782225e-02 3.929003010058595891e+01 1.996955199544458645e-02
2.710000000000000000e+02 9.420256659819586275e+03 8.916583483464153304e-01 3.205694794022886929e-02 3.928802321492037208e+01 1.994165018686264168e-02
2.720000000000000000e+02 9.455157735256963861e+03 8.912010179357611195e-01 3.282699448352095761e-02 3.928601536553626516e+01 1.991373497966499734e-02
2.730000000000000000e+02 9.489227820826143216e+03 8.907436875251069086e-01 3.360891023739238925e-02 3.928400655150761622e+01 1.988580636097727131e-02
2.740000000000000000e+02 9.522494843542683157e+03 8.902863571144525867e-01 3.227109125436432302e-02 3.928199677190708172e+01 1.985786431790653381e-02
2.750000000000000000e+02 9.557178358647273853e+03 8.898290267037984869e-01 3.022127969086452204e-02 3.927998602580598941e+01 1.982990883754123801e-02
2.760000000000000000e+02 9.594158314519900159e+03 8.893716962931441650e-01 3.120028720223866001e-02 3.927797431227429570e+01 1.980193990695121309e-02
2.770000000000000000e+02 9.630009655987556471e+03 8.889143658824900651e-01 3.244796018457717784e-02 3.927596163038064248e+01 1.977395751318761219e-02
2.780000000000000000e+02 9.664516573265642364e+03 8.884570354718357432e-01 3.206702845587140749e-02 3.927394797919232161e+01 1.974596164328287426e-02
2.790000000000000000e+02 9.699467775679835540e+03 8.879997050611814213e-01 3.164558011692354678e-02 3.927193335777526073e+01 1.971795228425069976e-02
2.800000000000000000e+02 9.734922165305879389e+03 8.875423746505273215e-01 3.326240720696489045e-02 3.926991776519404453e+01 1.968992942308601252e-02
2.810000000000000000e+02 9.768680648704106716e+03 8.870850442398729996e-01 3.331402447422231877e-02 3.926790120051191479e+01 1.966189304676491112e-02
2.820000000000000000e+02 9.802410990401416711e+03 8.866277138292188997e-01 3.363617855960601699e-02 3.926588366279075615e+01 1.963384314224465160e-02
2.830000000000000000e+02 9.835854294739650868e+03 8.861703834185645778e-01 3.428192644375260140e-02 3.926386515109106767e+01 1.960577969646358151e-02
2.840000000000000000e+02 9.868696133678067781e+03 8.857130530079103670e-01 3.045296512950827761e-02 3.926184566447201973e+01 1.957770269634114338e-02
2.850000000000000000e+02 9.905729456751661928e+03 8.852557225972561561e-01 3.036812136337898108e-02 3.925982520199141135e+01 1.954961212877780533e-02
2.860000000000000000e+02 9.942869811430880873e+03 8.847983921866018342e-01 3.149689117976684632e-02 3.925780376270565597e+01 1.952150798065504372e-02
2.870000000000000000e+02 9.978713836159002312e+03 8.843410617759477343e-01 3.217119397862618774e-02 3.925578134566981703e+01 1.949339023883529115e-02
2.880000000000000000e+02 1.001383314655680442e+04 8.838837313652934125e-01 3.105737581235235717e-02 3.925375794993758660e+01 1.946525889016191557e-02
2.890000000000000000e+02 1.005024279038327404e+04 8.834264009546392016e-01 3.142774775567549334e-02 3.925173357456127121e+01 1.943711392145916830e-02
2.900000000000000000e+02 1.008625237394807300e+04 8.829690705439849907e-01 3.222322333775910763e-02 3.924970821859180603e+01 1.940895531953215625e-02
2.910000000000000000e+02 1.012140580885528652e+04 8.825117401333306688e-01 3.258576418953912368e-02 3.924768188107874778e+01 1.938078307116680721e-02
2.920000000000000000e+02 1.015619523049259806e+04 8.820544097226765690e-01 3.169149565368381549e-02 3.924565456107026762e+01 1.935259716312982131e-02
2.930000000000000000e+02 1.019199374193199947e+04 8.815970793120222471e-01 3.338485090247721859e-02 3.924362625761315115e+01 1.932439758216863979e-02
2.940000000000000000e+02 1.022601173743521940e+04 8.811397489013681472e-01 3.295449215903363538e-02 3.924159696975279843e+01 1.929618431501142414e-02
2.950000000000000000e+02 1.026050125415395632e+04 8.806824184907138253e-01 3.193083688966746186e-02 3.923956669653321683e+01 1.926795734836696944e-02
2.960000000000000000e+02 1.029611705230042207e+04 8.802247752312859497e-01 3.173667201788119008e-02 3.923753543699702817e+01 1.923971666892473550e-02
2.970000000000000000e+02 1.033197724593462772e+04 8.797667744669742662e-01 3.089207698911563757e-02 3.923539677393447533e+01 1.920889940136827345e-02
2.980000000000000000e+02 1.036884309120906255e+04 8.793087290465521066e-01 3.155411866657772263e-02 3.923324187731306978e+01 1.917770123556744588e-02
2.990000000000000000e+02 1.040496494929867004e+04 8.788506836261299471e-01 3.144887667226743677e-02 3.923108593230445962e+01 1.914648789142468083e-02
3.000000000000000000e+02 1.044122923018311121e+04 8.783926382057078985e-01 3.040124364629310030e-02 3.922892893788803548e+01 1.911525935416384658e-02
3.010000000000000000e+02 1.047875890025039007e+04 8.779345927852857390e-01 3.000588136400315908e-02 3.922677089304171005e+01 1.908401560898721414e-02
3.020000000000000000e+02 1.051680463910599065e+04 8.774765473648635794e-01 3.010240072842905457e-02 3.922461179674188969e+01 1.905275664107541900e-02
3.030000000000000000e+02 1.055475825319499199e+04 8.770185019444414198e-01 3.277287270662039564e-02 3.922245164796348149e+01 1.902148243558745080e-02
3.040000000000000000e+02 1.058969041110066064e+04 8.765604565240192603e-01 3.458554087383519660e-02 3.922029044567990042e+01 1.899019297766056311e-02
3.050000000000000000e+02 1.062275635451813105e+04 8.761024111035971007e-01 3.434191237405419261e-02 3.921812818886304797e+01 1.895888825241025602e-02
3.060000000000000000e+02 1.065609701249893078e+04 8.756443656831749411e-01 3.086593147324236813e-02 3.921596487648334062e+01 1.892756824493023807e-02
3.070000000000000000e+02 1.069322794376761340e+04 8.751863202627528926e-01 2.999453207879719183e-02 3.921380050750966717e+01 1.889623294029236719e-02
3.080000000000000000e+02 1.073141864804867510e+04 8.747282748423307330e-01 3.040749443505048888e-02 3.921163508090940297e+01 1.886488232354662301e-02
3.090000000000000000e+02 1.076911592024384299e+04 8.742702294219085735e-01 3.088315409616224083e-02 3.920946859564842413e+01 1.883351637972105821e-02
3.100000000000000000e+02 1.080624743864952325e+04 8.738121840014864139e-01 3.036485289962623235e-02 3.920730105069108617e+01 1.880213509382175005e-02
3.110000000000000000e+02 1.084404374277873285e+04 8.733541385810643654e-01 2.894369189372682574e-02 3.920513244500020988e+01 1.877073845083277945e-02
3.120000000000000000e+02 1.088371016994718593e+04 8.728960931606422058e-01 2.960476250278794644e-02 3.920296277753711678e+01 1.873932643571615125e-02
3.130000000000000000e+02 1.092250937273617274e+04 8.724380477402200462e-01 3.038990305068780054e-02 3.920079204726157229e+01 1.870789903341178381e-02
3.140000000000000000e+02 1.096032416491598815e+04 8.719800023197978867e-01 2.941243227411287006e-02 3.919862025313182841e+01 1.867645622883744652e-02
3.150000000000000000e+02 1.099944200305514823e+04 8.715219568993757271e-01 2.906618278829442917e-02 3.919644739410461654e+01 1.864499800688872513e-02
3.160000000000000000e+02 1.103903074757332615e+04 8.710639114789535675e-01 2.933668015122500861e-02 3.919427346913511201e+01 1.861352435243898013e-02
3.170000000000000000e+02 1.107827464170432540e+04 8.706058660585314080e-01 2.810021562928861211e-02 3.919209847717696960e+01 1.858203525033928771e-02
3.180000000000000000e+02 1.111926297123351287e+04 8.701478206381093594e-01 2.999200733111640274e-02 3.918992241718227376e+01 1.855053068541841557e-02
3.190000000000000000e+02 1.115766688227165287e+04 8.696897752176871998e-01 2.930757367810483960e-02 3.918774528810160263e+01 1.851901064248278120e-02
3.200000000000000000e+02 1.119697086204240441e+04 8.692317297972650403e-01 2.831655564808939832e-02 3.918556708888395690e+01 1.848747510631637558e-02
3.210000000000000000e+02 1.123766218643437969e+04 8.687736843768428807e-01 2.719092725819529863e-02 3.918338781847680252e+01 1.845592406168075975e-02
3.220000000000000000e+02 1.128005185952608736e+04 8.683156389564208322e-01 2.852560028622595431e-02 3.918120747582604935e+01 1.842435749331498840e-02
3.230000000000000000e+02 1.132052099968837501e+04 8.678575935359986726e-01 3.035194761997727156e-02 3.917902605987604403e+01 1.839277538593558220e-02
3.240000000000000000e+02 1.135851863713195053e+04 8.673995481155765130e-01 2.883723141947755128e-02 3.917684356956958425e+01 1.836117772423648958e-02
3.250000000000000000e+02 1.139851309403311097e+04 8.669415026951543535e-01 2.849584209941968121e-02 3.917466000384789027e+01 1.832956449288902084e-02
3.260000000000000000e+02 1.143900751481986117e+04 8.664834572747321939e-01 3.070968157665601370e-02 3.917247536165062627e+01 1.829793567654181344e-02
3.270000000000000000e+02 1.147659924589441653e+04 8.660254118543100343e-01 2.932674664057022609e-02 3.917028964191588614e+01 1.826629125982081811e-02
3.280000000000000000e+02 1.151598950637091002e+04 8.655673664338878748e-01 2.781831538985341315e-02 3.916810284358019345e+01 1.823463122732918787e-02
3.290000000000000000e+02 1.155748774377324480e+04 8.651093210134658262e-01 2.903585867138224266e-02 3.916591496557849439e+01 1.820295556364729186e-02
3.300000000000000000e+02 1.159730811579017791e+04 8.646512755930436667e-01 3.103254316944169602e-02 3.916372600684415772e+01 1.817126425333264600e-02
3.310000000000000000e+02 1.163452536427363339e+04 8.641932301726215071e-01 3.121317982677724798e-02 3.916153596630896772e+01 1.813955728091986436e-02
3.320000000000000000e+02 1.167154182569021941e+04 8.637351847521993475e-01 2.848692508220050656e-02 3.915934484290312412e+01 1.810783463092062451e-02
3.330000000000000000e+02 1.171211861304089325e+04 8.632771393317772990e-01 2.797372266169042762e-02 3.915715263555524928e+01 1.807609628782361894e-02
3.340000000000000000e+02 1.175342525794547146e+04 8.628190939113551394e-01 2.935857789722457270e-02 3.915495934319235971e+01 1.804434223609450300e-02
3.350000000000000000e+02 1.179280012997585982e+04 8.623610484909329799e-01 3.011680584269359542e-02 3.915276496473989454e+01 1.801257246017587410e-02
3.360000000000000000e+02 1.183117983438839110e+04 8.619028314872694274e-01 2.981072586433804530e-02 3.915056949912167283e+01 1.798078694448718151e-02
3.370000000000000000e+02 1.186996720143599305e+04 8.614432700614480520e-01 2.955990808166494496e-02 3.914835580846332164e+01 1.795139901769546298e-02
3.380000000000000000e+02 1.190911037733602097e+04 8.609825357967102466e-01 2.893827088262876032e-02 3.914602385419289732e+01 1.793849676448140348e-02
3.390000000000000000e+02 1.194918617018463556e+04 8.605218015319725522e-01 2.656323136394214343e-02 3.914369074287751005e+01 1.792558810956077983e-02
3.400000000000000000e+02 1.199285420652991161e+04 8.600610672672347468e-01 2.663724392326246096e-02 3.914135647336842538e+01 1.791267304657778031e-02
3.410000000000000000e+02 1.203644422925748586e+04 8.596003330024969413e-01 2.623726042238620770e-02 3.913902104451517516e+01 1.789975156916710081e-02
3.420000000000000000e+02 1.208076452690466613e+04 8.591395987377592469e-01 2.596940561655403795e-02 3.913668445516557881e+01 1.788682367095397602e-02
3.430000000000000000e+02 1.212561473457572174e+04 8.586788644730214415e-01 2.676752477248324144e-02 3.913434670416573624e+01 1.787388934555411354e-02
3.440000000000000000e+02 1.216916304438037878e+04 8.582181302082836361e-01 2.544229711769533525e-02 3.913200779036004207e+01 1.786094858657370776e-02
3.450000000000000000e+02 1.221502171673495104e+04 8.577573959435458306e-01 2.402291927742867400e-02 3.912966771259114296e+01 1.784800138760939126e-02
3.460000000000000000e+02 1.226367307447475287e+04 8.572966616788080252e-01 2.374251797666414310e-02 3.912732646969996608e+01 1.783504774224824868e-02
3.470000000000000000e+02 1.231293099032606187e+04 8.568359274140703308e-01 2.535235971017694295e-02 3.912498406052571198e+01 1.782208764406777168e-02
3.480000000000000000e+02 1.235911962542836409e+04 8.563751931493325253e-01 2.465668780209653160e-02 3.912264048390584037e+01 1.780912108663584847e-02
3.490000000000000000e+02 1.240668516691242621e+04 8.559144588845947199e-01 2.252636520536807976e-02 3.912029573867607013e+01 1.779614806351075343e-02
3.500000000000000000e+02 1.245879285303696633e+04 8.554537246198570255e-01 2.227994564799207211e-02 3.911794982367038642e+01 1.778316856824110892e-02
3.510000000000000000e+02 1.251151767649504654e+04 8.549929903551192201e-01 2.272561292921707055e-02 3.911560273772100516e+01 1.777018259436588532e-02
3.520000000000000000e+02 1.256327350776205276e+04 8.545322560903814146e-01 2.193850924622130563e-02 3.911325447965842983e+01 1.775719013541436631e-02
3.530000000000000000e+02 1.261698380448617172e+04 8.540715218256436092e-01 1.972765527397324012e-02 3.911090504831137338e+01 1.774419118490614886e-02
3.540000000000000000e+02 1.267676588511760019e+04 8.536107875609058038e-01 1.928928888897130794e-02 3.910855444250681501e+01 1.773118573635109121e-02
3.550000000000000000e+02 1.273794350946477061e+04 8.531500532961681094e-01 1.986695438895512075e-02 3.910620266106997178e+01 1.771817378324933370e-02
3.560000000000000000e+02 1.279741636981771808e+04 8.526893190314303039e-01 1.983357426901388026e-02 3.910384970282429151e+01 1.770515531909124321e-02
3.570000000000000000e+02 1.285707541476035658e+04 8.522285847666926095e-01 1.887020503589618287e-02 3.910149556659145276e+01 1.769213033735742360e-02
3.580000000000000000e+02 1.291976610284099661e+04 8.517678505019548041e-01 1.973173298424902439e-02 3.909914025119137904e+01 1.767909883151867756e-02
3.590000000000000000e+02 1.297968265981243530e+04 8.513071162372169987e-01 1.917625203021073449e-02 3.909678375544219620e+01 1.766606079503598228e-02
3.600000000000000000e+02 1.304131772348007689e+04 8.508463819724791932e-01 1.860498816162008476e-02 3.909442607816026083e+01 1.765301622136049645e-02
3.610000000000000000e+02 1.310479833887300265e+04 8.503856477077413878e-01 1.904441130301234159e-02 3.909206721816016739e+01 1.763996510393350120e-02
3.620000000000000000e+02 1.316677554648671321e+04 8.499249134430036934e-01 1.814798250640079283e-02 3.908970717425469843e+01 1.762690743618642794e-02
3.630000000000000000e+02 1.323179788222515344e+04 8.494641791782658879e-01 1.851838926787230041e-02 3.908734594525486727e+01 1.761384321154078891e-02
3.640000000000000000e+02 1.329549813545139295e+04 8.490034449135280825e-01 1.912765428728988026e-02 3.908498352996987535e+01 1.760077242340819803e-02
3.650000000000000000e+02 1.335711551201489237e+04 8.485427106487903881e-01 1.903325282073979954e-02 3.908261992720715483e+01 1.758769506519032230e-02
3.660000000000000000e+02 1.341900479726250160e+04 8.480819763840525827e-01 1.863109654116008526e-02 3.908025513577231180e+01 1.757461113027888183e-02
3.670000000000000000e+02 1.348222422469563026e+04 8.476212421193147772e-01 1.721411293517641217e-02 3.907788915446916889e+01 1.756152061205562206e-02
3.680000000000000000e+02 1.355058410070085301e+04 8.471605078545769718e-01 1.765255648236844013e-02 3.907552198209973682e+01 1.754842350389228603e-02
3.690000000000000000e+02 1.361721118421802748e+04 8.466997735898391664e-01 1.888166356325031089e-02 3.907315361746420734e+01 1.753531979915061087e-02
3.700000000000000000e+02 1.367950445851138102e+04 8.462390393251014720e-01 1.875192998603064654e-02 3.907078405936097454e+01 1.752220949118228621e-02
3.710000000000000000e+02 1.374219033826576015e+04 8.457783050603636665e-01 1.749760765783286293e-02 3.906841330658659928e+01 1.750909257332896110e-02
3.720000000000000000e+02 1.380929827584030681e+04 8.453175707956259721e-01 1.756503188144068958e-02 3.906604135793582344e+01 1.749596903892218849e-02
3.730000000000000000e+02 1.387611064558188627e+04 8.448568365308881667e-01 1.806262511931296458e-02 3.906366821220158414e+01 1.748283888128345301e-02
3.740000000000000000e+02 1.394103993749193978e+04 8.443961022661503613e-01 1.903916590726992611e-02 3.906129386817496396e+01 1.746970209372408767e-02
3.750000000000000000e+02 1.400262073846231397e+04 8.439353680014125558e-01 1.919418197965429979e-02 3.905891832464521940e+01 1.745655866954532245e-02
3.760000000000000000e+02 1.406366519812668776e+04 8.434745060830259877e-01 1.897100036850489502e-02 3.905654158039978796e+01 1.744340860203820801e-02
3.770000000000000000e+02 1.412541901849358510e+04 8.430129615845010083e-01 2.088861402755465627e-02 3.905417670401422470e+01 1.743698461120061008e-02
3.780000000000000000e+02 1.418161239843573458e+04 8.425508621594866021e-01 2.132773458014808679e-02 3.905186746149301769e+01 1.745983278605887923e-02
3.790000000000000000e+02 1.423668110772228829e+04 8.420887627344724180e-01 2.009790840825739777e-02 3.904955704999531463e+01 1.748269252703860827e-02
3.800000000000000000e+02 1.429517316735589520e+04 8.416266633094580119e-01 2.090417063917846333e-02 3.904724546833699605e+01 1.750556384585564076e-02
3.810000000000000000e+02 1.435151908192926930e+04 8.411645638844437167e-01 2.194115643308005431e-02 3.904493271533216614e+01 1.752844675424364632e-02
3.820000000000000000e+02 1.440525668328271240e+04 8.407024644594294216e-01 2.213539891254859629e-02 3.904261878979309586e+01 1.755134126395412747e-02
3.830000000000000000e+02 1.445866945420282173e+04 8.402403650344150154e-01 2.504243569867318012e-02 3.904030369053027982e+01 1.757424738675647177e-02
3.840000000000000000e+02 1.450590514493493356e+04 8.397782656094008313e-01 2.374278728589266155e-02 3.903798741635237235e+01 1.759716513443800381e-02
3.850000000000000000e+02 1.455579412649064216e+04 8.393161661843864252e-01 2.241089532497131734e-02 3.903566996606623718e+01 1.762009451880398175e-02
3.860000000000000000e+02 1.460881363629497355e+04 8.388540667593721301e-01 2.114687543243480225e-02 3.903335133847690486e+01 1.764303555167766324e-02
3.870000000000000000e+02 1.466501684776928596e+04 8.383919673343578349e-01 2.125136476201371430e-02 3.903103153238758694e+01 1.766598824490033665e-02
3.880000000000000000e+02 1.472104918749538410e+04 8.379298679093434288e-01 2.051301510568950826e-02 3.902871054659966887e+01 1.768895261033135227e-02
3.890000000000000000e+02 1.477913774506013397e+04 8.374677684843292447e-01 1.976476800023718033e-02 3.902638837991271714e+01 1.771192865984815706e-02
3.900000000000000000e+02 1.483955496628601759e+04 8.370056690593148385e-01 1.878461456158851337e-02 3.902406503112445080e+01 1.773491640534635358e-02
3.910000000000000000e+02 1.490318923838575211e+04 8.365435696343004324e-01 1.935609580585998662e-02 3.902174049903075570e+01 1.775791585873970346e-02
3.920000000000000000e+02 1.496503005649120314e+04 8.360814702092862483e-01 2.024347895875745068e-02 3.901941478242567740e+01 1.778092703196018642e-02
3.930000000000000000e+02 1.502426605141655455e+04 8.356193707842718421e-01 2.039854725832482285e-02 3.901708788010142115e+01 1.780394993695803493e-02
3.940000000000000000e+02 1.508312289650031744e+04 8.351572713592575470e-01 1.995921120756873404e-02 3.901475979084833767e+01 1.782698458570176545e-02
3.950000000000000000e+02 1.514339031629416786e+04 8.346951719342432519e-01 1.975788225478617918e-02 3.901243051345493740e+01 1.785003099017821310e-02
3.960000000000000000e+02 1.520441355899200062e+04 8.342330725092288457e-01 2.014525929446725136e-02 3.901010004670785491e+01 1.787308916239259068e-02
3.970000000000000000e+02 1.526439878129981844e+04 8.337709730842146616e-01 1.929444479810095772e-02 3.900776838939187741e+01 1.789615911436849907e-02
3.980000000000000000e+02 1.532694479507190226e+04 8.333088736592002554e-01 1.975165837399562446e-02 3.900543554028993753e+01 1.791924085814797576e-02
3.990000000000000000e+02 1.538804529063198424e+04 8.328467742341859603e-01 1.928795320962626778e-02 3.900310149818307792e+01 1.794233440579152961e-02
4.000000000000000000e+02 1.545065669817176786e+04 8.323846748091716652e-01 1.822688692670308350e-02 3.900076626185050088e+01 1.796543976937819281e-02
4.010000000000000000e+02 1.551694429507329005e+04 8.319225753841572590e-01 1.792426840431500870e-02 3.899842983006949737e+01 1.798855696100554527e-02
4.020000000000000000e+02 1.558435539951573992e+04 8.314604759591430749e-01 1.808213727847474139e-02 3.899609220161550382e+01 1.801168599278974575e-02
4.030000000000000000e+02 1.565120573613224042e+04 8.309983765341286688e-01 1.888629053894562426e-02 3.899375337526208085e+01 1.803482687686559435e-02
4.040000000000000000e+02 1.571524999948388722e+04 8.305362771091142626e-01 1.874240377575091612e-02 3.899141334978087770e+01 1.805797962538654294e-02
4.050000000000000000e+02 1.577980286354303280e+04 8.300741776841000785e-01 1.846965178757583106e-02 3.898907212394166777e+01 1.808114425052474716e-02
4.060000000000000000e+02 1.584533106781416427e+04 8.296120782590856724e-01 1.884388026415806730e-02 3.898672969651232734e+01 1.810432076447111155e-02
4.070000000000000000e+02 1.590960093293332102e+04 8.291499788340713772e-01 1.920161422930062936e-02 3.898438606625884972e+01 1.812750917943532075e-02
4.080000000000000000e+02 1.597267792043390909e+04 8.286878794090570821e-01 1.899653701876290179e-02 3.898204123194529558e+01 1.815070950764587424e-02
4.090000000000000000e+02 1.603646521535146348e+04 8.282257799840426760e-01 1.844039318883818751e-02 3.897969519233384261e+01 1.817392176135012444e-02
4.100000000000000000e+02 1.610220098891467387e+04 8.277636805590284919e-01 1.832381405772899249e-02 3.897734794618475718e+01 1.819714595281432534e-02
4.110000000000000000e+02 1.616837823652108455e+04 8.273015811340140857e-01 1.800442563070076690e-02 3.897499949225638005e+01 1.822038209432366024e-02
4.120000000000000000e+02 1.623575600263677188e+04 8.268394817089997906e-01 1.735569119798595350e-02 3.897264982930514776e+01 1.824363019818230069e-02
4.130000000000000000e+02 1.630569170475863029e+04 8.263773822839854954e-01 1.765925746450028658e-02 3.897029895608556416e+01 1.826689027671341350e-02
4.140000000000000000e+02 1.637446052746947862e+04 8.259152828589710893e-01 1.794722379663046125e-02 3.896794687135021462e+01 1.829016234225922660e-02
4.150000000000000000e+02 1.644213794195816808e+04 8.254532369590364960e-01 1.709464418630472771e-02 3.896559357384975897e+01 1.831344640718106029e-02
4.160000000000000000e+02 1.651321888064074665e+04 8.249926266732712232e-01 1.724604118669287312e-02 3.896324374553965697e+01 1.833673652089784847e-02
4.170000000000000000e+02 1.658369180964330008e+04 8.245333984765956803e-01 1.684356781638518888e-02 3.896101366224485218e+01 1.835988464431837983e-02
4.180000000000000000e+02 1.665587841235941596e+04 8.240741702799201374e-01 1.619935995161365244e-02 3.895878242730904617e+01 1.838304472169961790e-02
4.190000000000000000e+02 1.673098451651151481e+04 8.236149420832444834e-01 1.565286053773952760e-02 3.895655003954217932e+01 1.840621676539427182e-02
4.200000000000000000e+02 1.680871528853223208e+04 8.231557138865688295e-01 1.594293345479501703e-02 3.895431649775235172e+01 1.842940078777421595e-02
4.210000000000000000e+02 1.688505959289655584e+04 8.226964856898932865e-01 1.512298079964204296e-02 3.895208180074580895e+01 1.845259680123050722e-02
4.220000000000000000e+02 1.696558931538489196e+04 8.222372574932177436e-01 1.479696882501656957e-02 3.894984594732694916e+01 1.847580481817344064e-02
4.230000000000000000e+02 1.704790525060382424e+04 8.217780292965420896e-01 1.429458416606734471e-02 3.894760893629830889e+01 1.849902485103259095e-02
4.240000000000000000e+02 1.713315387735902186e+04 8.213188010998664357e-01 1.463453102753302371e-02 3.894537076646057017e+01 1.852225691225685769e-02
4.250000000000000000e+02 1.721646125365328044e+04 8.208595729031908927e-01 1.492478897995363173e-02 3.894313143661253918e+01 1.854550101431448605e-02
4.260000000000000000e+02 1.729816075100359376e+04 8.204003447065153498e-01 1.457036658901601431e-02 3.894089094555116759e+01 1.856875716969311196e-02
4.270000000000000000e+02 1.738187284488600926e+04 8.199411165098398069e-01 1.407143176578922600e-02 3.893864929207152414e+01 1.859202539089981759e-02
4.280000000000000000e+02 1.746860660793593706e+04 8.194818883131641529e-01 1.391358587464509335e-02 3.893640647496680174e+01 1.861530569046116954e-02
4.290000000000000000e+02 1.755632888409146835e+04 8.190226601164884990e-01 1.362335805686607296e-02 3.893416249302831744e+01 1.863859808092323614e-02
4.300000000000000000e+02 1.764598142678383738e+04 8.185634319198129560e-01 1.298345865589523723e-02 3.893191734504549828e+01 1.866190257485165344e-02
4.310000000000000000e+02 1.774006109857562478e+04 8.181042037231374131e-01 1.305212693480810489e-02 3.892967102980588834e+01 1.868521918483164249e-02
4.320000000000000000e+02 1.783372291521419174e+04 8.176449755264617592e-01 1.369334959186246405e-02 3.892742354609514166e+01 1.870854792346808571e-02
4.330000000000000000e+02 1.792301860206062338e+04 8.171857473297862162e-01 1.332032703987630698e-02 3.892517489269701514e+01 1.873188880338553380e-02
4.340000000000000000e+02 1.801480703902762616e+04 8.167265191331105623e-01 1.315609375368162123e-02 3.892292506839335431e+01 1.875524183722824742e-02
4.350000000000000000e+02 1.810779897173016434e+04 8.162672909364350193e-01 1.282250043078355002e-02 3.892067407196411466e+01 1.877860703766028039e-02
4.360000000000000000e+02 1.820322867881559432e+04 8.158080627397594764e-01 1.321998149833445747e-02 3.891842190218734032e+01 1.880198441736545892e-02
4.370000000000000000e+02 1.829586339310736003e+04 8.153488345430838224e-01 1.333936918728453359e-02 3.891616855783915696e+01 1.882537398904747181e-02
4.380000000000000000e+02 1.838772918178343025e+04 8.148896063464081685e-01 1.307981438032440429e-02 3.891391403769378599e+01 1.884877576542988084e-02
4.390000000000000000e+02 1.848147922538978310e+04 8.144303781497326256e-01 1.304498651520390184e-02 3.891165834052351613e+01 1.887218975925619366e-02
4.400000000000000000e+02 1.857554569143308254e+04 8.139711499530570826e-01 1.278708109042611500e-02 3.890940146509872477e+01 1.889561598328987763e-02
4.410000000000000000e+02 1.867160231042961823e+04 8.135119217563815397e-01 1.353691017186341508e-02 3.890714341018784950e+01 1.891905445031440841e-02
4.420000000000000000e+02 1.876241015455004163e+04 8.130526935597058857e-01 1.326440740369533300e-02 3.890488417455740944e+01 1.894250517313331161e-02
4.430000000000000000e+02 1.885514157477310073e+04 8.125934653630302318e-01 1.309952261628150212e-02 3.890262375697196973e+01 1.896596816457022522e-02
4.440000000000000000e+02 1.894908381333745638e+04 8.121342371663546889e-01 1.329129423414550197e-02 3.890036215619417703e+01 1.898944343746891000e-02
4.450000000000000000e+02 1.904173557314142090e+04 8.116750089696791459e-01 1.323293815742886993e-02 3.889809937098471693e+01 1.901293100469330505e-02
4.460000000000000000e+02 1.913486616119059181e+04 8.112157807730034920e-01 1.329489226783288867e-02 3.889583540010233520e+01 1.903643087912758325e-02
4.470000000000000000e+02 1.922763851209619679e+04 8.107565525763278380e-01 1.302663816243841872e-02 3.889357024230382365e+01 1.905994307367617213e-02
4.480000000000000000e+02 1.932241200597004718e+04 8.102973243796522951e-01 1.336002806720877796e-02 3.889130389634401297e+01 1.908346760126380590e-02
4.490000000000000000e+02 1.941487546965936053e+04 8.098380961829767521e-01 1.378536709415768141e-02 3.888903636097577987e+01 1.910700447483556358e-02
4.500000000000000000e+02 1.950460651841074650e+04 8.093788679863012092e-01 1.401042151253452210e-02 3.888676763495003286e+01 1.913055370735693497e-02
4.510000000000000000e+02 1.959293689253410412e+04 8.089196397896255553e-01 1.331519112528187047e-02 3.888449771701571223e+01 1.915411531181382410e-02
4.520000000000000000e+02 1.968588356028653652e+04 8.084604115929499013e-01 1.318049488368334445e-02 3.888222660591979007e+01 1.917768930121262552e-02
4.530000000000000000e+02 1.977984386568849004e+04 8.080011833962743584e-01 1.291772838164960066e-02 3.887995430040725608e+01 1.920127568858024172e-02
4.540000000000000000e+02 1.987577926087762171e+04 8.075412230309673145e-01 1.292114209932301513e-02 3.887768079922111752e+01 1.922487448696415593e-02
4.550000000000000000e+02 1.997174327467504918e+04 8.070801579519792934e-01 1.360593978577324080e-02 3.887547942556284397e+01 1.924405437302517327e-02
4.560000000000000000e+02 2.006299010139531674e+04 8.066187203279420181e-01 1.409144771816796433e-02 3.887331421141533383e+01 1.926098899733894032e-02
4.570000000000000000e+02 2.015106989147492641e+04 8.061572827039045208e-01 1.307100096971415722e-02 3.887114785614370049e+01 1.927793254663979008e-02
4.580000000000000000e+02 2.024608868629643985e+04 8.056958450798672455e-01 1.334562019660331424e-02 3.886898035854451194e+01 1.929488503034008581e-02
4.590000000000000000e+02 2.033917116972385702e+04 8.052344074558297482e-01 1.381225575438266469e-02 3.886681171741241059e+01 1.931184645786708509e-02
4.600000000000000000e+02 2.042910619147363832e+04 8.047729698317924729e-01 1.364790007783897412e-02 3.886464193154016300e+01 1.932881683866297454e-02
4.610000000000000000e+02 2.052016030471535487e+04 8.043115322077549756e-01 1.345996454813664679e-02 3.886247099971858887e+01 1.934579618218490449e-02
4.620000000000000000e+02 2.061251556895033718e+04 8.038500945837177003e-01 1.312826422536851265e-02 3.886029892073661784e+01 1.936278449790500983e-02
4.630000000000000000e+02 2.070723698947280354e+04 8.033886569596804250e-01 1.361599796809598306e-02 3.885812569338123978e+01 1.937978179531045508e-02
4.640000000000000000e+02 2.079866263476815948e+04 8.029272193356429277e-01 1.391325117875482319e-02 3.885595131643753319e+01 1.939678808390345871e-02
4.650000000000000000e+02 2.088811627123274593e+04 8.024657817116056524e-01 1.342837828078640577e-02 3.885377578868863679e+01 1.941380337320133126e-02
4.660000000000000000e+02 2.098081598145389216e+04 8.020043440875681551e-01 1.369162834235628477e-02 3.885159910891576374e+01 1.943082767273649619e-02
4.670000000000000000e+02 2.107177663570581353e+04 8.015429064635308798e-01 1.371727639588902863e-02 3.884942127589818739e+01 1.944786099205652458e-02
4.680000000000000000e+02 2.116258591489169703e+04 8.010814688394933825e-01 1.346075576871432963e-02 3.884724228841323423e+01 1.946490334072418713e-02
4.690000000000000000e+02 2.125516105690339100e+04 8.006200312154561072e-01 1.340674051959865262e-02 3.884506214523629808e+01 1.948195472831745073e-02
4.700000000000000000e+02 2.134814557890449578e+04 8.001585935914188319e-01 1.393989906269722454e-02 3.884288084514081874e+01 1.949901516442954091e-02
4.710000000000000000e+02 2.143759919915883802e+04 7.996971559673813346e-01 1.357412374100326960e-02 3.884069838689826781e+01 1.951608465866896958e-02
4.720000000000000000e+02 2.152953931306163213e+04 7.992357183433440593e-01 1.361476385353076711e-02 3.883851476927817714e+01 1.953316322065954541e-02
4.730000000000000000e+02 2.162127510521802105e+04 7.987742807193065619e-01 1.453053697693865859e-02 3.883632999104811034e+01 1.955025086004043289e-02
4.740000000000000000e+02 2.170721740760840839e+04 7.983128430952692867e-01 1.373715194001678963e-02 3.883414405097366995e+01 1.956734758646617653e-02
4.750000000000000000e+02 2.179822449931926531e+04 7.978514054712317893e-01 1.361731180483654463e-02 3.883195694781846896e+01 1.958445340960672520e-02
4.760000000000000000e+02 2.189010008888359516e+04 7.973899678471945141e-01 1.343328355196015712e-02 3.882976868034417350e+01 1.960156833914747376e-02
4.770000000000000000e+02 2.198333893667082884e+04 7.969285302231572388e-01 1.424950324307522331e-02 3.882757924731044596e+01 1.961869238478928731e-02
4.780000000000000000e+02 2.207134754970257563e+04 7.964670925991197414e-01 1.441441855422924585e-02 3.882538864747498764e+01 1.963582555624856021e-02
4.790000000000000000e+02 2.215843294849174708e+04 7.960056549750824662e-01 1.378432436283431525e-02 3.882319687959349608e+01 1.965296786325720912e-02
4.800000000000000000e+02 2.224956518488729853e+04 7.955442173510449688e-01 1.342573091654566432e-02 3.882100394241967933e+01 1.967011931556273546e-02
4.810000000000000000e+02 2.234323076702091930e+04 7.950827797270076935e-01 1.321408929194630745e-02 3.881880983470525592e+01 1.968727992292824275e-02
4.820000000000000000e+02 2.243850580642002751e+04 7.946213421029701962e-01 1.369812450252166393e-02 3.881661455519994774e+01 1.970444969513248518e-02
4.830000000000000000e+02 2.253051401728497876e+04 7.941599044789329209e-01 1.360460247437277059e-02 3.881441810265145875e+01 1.972162864196988843e-02
4.840000000000000000e+02 2.262336170358364325e+04 7.936984668548956456e-01 1.424134157033986846e-02 3.881222047580549628e+01 1.973881677325058440e-02
4.850000000000000000e+02 2.271205104916692653e+04 7.932370292308581483e-01 1.405456570409152617e-02 3.881002167340574260e+01 1.975601409880045969e-02
4.860000000000000000e+02 2.280197512354302307e+04 7.927755916068208730e-01 1.352256424448814061e-02 3.880782169419389049e+01 1.977322062846116613e-02
4.870000000000000000e+02 2.289553445807242315e+04 7.923141539827833757e-01 1.337690486637780826e-02 3.880562053690957214e+01 1.979043637209016923e-02
4.880000000000000000e+02 2.299020834946463947e+04 7.918527163587461004e-01 1.338341462348672552e-02 3.880341820029041600e+01 1.980766133956077951e-02
4.890000000000000000e+02 2.308493134779982574e+04 7.913912787347086031e-01 1.334711708405134610e-02 3.880121468307203259e+01 1.982489554076218019e-02
4.900000000000000000e+02 2.318000893308818559e+04 7.909298411106713278e-01 1.384062366190883311e-02 3.879900998398796474e+01 1.984213898559947578e-02
4.910000000000000000e+02 2.327182291786228598e+04 7.904681135968887329e-01 1.447461458579537945e-02 3.879680410176975158e+01 1.985939168399371291e-02
4.920000000000000000e+02 2.335967789451475619e+04 7.900003615361683718e-01 1.426164306425444818e-02 3.879459908881391783e+01 1.987585766611335916e-02
4.930000000000000000e+02 2.344890965736332510e+04 7.895268748182557861e-01 1.368183541640917260e-02 3.879243352825206870e+01 1.987658203235215942e-02
4.940000000000000000e+02 2.354195732024939207e+04 7.890533881003429784e-01 1.325571289675504978e-02 3.879026680368548341e+01 1.987730678794314212e-02
4.950000000000000000e+02 2.363800115175819519e+04 7.885799013824302817e-01 1.366688316634039058e-02 3.878809891386216435e+01 1.987803193330509380e-02
4.960000000000000000e+02 2.373115282106174345e+04 7.881064146645175850e-01 1.391613620494535318e-02 3.878592985752809597e+01 1.987875746885747405e-02
4.970000000000000000e+02 2.382265281710855197e+04 7.876329279466047772e-01 1.388852725679219635e-02 3.878375963342724475e+01 1.987948339502041903e-02
4.980000000000000000e+02 2.391434812252673510e+04 7.871594412286921916e-01 1.352958118890992649e-02 3.878158824030152374e+01 1.988020971221475183e-02
4.990000000000000000e+02 2.400852796099214538e+04 7.866859545107793839e-01 1.269395437246398708e-02 3.877941567689083513e+01 1.988093642086196169e-02
5.000000000000000000e+02 2.410894570611816016e+04 7.862124677928665761e-01 1.256739012831256316e-02 3.877724194193304186e+01 1.988166352138423174e-02
5.010000000000000000e+02 2.421035459281840667e+04 7.857389810749539905e-01 1.245537779410433102e-02 3.877506703416394629e+01 1.988239101420442509e-02
5.020000000000000000e+02 2.431270921940628250e+04 7.852654943570411827e-01 1.273087061892565208e-02 3.877289095231731153e+01 1.988311889974608490e-02
5.030000000000000000e+02 2.441290615482247813e+04 7.847920076391283750e-01 1.330709050847782640e-02 3.877071369512486854e+01 1.988384717843345167e-02
5.040000000000000000e+02 2.450872530799348533e+04 7.843185209212157893e-01 1.290540957812817691e-02 3.876853526131625927e+01 1.988457585069144246e-02
5.050000000000000000e+02 2.460754609683146919e+04 7.838450342033029816e-01 1.254428273130436117e-02 3.876635564961908642e+01 1.988530491694566818e-02
5.060000000000000000e+02 2.470929833583048094e+04 7.833715474853902849e-01 1.371905485848824366e-02 3.876417485875887792e+01 1.988603437762243020e-02
5.070000000000000000e+02 2.480234393380266556e+04 7.828980607674775882e-01 1.258943971694748837e-02 3.876199288745910110e+01 1.988676423314872377e-02
5.080000000000000000e+02 2.490377954192625111e+04 7.824245740495647805e-01 1.218231132357240620e-02 3.875980973444114852e+01 1.988749448395223454e-02
5.090000000000000000e+02 2.500853493519205585e+04 7.819510873316521948e-01 1.244037624775415699e-02 3.875762539842432375e+01 1.988822513046134555e-02
5.100000000000000000e+02 2.511114143233561117e+04 7.814776006137393871e-01 1.256801299267250316e-02 3.875543987812584845e+01 1.988895617310514063e-02
5.110000000000000000e+02 2.521272794304927447e+04 7.810041138958265794e-01 1.247305248327894474e-02 3.875325317226086952e+01 1.988968761231339061e-02
5.120000000000000000e+02 2.531516661127851330e+04 7.805306271779139937e-01 1.252237979970294290e-02 3.875106527954243774e+01 1.989041944851657404e-02
5.130000000000000000e+02 2.541727843427293919e+04 7.800571404600011860e-01 1.267432609900042556e-02 3.874887619868149358e+01 1.989115168214587379e-02
5.140000000000000000e+02 2.551824594370409977e+04 7.795836537420883783e-01 1.196055658960675817e-02 3.874668592838688852e+01 1.989188431363317008e-02
5.150000000000000000e+02 2.562530297946500286e+04 7.791101670241757926e-01 1.231734140235377258e-02 3.874449446736537084e+01 1.989261734341105092e-02
5.160000000000000000e+02 2.572933716018970517e+04 7.786366803062629849e-01 1.251038346748288392e-02 3.874230181432157138e+01 1.989335077191280166e-02
5.170000000000000000e+02 2.583181753984229363e+04 7.781631935883502882e-01 1.275038915476106940e-02 3.874010796795800360e+01 1.989408459957242928e-02
5.180000000000000000e+02 2.593244579610600704e+04 7.776897068704375915e-01 1.264869004552355604e-02 3.873791292697507771e+01 1.989481882682463815e-02
5.190000000000000000e+02 2.603395726123438726e+04 7.772162201525247838e-01 1.252110654880838128e-02 3.873571669007105811e+01 1.989555345410484732e-02
5.200000000000000000e+02 2.613656477485551295e+04 7.767427334346121981e-01 1.279148028320956955e-02 3.873351925594209177e+01 1.989628848184918711e-02
5.210000000000000000e+02 2.623709752916555954e+04 7.762692467166993904e-01 1.280443304056249655e-02 3.873132062328218694e+01 1.989702391049450597e-02
5.220000000000000000e+02 2.633759357880788230e+04 7.757957599987865827e-01 1.281304194298843284e-02 3.872912079078323444e+01 1.989775974047836016e-02
5.230000000000000000e+02 2.643808435903215650e+04 7.753222732808739970e-01 1.268648085676473553e-02 3.872691975713494372e+01 1.989849597223902755e-02
5.240000000000000000e+02 2.653964757536059187e+04 7.748487865629611893e-01 1.240975834325455142e-02 3.872471752102491394e+01 1.989923260621550422e-02
5.250000000000000000e+02 2.664358357447476737e+04 7.743752998450483815e-01 1.289255686474609190e-02 3.872251408113856996e+01 1.989996964284750092e-02
5.260000000000000000e+02 2.674365466217333596e+04 7.739018131271357959e-01 1.276938960267472514e-02 3.872030943615918375e+01 1.990070708257546048e-02
5.270000000000000000e+02 2.684476629108659472e+04 7.734283264092229881e-01 1.231444080635380259e-02 3.871810358476787428e+01 1.990144492584053348e-02
5.280000000000000000e+02 2.694969485534514024e+04 7.729549563344828567e-01 1.242501863334427234e-02 3.871589652564359341e+01 1.990218317308461299e-02
5.290000000000000000e+02 2.705377802335673914e+04 7.724822404988014313e-01 1.275121163636114274e-02 3.871369099007147696e+01 1.990282947599167698e-02
5.300000000000000000e+02 2.715524366573241059e+04 7.720100622590058137e-01 1.239355442804218436e-02 3.871149684336668173e+01 1.990305039095332032e-02
5.310000000000000000e+02 2.725969862124650535e+04 7.715378840192101961e-01 1.255003112760359751e-02 3.870930149336091830e+01 1.990327142706783958e-02
5.320000000000000000e+02 2.736292018507527609e+04 7.710657057794145786e-01 1.269416008138195620e-02 3.870710493873365010e+01 1.990349258446819439e-02
5.330000000000000000e+02 2.746505328150594505e+04 7.705935275396189610e-01 1.359413147157680080e-02 3.870490717816215209e+01 1.990371386328755599e-02
5.340000000000000000e+02 2.756052175021003495e+04 7.701213492998234544e-01 1.446170818340047036e-02 3.870270821032153918e+01 1.990393526365932808e-02
5.350000000000000000e+02 2.765031472962756015e+04 7.696491710600278369e-01 1.417951579274960919e-02 3.870050803388473781e+01 1.990415678571711908e-02
5.360000000000000000e+02 2.774201051669531807e+04 7.691769928202323303e-01 1.328823513707007992e-02 3.869830664752246463e+01 1.990437842959476983e-02
5.370000000000000000e+02 2.783988595907038325e+04 7.687048145804367127e-01 1.308830721961907334e-02 3.869610404990327623e+01 1.990460019542632936e-02
5.380000000000000000e+02 2.793945603125097477e+04 7.682326363406410952e-01 1.460627139123522357e-02 3.869390023969350523e+01 1.990482208334608261e-02
5.390000000000000000e+02 2.802862171380095970e+04 7.677604581008454776e-01 1.380753327630532441e-02 3.869169521555728153e+01 1.990504409348852616e-02
5.400000000000000000e+02 2.812304349905856361e+04 7.672882798610498600e-01 1.347881881738354284e-02 3.868948897615653948e+01 1.990526622598838211e-02
5.410000000000000000e+02 2.821973798427760266e+04 7.668161016212543535e-01 1.297853991016618795e-02 3.868728152015098942e+01 1.990548848098059806e-02
5.420000000000000000e+02 2.832036964236766653e+04 7.663439233814587359e-01 1.248454016556671195e-02 3.868507284619812481e+01 1.990571085860034020e-02
5.430000000000000000e+02 2.842491908833564958e+04 7.658717451416631183e-01 1.256615643810098798e-02 3.868286295295321509e+01 1.990593335898300023e-02
5.440000000000000000e+02 2.852885260985344939e+04 7.653995669018676118e-01 1.294002904682728730e-02 3.868065183906931281e+01 1.990615598226419883e-02
5.450000000000000000e+02 2.862991774174638340e+04 7.649273886620719942e-01 1.373272619161092570e-02 3.867843950319721813e+01 1.990637872857977178e-02
5.460000000000000000e+02 2.872515599577665853e+04 7.644552104222763766e-01 1.417189319751907019e-02 3.867622594398550717e+01 1.990660159806579080e-02
5.470000000000000000e+02 2.881748769570624427e+04 7.639830321824807591e-01 1.366442792462218073e-02 3.867401116008050366e+01 1.990682459085854616e-02
5.480000000000000000e+02 2.891330547566846508e+04 7.635108539426852525e-01 1.319069845557571848e-02 3.867179515012630020e+01 1.990704770709456062e-02
5.490000000000000000e+02 2.901264159782026036e+04 7.630386757028896350e-01 1.292386966060097078e-02 3.866957791276470857e+01 1.990727094691057200e-02
5.500000000000000000e+02 2.911407213578245864e+04 7.625664974630940174e-01 1.318195191989860598e-02 3.866735944663531654e+01 1.990749431044356449e-02
5.510000000000000000e+02 2.921358303284469730e+04 7.620943192232985108e-01 1.359228502231622261e-02 3.866513975037540973e+01 1.990771779783073042e-02
5.520000000000000000e+02 2.931014626141892950e+04 7.616221409835028933e-01 1.377387485011658842e-02 3.866291882262004265e+01 1.990794140920950153e-02
5.530000000000000000e+02 2.940549592338663570e+04 7.611499627437072757e-01 1.409906985179013895e-02 3.866069666200197474e+01 1.990816514471753854e-02
5.540000000000000000e+02 2.949870442498122793e+04 7.606777845039116581e-01 1.453360230490635847e-02 3.865847326715169174e+01 1.990838900449272419e-02
5.550000000000000000e+02 2.958918606812524013e+04 7.602056062641161516e-01 1.441635286049562821e-02 3.865624863669739852e+01 1.990861298867318413e-02
5.560000000000000000e+02 2.968045351148735062e+04 7.597334280243205340e-01 1.365003913307150270e-02 3.865402276926500491e+01 1.990883709739725907e-02
5.570000000000000000e+02 2.977698039116904329e+04 7.592612497845249164e-01 1.355866209992270636e-02 3.865179566347814699e+01 1.990906133080353260e-02
5.580000000000000000e+02 2.987416526575553144e+04 7.587890715447294099e-01 1.396331156392953063e-02 3.864956731795813738e+01 1.990928568903081036e-02
5.590000000000000000e+02 2.996856845287930628e+04 7.583168933049337923e-01 1.417027625801133874e-02 3.864733773132400074e+01 1.990951017221814084e-02
5.600000000000000000e+02 3.006165221787810151e+04 7.578447150651381747e-01 1.358428999177139704e-02 3.864510690219243827e+01 1.990973478050479112e-02
5.610000000000000000e+02 3.015894072384926403e+04 7.573725368253425572e-01 1.252114608703793971e-02 3.864287482917786321e+01 1.990995951403027459e-02
5.620000000000000000e+02 3.026442633664116511e+04 7.569003585855469396e-01 1.252385788773286573e-02 3.864064151089234400e+01 1.991018437293433363e-02
5.630000000000000000e+02 3.036994656583192773e+04 7.564281803457514330e-01 1.268242903441872509e-02 3.863840694594563274e+01 1.991040935735693615e-02
5.640000000000000000e+02 3.047421287305550504e+04 7.559560347021756499e-01 1.267515520535201362e-02 3.863617113294516514e+01 1.991063446743829984e-02
5.650000000000000000e+02 3.057862934294859224e+04 7.554847350571484155e-01 1.299830100601892351e-02 3.863393463192497279e+01 1.991085964679208120e-02
5.660000000000000000e+02 3.068048487126759937e+04 7.550142488144497843e-01 1.293624647970221045e-02 3.863171089412376347e+01 1.991108354109686132e-02
5.670000000000000000e+02 3.078289010770114328e+04 7.545437625717512642e-01 1.291855014445853801e-02 3.862948591223144490e+01 1.991130756066142662e-02
5.680000000000000000e+02 3.088549379503050295e+04 7.540732763290527441e-01 1.298345240652740845e-02 3.862725968485519701e+01 1.991153170562600522e-02
5.690000000000000000e+02 3.098765248267821880e+04 7.536027900863542239e-01 1.334379042725435810e-02 3.862503221059986913e+01 1.991175597613107154e-02
5.700000000000000000e+02 3.108710804550809553e+04 7.531323038436557038e-01 1.352207741966393768e-02 3.862280348806795871e+01 1.991198037231732901e-02
5.710000000000000000e+02 3.118531428670344394e+04 7.526618176009570726e-01 1.429887070751860619e-02 3.862057351585961129e+01 1.991220489432572391e-02
5.720000000000000000e+02 3.127825264256591981e+04 7.521913313582585525e-01 1.393494445631261736e-02 3.861834229257261342e+01 1.991242954229743151e-02
5.730000000000000000e+02 3.137367178496971246e+04 7.517208451155600324e-01 1.316527078829500541e-02 3.861610981680240684e+01 1.991265431637386993e-02
5.740000000000000000e+02 3.147485373803129187e+04 7.512503588728615123e-01 1.278248738316568531e-02 3.861387608714203878e+01 1.991287921669669669e-02
5.750000000000000000e+02 3.157900100160326838e+04 7.507798726301628811e-01 1.265311334851564398e-02 3.861164110218221879e+01 1.991310424340780524e-02
5.760000000000000000e+02 3.168427654508205160e+04 7.503093863874643610e-01 1.304521978090293112e-02 3.860940486051124054e+01 1.991332939664933188e-02
5.770000000000000000e+02 3.178647340080194044e+04 7.498389001447658408e-01 1.309990915018614636e-02 3.860716736071504585e+01 1.991355467656364536e-02
5.780000000000000000e+02 3.188829567683736605e+04 7.493684139020673207e-01 1.253872188739871101e-02 3.860492860137718196e+01 1.991378008329336424e-02
5.790000000000000000e+02 3.199474100452073253e+04 7.488979276593688006e-01 1.264085495159527305e-02 3.860268858107878742e+01 1.991400561698134300e-02
5.800000000000000000e+02 3.210047645719116554e+04 7.484274414166702805e-01 1.360913073975158170e-02 3.860044729839862043e+01 1.991423127777067550e-02
5.810000000000000000e+02 3.219867312633193433e+04 7.479569551739716493e-01 1.349398389250030909e-02 3.859820475191302336e+01 1.991445706580470196e-02
5.820000000000000000e+02 3.229777178840698616e+04 7.474864689312731292e-01 1.416300515434266820e-02 3.859596094019593693e+01 1.991468298122700889e-02
5.830000000000000000e+02 3.239223296514430331e+04 7.470159826885746090e-01 1.421066277097367270e-02 3.859371586181888603e+01 1.991490902418141182e-02
5.840000000000000000e+02 3.248649538558632048e+04 7.465454964458759779e-01 1.326128947066290698e-02 3.859146951535095837e+01 1.991513519481198646e-02
5.850000000000000000e+02 3.258749452427675715e+04 7.460750102031774578e-01 1.330080563886261967e-02 3.858922189935884006e+01 1.991536149326304447e-02
5.860000000000000000e+02 3.268826355627873636e+04 7.456045239604789376e-01 1.366371009419624361e-02 3.858697301240678001e+01 1.991558791967913689e-02
5.870000000000000000e+02 3.278641565798038937e+04 7.451340377177804175e-01 1.364229215967723528e-02 3.858472285305656868e+01 1.991581447420507495e-02
5.880000000000000000e+02 3.288478436315598083e+04 7.446635514750818974e-01 1.353357856396285482e-02 3.858247141986758066e+01 1.991604115698590236e-02
5.890000000000000000e+02 3.298404085112555185e+04 7.441930652323833772e-01 1.250302869172699623e-02 3.858021871139673209e+01 1.991626796816691261e-02
5.900000000000000000e+02 3.309151789412205108e+04 7.437225789896847461e-01 1.250702919764464481e-02 3.857796472619848061e+01 1.991649490789365248e-02
5.910000000000000000e+02 3.319902212905695342e+04 7.432520927469862260e-01 1.295721710340642756e-02 3.857570946282483249e+01 1.991672197631190813e-02
5.920000000000000000e+02 3.330290169854321721e+04 7.427816065042877058e-01 1.355814455695482194e-02 3.857345291982532842e+01 1.991694917356772246e-02
5.930000000000000000e+02 3.340220554900826392e+04 7.423111202615890747e-01 1.432443788118852729e-02 3.857119509574702931e+01 1.991717649980737775e-02
5.940000000000000000e+02 3.349629430411129579e+04 7.418406340188905546e-01 1.503031845832536462e-02 3.856893598913453758e+01 1.991740395517740958e-02
5.950000000000000000e+02 3.358599459427364491e+04 7.413701477761920344e-01 1.528482412033761034e-02 3.856667559852996163e+01 1.991763153982460330e-02
5.960000000000000000e+02 3.367424435473628546e+04 7.408996615334935143e-01 1.538536050829002882e-02 3.856441392247291589e+01 1.991785925389600101e-02
5.970000000000000000e+02 3.376197908795085823e+04 7.404291752907949942e-01 1.495437225282791882e-02 3.856215095950053495e+01 1.991808709753888421e-02
5.980000000000000000e+02 3.385230289780740713e+04 7.399586890480964740e-01 1.485150144594274066e-02 3.855988670814745234e+01 1.991831507090079112e-02
5.990000000000000000e+02 3.394330717565864325e+04 7.394882028053978429e-01 1.495063303035338437e-02 3.855762116694580044e+01 1.991854317412951672e-02
6.000000000000000000e+02 3.403377712479752518e+04 7.390176259136856940e-01 1.439879814210854800e-02 3.855535433442518922e+01 1.991877140737310231e-02
6.010000000000000000e+02 3.412776390643460036e+04 7.385469014779590946e-01 1.374093188820194045e-02 3.855309513812738231e+01 1.991896942666223497e-02
6.020000000000000000e+02 3.422638636570705421e+04 7.380761201472318955e-01 1.307557166511085986e-02 3.855084025846879570e+01 1.991914850831295880e-02
6.030000000000000000e+02 3.433001180010720418e+04 7.376053388165046965e-01 1.302987529465566945e-02 3.854858409136671327e+01 1.991932769221193764e-02
6.040000000000000000e+02 3.443406611385086580e+04 7.371345574857772753e-01 1.353219760496820676e-02 3.854632663535013393e+01 1.991950697847599469e-02
6.050000000000000000e+02 3.453435724571812898e+04 7.366637761550500763e-01 1.332892683524380603e-02 3.854406788894554836e+01 1.991968636722215441e-02
6.060000000000000000e+02 3.463624224672549462e+04 7.361929948243226551e-01 1.299729893500045468e-02 3.854180785067690351e+01 1.991986585856764941e-02
6.070000000000000000e+02 3.474078780974515394e+04 7.357222134935954561e-01 1.386521661128298048e-02 3.853954651906562390e+01 1.992004545262990312e-02
6.080000000000000000e+02 3.483885026715300046e+04 7.352514321628680349e-01 1.411794909148681929e-02 3.853728389263059739e+01 1.992022514952654713e-02
6.090000000000000000e+02 3.493520741644902591e+04 7.347806508321408359e-01 1.431118859501791241e-02 3.853501996988814682e+01 1.992040494937541775e-02
6.100000000000000000e+02 3.503031194842028344e+04 7.343098695014134147e-01 1.426953054767788297e-02 3.853275474935206546e+01 1.992058485229454209e-02
6.110000000000000000e+02 3.512574995491694426e+04 7.338390881706862157e-01 1.448321848625179660e-02 3.853048822953357444e+01 1.992076485840216238e-02
6.120000000000000000e+02 3.521984420095366659e+04 7.333683068399587945e-01 1.421590399765780034e-02 3.852822040894133693e+01 1.992094496781671858e-02
6.130000000000000000e+02 3.531576867920473887e+04 7.328975255092315955e-01 1.466704897214266001e-02 3.852595128608144393e+01 1.992112518065685539e-02
6.140000000000000000e+02 3.540883643994408339e+04 7.324267441785041743e-01 1.467515906809398196e-02 3.852368085945742138e+01 1.992130549704142564e-02
6.150000000000000000e+02 3.550192674539521977e+04 7.319559628477769753e-01 1.469052204113796556e-02 3.852140912757020885e+01 1.992148591708948341e-02
6.160000000000000000e+02 3.559497810979399219e+04 7.314851815170495541e-01 1.499840674918079264e-02 3.851913608891814533e+01 1.992166644092028746e-02
6.170000000000000000e+02 3.568613705931312870e+04 7.310144001863223551e-01 1.451531346266300704e-02 3.851686174199699764e+01 1.992184706865330474e-02
6.180000000000000000e+02 3.578037801888915419e+04 7.305436188555949339e-01 1.496336689189029130e-02 3.851458608529991778e+01 1.992202780040820687e-02
6.190000000000000000e+02 3.587185902812268614e+04 7.300728375248677349e-01 1.441232333700539874e-02 3.851230911731747142e+01 1.992220863630487712e-02
6.200000000000000000e+02 3.596690322836615815e+04 7.296020561941405358e-01 1.499223325332220760e-02 3.851003083653758807e+01 1.992238957646339653e-02
6.210000000000000000e+02 3.605833497482752864e+04 7.291312748634131147e-01 1.440539839621454536e-02 3.850775124144561090e+01 1.992257062100406817e-02
6.220000000000000000e+02 3.615357205510667700e+04 7.286604935326859156e-01 1.399972587333163723e-02 3.850547033052422563e+01 1.992275177004738593e-02
6.230000000000000000e+02 3.625160686235316825e+04 7.281897122019584945e-01 1.478355961794430504e-02 3.850318810225352451e+01 1.992293302371406921e-02
6.240000000000000000e+02 3.634453636210312106e+04 7.277189308712312954e-01 1.463091119853572077e-02 3.850090455511093523e+01 1.992311438212503519e-02
6.250000000000000000e+02 3.643848348889620684e+04 7.272481495405038743e-01 1.410276868740494537e-02 3.849861968757125652e+01 1.992329584540141613e-02
6.260000000000000000e+02 3.653599479482814786e+04 7.267773682097766752e-01 1.453912456512592571e-02 3.849633349810665095e+01 1.992347741366454900e-02
6.270000000000000000e+02 3.663066094470876851e+04 7.263065868790492541e-01 1.505592231935592128e-02 3.849404598518660237e+01 1.992365908703599281e-02
6.280000000000000000e+02 3.672211596935295529e+04 7.258358055483220550e-01 1.491045979928151861e-02 3.849175714727795850e+01 1.992384086563750781e-02
6.290000000000000000e+02 3.681452139315639943e+04 7.253650242175946339e-01 1.488951270107560093e-02 3.848946698284488832e+01 1.992402274959106587e-02
6.300000000000000000e+02 3.690711669652210549e+04 7.248942428868674348e-01 1.474365214995134940e-02 3.848717549034889629e+01 1.992420473901885744e-02
6.310000000000000000e+02 3.700068939182382746e+04 7.244234615561400137e-01 1.440628016470489429e-02 3.848488266824880100e+01 1.992438683404327768e-02
6.320000000000000000e+02 3.709654388814768026e+04 7.239526802254128146e-01 1.410664865173356756e-02 3.848258851500074229e+01 1.992456903478694724e-02
6.330000000000000000e+02 3.719448494046032283e+04 7.234818988946853935e-01 1.517227363288348868e-02 3.848029302905816706e+01 1.992475134137268455e-02
6.340000000000000000e+02 3.728570985646409099e+04 7.230111175639581944e-01 1.534490341019820875e-02 3.847799620887182925e+01 1.992493375392353702e-02
6.350000000000000000e+02 3.737597085884274566e+04 7.225412278566203383e-01 1.459225857438123386e-02 3.847569805288977562e+01 1.992511627256275328e-02
6.360000000000000000e+02 3.747083853213691327e+04 7.220723380779796585e-01 1.507438840925465554e-02 3.847341142453257845e+01 1.992528869757313401e-02
6.370000000000000000e+02 3.756272339369537076e+04 7.216035566046465899e-01 1.487156202453607939e-02 3.847112502791936350e+01 1.992545998364676080e-02
6.380000000000000000e+02 3.765591829229729046e+04 7.211347751313132992e-01 1.463759851037668529e-02 3.846883729924855544e+01 1.992563136951187169e-02
6.390000000000000000e+02 3.775067066946875275e+04 7.206659936579802306e-01 1.509527621230418414e-02 3.846654823696714232e+01 1.992580285528481113e-02
6.400000000000000000e+02 3.784265365300532721e+04 7.201972121846469399e-01 1.616581113679620846e-02 3.846425783951937660e+01 1.992597444108213170e-02
6.410000000000000000e+02 3.792858931700455287e+04 7.197284307113138713e-01 1.691309973949453246e-02 3.846196610534680360e+01 1.992614612702058377e-02
6.420000000000000000e+02 3.801076747556973714e+04 7.192596492379805806e-01 1.713359799171098458e-02 3.845967303288821881e+01 1.992631791321712587e-02
6.430000000000000000e+02 3.809193752651724935e+04 7.187908677646475120e-01 1.739364322414330838e-02 3.845737862057970347e+01 1.992648979978891774e-02
6.440000000000000000e+02 3.817202084320680297e+04 7.183220862913142213e-01 1.522071519881753807e-02 3.845508286685457477e+01 1.992666178685333078e-02
6.450000000000000000e+02 3.826359991711542534e+04 7.178533048179811527e-01 1.547321063696810786e-02 3.845278577014341437e+01 1.992683387452793414e-02
6.460000000000000000e+02 3.835375774414874468e+04 7.173845233446478620e-01 1.642258023329028899e-02 3.845048732887404697e+01 1.992700606293051208e-02
6.470000000000000000e+02 3.843867575859454519e+04 7.169157418713147933e-01 1.544393756132984678e-02 3.844818754147152617e+01 1.992717835217905353e-02
6.480000000000000000e+02 3.852902661004562106e+04 7.164469603979815027e-01 1.631930387759126036e-02 3.844588640635814158e+01 1.992735074239174523e-02
6.490000000000000000e+02 3.861459582270702958e+04 7.159781789246484340e-01 1.654164748047744216e-02 3.844358392195341878e+01 1.992752323368699591e-02
6.500000000000000000e+02 3.869903722707733687e+04 7.155093974513151434e-01 1.658254797983626030e-02 3.844128008667407670e+01 1.992769582618341556e-02
6.510000000000000000e+02 3.878332917663053377e+04 7.150406159779820747e-01 1.718826822533679397e-02 3.843897489893407737e+01 1.992786851999982234e-02
6.520000000000000000e+02 3.886470207990407653e+04 7.145718345046487840e-01 1.714134864516064435e-02 3.843666835714455488e+01 1.992804131525524602e-02
6.530000000000000000e+02 3.894635459725523106e+04 7.141030530313157154e-01 1.645455750444794335e-02 3.843436045971385795e+01 1.992821421206892457e-02
6.540000000000000000e+02 3.903148305925402383e+04 7.136342715579824247e-01 1.722174226922942170e-02 3.843205120504754291e+01 1.992838721056031104e-02
6.550000000000000000e+02 3.911287644036572601e+04 7.131654900846493561e-01 1.720430090606870147e-02 3.842974059154831679e+01 1.992856031084906318e-02
6.560000000000000000e+02 3.919438516582042939e+04 7.126967086113160654e-01 1.678229251318049536e-02 3.842742861761610129e+01 1.992873351305505039e-02
6.570000000000000000e+02 3.927800666389169055e+04 7.122279271379829968e-01 1.695430383721079071e-02 3.842511528164795465e+01 1.992890681729836064e-02
6.580000000000000000e+02 3.936093857485223270e+04 7.117591456646497061e-01 1.528953086520522080e-02 3.842280058203813553e+01 1.992908022369928658e-02
6.590000000000000000e+02 3.945283223062020261e+04 7.112903641913166375e-01 1.503331898169621428e-02 3.842048451717803204e+01 1.992925373237833947e-02
6.600000000000000000e+02 3.954634724791398185e+04 7.108215827179833468e-01 1.493700154181449441e-02 3.841816708545621140e+01 1.992942734345623870e-02
6.610000000000000000e+02 3.964052756409269932e+04 7.103528012446502782e-01 1.433613201855821195e-02 3.841584828525835604e+01 1.992960105705392226e-02
6.620000000000000000e+02 3.973879518420225941e+04 7.098840197713169875e-01 1.355701984085410858e-02 3.841352811496730624e+01 1.992977487329253977e-02
6.630000000000000000e+02 3.984270493072826503e+04 7.094152382979839189e-01 1.391825914888667956e-02 3.841120657296303165e+01 1.992994879229345595e-02
6.640000000000000000e+02 3.994397687015023985e+04 7.089464568246506282e-01 1.441609152821022796e-02 3.840888365762263135e+01 1.993012281417825063e-02
6.650000000000000000e+02 4.004183292686410277e+04 7.084776753513175596e-01 1.489425069226615883e-02 3.840655936732030540e+01 1.993029693906872568e-02
6.660000000000000000e+02 4.013660285271456814e+04 7.080088938779842689e-01 1.527049814657192861e-02 3.840423370042738327e+01 1.993047116708688421e-02
6.670000000000000000e+02 4.022908200741009932e+04 7.075401124046512003e-01 1.520027992789078214e-02 3.840190665531229541e+01 1.993064549835496524e-02
6.680000000000000000e+02 4.032205019356653793e+04 7.070713309313179096e-01 1.478511338288024911e-02 3.839957823034055195e+01 1.993081993299540902e-02
6.690000000000000000e+02 4.041770050483896193e+04 7.066035671926396144e-01 1.534786011950992936e-02 3.839724842387478532e+01 1.993099447113088479e-02
6.700000000000000000e+02 4.050996919389439427e+04 7.061369916440525252e-01 1.615356499364884943e-02 3.839492962046879398e+01 1.993116794718806720e-02
6.710000000000000000e+02 4.059763360423895210e+04 7.056705865509019793e-01 1.491237279101675570e-02 3.839261151476278400e+01 1.993134133099901464e-02
6.720000000000000000e+02 4.069273781158412021e+04 7.052041814577514334e-01 1.417114936185912867e-02 3.839029203123296696e+01 1.993151481786494678e-02
6.730000000000000000e+02 4.079277757602654310e+04 7.047377763646007764e-01 1.411592779740259047e-02 3.838797116824049027e+01 1.993168840790843915e-02
6.740000000000000000e+02 4.089327226232202520e+04 7.042713712714503416e-01 1.401380657699543078e-02 3.838564892414355256e+01 1.993186210125228938e-02
6.750000000000000000e+02 4.099457308653330983e+04 7.038049661782996846e-01 1.444569834226875835e-02 3.838332529729743925e+01 1.993203589801952058e-02
6.760000000000000000e+02 4.109296482011755870e+04 7.033385610851492498e-01 1.514026970203607297e-02 3.838100028605449410e+01 1.993220979833336404e-02
6.770000000000000000e+02 4.118684020244517160e+04 7.028721559919985928e-01 1.532132052334518948e-02 3.837867388876410502e+01 1.993238380231728349e-02
6.780000000000000000e+02 4.127970559932376636e+04 7.024057508988480469e-01 1.614158303985778475e-02 3.837634610377271116e+01 1.993255791009495084e-02
6.790000000000000000e+02 4.136787906887493591e+04 7.019393458056975010e-01 1.532459736168698648e-02 3.837401692942380294e+01 1.993273212179027393e-02
6.800000000000000000e+02 4.146084178514885571e+04 7.014729407125468441e-01 1.499453963015983521e-02 3.837168636405787225e+01 1.993290643752736874e-02
6.810000000000000000e+02 4.155591723339870805e+04 7.010065356193964092e-01 1.480531106679999244e-02 3.836935440601246228e+01 1.993308085743058372e-02
6.820000000000000000e+02 4.165227636479526700e+04 7.005401305262457523e-01 1.466562247051414816e-02 3.836702105362213189e+01 1.993325538162448590e-02
6.830000000000000000e+02 4.174956727475031221e+04 7.000737254330953174e-01 1.476353455565791208e-02 3.836468630521844148e+01 1.993343001023386782e-02
6.840000000000000000e+02 4.184629119232894300e+04 6.996073203399446605e-01 1.460176031685457392e-02 3.836235015912996005e+01 1.993360474338374058e-02
6.850000000000000000e+02 4.194412861589597014e+04 6.991409152467940036e-01 1.419659487270769072e-02 3.836001261368225101e+01 1.993377958119935123e-02
6.860000000000000000e+02 4.204483472662291024e+04 6.986745101536435687e-01 1.358526050351140796e-02 3.835767366719787219e+01 1.993395452380615843e-02
6.870000000000000000e+02 4.215014257467045536e+04 6.982081050604929118e-01 1.373606555929210438e-02 3.835533331799634738e+01 1.993412957132985677e-02
6.880000000000000000e+02 4.225437596253302763e+04 6.977416999673424769e-01 1.412234829795614224e-02 3.835299156439420187e+01 1.993430472389636637e-02
6.890000000000000000e+02 4.235583456606024993e+04 6.972752948741918200e-01 1.418124133768935979e-02 3.835064840470489855e+01 1.993447998163182591e-02
6.900000000000000000e+02 4.245695923846004735e+04 6.968088897810413851e-01 1.454793204288797222e-02 3.834830383723888758e+01 1.993465534466260999e-02
6.910000000000000000e+02 4.255560857995084370e+04 6.963424846878907282e-01 1.423661891124614401e-02 3.834595786030354958e+01 1.993483081311531527e-02
6.920000000000000000e+02 4.265649786130728899e+04 6.958760795947400712e-01 1.409307563185646824e-02 3.834361047220323115e+01 1.993500638711677431e-02
6.930000000000000000e+02 4.275849275892516744e+04 6.954096745015896364e-01 1.433570728744340377e-02 3.834126167123920226e+01 1.993518206679404173e-02
6.940000000000000000e+02 4.285883811959860759e+04 6.949432694084389794e-01 1.529660212886657135e-02 3.833891145570966330e+01 1.993535785227440460e-02
6.950000000000000000e+02 4.295296273426172411e+04 6.944768643152885446e-01 1.541122447489816187e-02 3.833655982390975225e+01 1.993553374368537898e-02
6.960000000000000000e+02 4.304645113935689733e+04 6.940104592221378876e-01 1.576173114393321362e-02 3.833420677413150912e+01 1.993570974115470990e-02
6.970000000000000000e+02 4.313793427924864227e+04 6.935440541289874528e-01 1.561401337208390139e-02 3.833185230466389015e+01 1.993588584481037831e-02
6.980000000000000000e+02 4.323035470646194153e+04 6.930776490358367958e-01 1.497922204267116385e-02 3.832949641379274652e+01 1.993606205478059765e-02
6.990000000000000000e+02 4.332680093247089098e+04 6.926112439426861389e-01 1.585918951559497567e-02 3.832713909980083145e+01 1.993623837119380682e-02
7.000000000000000000e+02 4.341801774664647382e+04 6.921448388495357040e-01 1.560784208927568605e-02 3.832478036096777174e+01 1.993641479417868068e-02
7.010000000000000000e+02 4.351075336890343169e+04 6.916784337563850471e-01 1.488379290167140580e-02 3.832242019557008206e+01 1.993659132386412999e-02
7.020000000000000000e+02 4.360801870871118444e+04 6.912139567957493735e-01 1.510095281649859178e-02 3.832005860188115065e+01 1.993676796037929452e-02
7.030000000000000000e+02 4.370394790342047781e+04 6.907533724117709273e-01 1.486014807631675684e-02 3.831770016673223012e+01 1.993339537779187376e-02
7.040000000000000000e+02 4.380150027179937751e+04 6.902947524719348360e-01 1.417124606638262008e-02 3.831534497900147329e+01 1.992640348720063279e-02
7.050000000000000000e+02 4.390383368254839297e+04 6.898361325320988557e-01 1.434923610574894565e-02 3.831298836339964708e+01 1.991940735766139711e-02
7.060000000000000000e+02 4.400493631586376432e+04 6.893775125922627645e-01 1.382841041713250146e-02 3.831063031819436304e+01 1.991240698403119042e-02
7.070000000000000000e+02 4.410989505081139214e+04 6.889188926524267842e-01 1.356378776381520976e-02 3.830827084165007790e+01 1.990540236115766193e-02
7.080000000000000000e+02 4.421693765972895926e+04 6.884602727125908039e-01 1.357285953865692250e-02 3.830590993202807226e+01 1.989839348387908644e-02
7.090000000000000000e+02 4.432396901960195100e+04 6.880016527727548237e-01 1.443638280570468113e-02 3.830354758758647193e+01 1.989138034702430530e-02
7.100000000000000000e+02 4.442467177633086976e+04 6.875430328329188434e-01 1.427307239438381677e-02 3.830118380658023369e+01 1.988436294541275073e-02
7.110000000000000000e+02 4.452656909125557286e+04 6.870844128930827521e-01 1.384343026234984356e-02 3.829881858726110266e+01 1.987734127385437644e-02
7.120000000000000000e+02 4.463162098505972244e+04 6.866257929532467719e-01 1.419294330856598826e-02 3.829645192787764785e+01 1.987031532714967491e-02
7.130000000000000000e+02 4.473413660998691921e+04 6.861671730134106806e-01 1.415007064087439939e-02 3.829408382667523369e+01 1.986328510008961851e-02
7.140000000000000000e+02 4.483699815232035326e+04 6.857085530735747003e-01 1.406924281301876779e-02 3.829171428189602011e+01 1.985625058745566981e-02
7.150000000000000000e+02 4.494049049707738595e+04 6.852499331337387201e-01 1.406282664823368077e-02 3.828934329177894824e+01 1.984921178401972616e-02
7.160000000000000000e+02 4.504407333798834588e+04 6.847913131939027398e-01 1.434749216526875343e-02 3.828697085455971916e+01 1.984216868454412308e-02
7.170000000000000000e+02 4.514565450349744788e+04 6.843326932540667595e-01 1.467725775691910636e-02 3.828459696847082938e+01 1.983512128378159961e-02
7.180000000000000000e+02 4.524498290122334583e+04 6.838740733142306683e-01 1.447273406674693709e-02 3.828222163174151405e+01 1.982806957647527402e-02
7.190000000000000000e+02 4.534575768320934003e+04 6.834154533743946880e-01 1.459726682849939346e-02 3.827984484259776821e+01 1.982101355735861256e-02
7.200000000000000000e+02 4.544575774872682086e+04 6.829568334345585967e-01 1.448637701654427630e-02 3.827746659926233264e+01 1.981395322115542604e-02
7.210000000000000000e+02 4.554663620894303313e+04 6.824982134947226164e-01 1.459162374279694696e-02 3.827508689995467250e+01 1.980688856257983507e-02
7.220000000000000000e+02 4.564691292646881629e+04 6.820395935548866362e-01 1.481589817467657624e-02 3.827270574289099869e+01 1.979981957633623890e-02
7.230000000000000000e+02 4.574576081342475663e+04 6.815809736150506559e-01 1.479702469895054218e-02 3.827032312628422517e+01 1.979274625711929803e-02
7.240000000000000000e+02 4.584485777063846035e+04 6.811223536752146757e-01 1.559960381531579413e-02 3.826793904834398319e+01 1.978566859961392380e-02
7.250000000000000000e+02 4.593897945810496458e+04 6.806637337353785844e-01 1.588953583245454951e-02 3.826555350727662130e+01 1.977858659849522638e-02
7.260000000000000000e+02 4.603148715876800998e+04 6.802051137955426041e-01 1.690816556147289179e-02 3.826316650128516272e+01 1.977150024842852169e-02
7.270000000000000000e+02 4.611850515595478646e+04 6.797464938557065128e-01 1.575060209977580811e-02 3.826077802856932664e+01 1.976440954406927242e-02
7.280000000000000000e+02 4.621203777680380881e+04 6.792878739158705326e-01 1.597613263879146470e-02 3.825838808732551399e+01 1.975731448006310537e-02
7.290000000000000000e+02 4.630436514452613483e+04 6.788292539760345523e-01 1.599832547604975244e-02 3.825599667574679330e+01 1.975021505104574554e-02
7.300000000000000000e+02 4.639662513917945034e+04 6.783706340361985720e-01 1.595162522158176735e-02 3.825360379202290062e+01 1.974311125164302308e-02
7.310000000000000000e+02 4.648923236184204870e+04 6.779120140963625918e-01 1.649700448567295932e-02 3.825120943434021825e+01 1.973600307647083163e-02
7.320000000000000000e+02 4.657888938394036086e+04 6.774533941565265005e-01 1.796208427582059522e-02 3.824881360088178894e+01 1.972889052013511099e-02
7.330000000000000000e+02 4.666141754728525848e+04 6.769947742166905202e-01 1.890474252825512583e-02 3.824641628982728037e+01 1.972177357723182284e-02
7.340000000000000000e+02 4.673982936977512145e+04 6.765361542768544290e-01 1.790969558893014402e-02 3.824401749935299932e+01 1.971465224234691949e-02
7.350000000000000000e+02 4.682268121493815852e+04 6.760819504549662184e-01 1.790678060023178503e-02 3.824161722763186333e+01 1.970752651005633349e-02
7.360000000000000000e+02 4.690559195924979576e+04 6.756333034403505522e-01 1.712140106123829011e-02 3.823917460349848341e+01 1.968947129944832036e-02
7.370000000000000000e+02 4.699243991691552219e+04 6.751857971150596605e-01 1.634036192829703762e-02 3.823671990931701004e+01 1.966858209151038650e-02
7.380000000000000000e+02 4.708337298002956959e+04 6.747382907897687687e-01 1.673240621522072841e-02 3.823426369655540213e+01 1.964767996060373667e-02
7.390000000000000000e+02 4.717220915466400766e+04 6.742907844644777660e-01 1.674850560689854218e-02 3.823180596333358494e+01 1.962676489072905789e-02
7.400000000000000000e+02 4.726098532822997367e+04 6.738432781391868742e-01 1.643699097861628378e-02 3.822934670776798072e+01 1.960583686585730401e-02
7.410000000000000000e+02 4.735148209771463007e+04 6.733957718138958715e-01 1.696503128533982663e-02 3.822688592797150875e+01 1.958489586992962286e-02
7.420000000000000000e+02 4.743921839746652404e+04 6.729482654886049797e-01 1.746045616165211797e-02 3.822442362205358535e+01 1.956394188685729035e-02
7.430000000000000000e+02 4.752446644822017697e+04 6.725007591633140880e-01 1.641935474904833436e-02 3.822195978812009542e+01 1.954297490052162717e-02
7.440000000000000000e+02 4.761517507948926504e+04 6.720532528380231962e-01 1.616523330683469414e-02 3.821949442427340671e+01 1.952199489477392594e-02
7.450000000000000000e+02 4.770730764539392840e+04 6.716057465127321935e-01 1.607159696021691342e-02 3.821702752861234131e+01 1.950100185343538184e-02
7.460000000000000000e+02 4.780000721094375331e+04 6.711582401874413017e-01 1.606722338048309495e-02 3.821455909923217575e+01 1.947999576029700933e-02
7.470000000000000000e+02 4.789277616837600362e+04 6.707107338621502990e-01 1.635849279710548110e-02 3.821208913422464803e+01 1.945897659911957622e-02
7.480000000000000000e+02 4.798392477610013884e+04 6.702632275368594073e-01 1.552345298185261319e-02 3.820961763167790792e+01 1.943794435363352044e-02
7.490000000000000000e+02 4.807999785685312236e+04 6.698157212115685155e-01 1.493160713947507684e-02 3.820714458967654537e+01 1.941689900753887366e-02
7.500000000000000000e+02 4.818003105593140208e+04 6.693682148862776238e-01 1.390122829537343563e-02 3.820467000630157628e+01 1.939584054450520581e-02
7.510000000000000000e+02 4.828738509197071107e+04 6.689207085609866210e-01 1.390217476267002240e-02 3.820219387963040703e+01 1.937476894817151407e-02
7.520000000000000000e+02 4.839476687245269568e+04 6.684732022356956183e-01 1.435759099336594499e-02 3.819971620773686283e+01 1.935368420214617774e-02
7.530000000000000000e+02 4.849883904938304477e+04 6.680256959104047265e-01 1.499066811615067281e-02 3.819723698869114514e+01 1.933258629000686110e-02
7.540000000000000000e+02 4.859861593382089632e+04 6.675781895851138348e-01 1.539765823543863717e-02 3.819475622055985298e+01 1.931147519530044751e-02
7.550000000000000000e+02 4.869580001677331165e+04 6.671306832598229430e-01 1.480989399657377595e-02 3.819227390140594736e+01 1.929035090154297000e-02
7.560000000000000000e+02 4.879697959866461315e+04 6.666831769345319403e-01 1.410030511081069617e-02 3.818979002928875843e+01 1.926921339221951412e-02
7.570000000000000000e+02 4.890333605920763512e+04 6.662356706092410485e-01 1.411720491246151385e-02 3.818730460226397838e+01 1.924806265078414513e-02
7.580000000000000000e+02 4.900967375182920659e+04 6.657881642839500458e-01 1.419232247512969627e-02 3.818481761838362587e+01 1.922689866065985242e-02
7.590000000000000000e+02 4.911556094033391128e+04 6.653406579586591540e-01 1.502293344849446426e-02 3.818232907569608159e+01 1.920572140523843160e-02
7.600000000000000000e+02 4.921554102596449957e+04 6.648931516333682623e-01 1.434393236101565682e-02 3.817983897224603851e+01 1.918453086788045325e-02
7.610000000000000000e+02 4.932037174675538699e+04 6.644456453080773706e-01 1.386515486402580509e-02 3.817734730607450899e+01 1.916332703191514497e-02
7.620000000000000000e+02 4.942885561002152826e+04 6.639981389827863678e-01 1.382690956598315278e-02 3.817485407521881768e+01 1.914210988064033239e-02
7.630000000000000000e+02 4.953771738180689135e+04 6.635506326574954761e-01 1.355443602792982642e-02 3.817235927771259441e+01 1.912087939732235592e-02
7.640000000000000000e+02 4.964884923647287360e+04 6.631031263322044733e-01 1.382349946298757140e-02 3.816986291158575284e+01 1.909963556519599440e-02
7.650000000000000000e+02 4.975791098673023225e+04 6.626556200069135816e-01 1.442092065489836497e-02 3.816736497486449053e+01 1.907837836746438184e-02
7.660000000000000000e+02 4.986253087060140388e+04 6.622081136816226898e-01 1.448467468710818926e-02 3.816486546557128179e+01 1.905710778729892418e-02
7.670000000000000000e+02 4.996674711345259857e+04 6.617608232715315175e-01 1.460046724902070055e-02 3.816236438172484924e+01 1.903582380783923333e-02
7.680000000000000000e+02 5.007020992209843098e+04 6.613138240020263181e-01 1.438618154015836904e-02 3.815980198618466801e+01 1.901370160405212867e-02
7.690000000000000000e+02 5.017527556040355557e+04 6.608668999579070391e-01 1.412582169998358519e-02 3.815721715600100339e+01 1.899127799109329509e-02
7.700000000000000000e+02 5.028237483590110060e+04 6.604199759137878711e-01 1.398749979555140299e-02 3.815463069443406852e+01 1.896884022575138704e-02
7.710000000000000000e+02 5.039061856703030935e+04 6.599730518696687032e-01 1.485954733256092744e-02 3.815204259942331788e+01 1.894638829015092563e-02
7.720000000000000000e+02 5.049253451133312774e+04 6.595261278255495352e-01 1.493264925127517177e-02 3.814945286890428378e+01 1.892392216638254243e-02
7.730000000000000000e+02 5.059402890657335229e+04 6.590792037814302562e-01 1.415501342682765062e-02 3.814686150080859051e+01 1.890144183650289619e-02
7.740000000000000000e+02 5.070115010454589356e+04 6.586322797373109772e-01 1.462639470616235692e-02 3.814426849306393308e+01 1.887894728253457222e-02
7.750000000000000000e+02 5.080491685299174424e+04 6.581853556931918092e-01 1.513652562829830711e-02 3.814167384359407720e+01 1.885643848646601992e-02
7.760000000000000000e+02 5.090523660122940782e+04 6.577384316490726412e-01 1.412324735007499527e-02 3.813907755031883084e+01 1.883391543025146608e-02
7.770000000000000000e+02 5.101280448505692038e+04 6.572915076049533623e-01 1.451485604701882592e-02 3.813647961115405138e+01 1.881137809581079692e-02
7.780000000000000000e+02 5.111752360302700981e+04 6.568445835608340833e-01 1.444102701717770061e-02 3.813388002401163135e+01 1.878882646502950948e-02
7.790000000000000000e+02 5.122282439350260393e+04 6.563976595167149153e-01 1.424929524907625998e-02 3.813127878679948424e+01 1.876626051975859022e-02
7.800000000000000000e+02 5.132960717055723217e+04 6.559507354725957473e-01 1.453729009110717521e-02 3.812867589742154451e+01 1.874368024181445949e-02
7.810000000000000000e+02 5.143435086680456880e+04 6.555038114284764683e-01 1.389622427135191358e-02 3.812607135377774625e+01 1.872108561297886400e-02
7.820000000000000000e+02 5.154398308150580124e+04 6.550568873843571893e-01 1.409497491856686810e-02 3.812346515376400902e+01 1.869847661499877967e-02
7.830000000000000000e+02 5.165212129068667127e+04 6.546099633402380213e-01 1.444774001362738453e-02 3.812085729527224487e+01 1.867585322958635954e-02
7.840000000000000000e+02 5.175770451166255225e+04 6.541630392961188534e-01 1.458836857839180580e-02 3.811824777619033000e+01 1.865321543841879509e-02
7.850000000000000000e+02 5.186238476735354925e+04 6.537161152519995744e-01 1.510316528000700369e-02 3.811563659440211893e+01 1.863056322313827104e-02
7.860000000000000000e+02 5.196364403044492792e+04 6.532691912078802954e-01 1.512372764943772062e-02 3.811302374778740898e+01 1.860789656535185091e-02
7.870000000000000000e+02 5.206486403923435137e+04 6.528222671637611274e-01 1.481013634713011264e-02 3.811040923422192606e+01 1.858521544663140068e-02
7.880000000000000000e+02 5.216832953305953561e+04 6.523753431196419594e-01 1.553960073689633625e-02 3.810779305157735308e+01 1.856251984851349512e-02
7.890000000000000000e+02 5.226709541420933238e+04 6.519284190755227915e-01 1.590243900588301715e-02 3.810517519772128026e+01 1.853980975249931717e-02
7.900000000000000000e+02 5.236367216139462835e+04 6.514814950314035125e-01 1.634961008319095813e-02 3.810255567051720504e+01 1.851708514005458162e-02
7.910000000000000000e+02 5.245778269560748595e+04 6.510345709872842335e-01 1.698597552775493735e-02 3.809993446782453930e+01 1.849434599260943446e-02
7.920000000000000000e+02 5.254837386517610867e+04 6.505876469431650655e-01 1.623932374575158544e-02 3.809731158749856661e+01 1.847159229155838009e-02
7.930000000000000000e+02 5.264337832265264296e+04 6.501407228990458975e-01 1.537354832642860714e-02 3.809468702739047075e+01 1.844882401826015289e-02
7.940000000000000000e+02 5.274369278467889671e+04 6.496937988549266185e-01 1.562764309803158294e-02 3.809206078534728590e+01 1.842604115403766174e-02
7.950000000000000000e+02 5.284247253816942975e+04 6.492468748108073395e-01 1.616161109541859250e-02 3.808943285921190380e+01 1.840324368017789286e-02
7.960000000000000000e+02 5.293809728117260966e+04 6.487999507666881716e-01 1.598980624323890001e-02 3.808680324682308793e+01 1.838043157793179533e-02
7.970000000000000000e+02 5.303483840508930007e+04 6.483530267225690036e-01 1.640485166025627828e-02 3.808417194601541667e+01 1.835760482851421169e-02
7.980000000000000000e+02 5.312924010764656850e+04 6.479060874603780329e-01 1.655972384349213566e-02 3.808153895461929750e+01 1.833476341310377733e-02
7.990000000000000000e+02 5.322284505282393366e+04 6.474591011125132578e-01 1.709939745279817278e-02 3.807887395351075099e+01 1.831190470733986414e-02
8.000000000000000000e+02 5.331358898426339874e+04 6.470120828970461480e-01 1.612132385353062802e-02 3.807614373192907209e+01 1.828902583831662487e-02
8.010000000000000000e+02 5.340998398322605499e+04 6.465650646815791491e-01 1.606516981455880302e-02 3.807341175281635515e+01 1.826613224143294398e-02
8.020000000000000000e+02 5.350687582329008001e+04 6.461180464661120393e-01 1.740776095411029553e-02 3.807067801390838468e+01 1.824322389771503017e-02
8.030000000000000000e+02 5.359628684555916698e+04 6.456710282506450405e-01 1.724410617614908006e-02 3.806794251293656828e+01 1.822030078815237847e-02
8.040000000000000000e+02 5.368662912408776174e+04 6.452240100351780416e-01 1.777864495056009561e-02 3.806520524762791524e+01 1.819736289369770776e-02
8.050000000000000000e+02 5.377433592516453791e+04 6.447769918197109318e-01 1.809678525800467383e-02 3.806246621570505084e+01 1.817441019526687060e-02
8.060000000000000000e+02 5.386057909100723191e+04 6.443299736042439330e-01 1.796315140810873789e-02 3.805972541488618077e+01 1.815144267373872480e-02
8.070000000000000000e+02 5.394756018252429931e+04 6.438829553887768231e-01 1.671797130059829092e-02 3.805698284288506983e+01 1.812846030995507798e-02
8.080000000000000000e+02 5.404114102413078217e+04 6.434359371733098243e-01 1.570227307221263788e-02 3.805423849741107745e+01 1.810546308472056262e-02
8.090000000000000000e+02 5.414085355470582726e+04 6.429889189578428255e-01 1.528256450801053316e-02 3.805149237616909375e+01 1.808245097880253546e-02
8.100000000000000000e+02 5.424340907775944652e+04 6.425419007423758266e-01 1.644753970217221334e-02 3.804874447685956085e+01 1.805942397293102547e-02
8.110000000000000000e+02 5.433876150642817811e+04 6.420948825269087168e-01 1.623083542898628995e-02 3.804599479717844446e+01 1.803638204779858464e-02
8.120000000000000000e+02 5.443547192553408968e+04 6.416478643114416069e-01 1.561153776898833653e-02 3.804324333481724096e+01 1.801332518406020475e-02
8.130000000000000000e+02 5.453610675894673477e+04 6.412008460959746081e-01 1.553689352217491222e-02 3.804049008746294191e+01 1.799025336233326181e-02
8.140000000000000000e+02 5.463733415020055691e+04 6.407538278805076093e-01 1.633624708331161274e-02 3.803773505279804112e+01 1.796716656319734956e-02
8.150000000000000000e+02 5.473359959541763237e+04 6.403068096650406105e-01 1.613723533303990793e-02 3.803497822850051335e+01 1.794406476719423091e-02
8.160000000000000000e+02 5.483096814079402247e+04 6.398597914495735006e-01 1.487782070098709643e-02 3.803221961224380010e+01 1.792094795482773034e-02
8.170000000000000000e+02 5.493644230330939899e+04 6.394127732341063908e-01 1.440851150173293009e-02 3.802945920169681671e+01 1.789781610656361252e-02
8.180000000000000000e+02 5.504521675486399181e+04 6.389657550186393919e-01 1.416987127419152247e-02 3.802669699452391683e+01 1.787466920282951635e-02
8.190000000000000000e+02 5.515572220571537764e+04 6.385187368031723931e-01 1.390657605719411612e-02 3.802393298838488533e+01 1.785150722401483703e-02
8.200000000000000000e+02 5.526819263321885956e+04 6.380717185877053943e-01 1.487060507575406823e-02 3.802116718093494541e+01 1.782833015047061154e-02
8.210000000000000000e+02 5.537330774492163619e+04 6.376247003722382845e-01 1.518857606862272606e-02 3.801839956982473012e+01 1.780513796250946662e-02
8.220000000000000000e+02 5.547604426957007672e+04 6.371776821567712856e-01 1.552646008108334551e-02 3.801563015270026824e+01 1.778193064040545918e-02
8.230000000000000000e+02 5.557644746048416710e+04 6.367306639413041758e-01 1.492595762694196027e-02 3.801285892720296999e+01 1.775870816439402422e-02
8.240000000000000000e+02 5.568075811379685911e+04 6.362836457258371770e-01 1.475329281871297013e-02 3.801008589096964130e+01 1.773547051467183958e-02
8.250000000000000000e+02 5.578617346106431796e+04 6.358366275103701781e-01 1.464159228173893788e-02 3.800731104163244112e+01 1.771221767139674608e-02
8.260000000000000000e+02 5.589229115550198912e+04 6.353896092949030683e-01 1.410757053672736898e-02 3.800453437681888147e+01 1.768894961468764002e-02
8.270000000000000000e+02 5.600228762035661930e+04 6.349425910794360695e-01 1.430404490456053772e-02 3.800175589415180610e+01 1.766566632462436906e-02
8.280000000000000000e+02 5.611064753848847613e+04 6.344955728639689596e-01 1.365338935529477292e-02 3.799897559124941182e+01 1.764236778124761776e-02
8.290000000000000000e+02 5.622410202408902114e+04 6.340424452261289590e-01 1.297817732924890291e-02 3.799619346572518452e+01 1.761905396455884509e-02
8.300000000000000000e+02 5.634339172572332609e+04 6.335777224212442160e-01 1.327728058918334168e-02 3.799344094146839979e+01 1.763111457501378987e-02
8.310000000000000000e+02 5.646020925784266001e+04 6.331075138716876216e-01 1.302641562044503862e-02 3.799071483783734493e+01 1.767497050963428434e-02
8.320000000000000000e+02 5.657959289682827512e+04 6.326373053221310272e-01 1.326316146625987867e-02 3.798798694359433625e+01 1.771885525055528349e-02
8.330000000000000000e+02 5.669715926917264733e+04 6.321670967725745438e-01 1.411555705590701246e-02 3.798525725638555883e+01 1.776276883564384748e-02
8.340000000000000000e+02 5.680795227553997393e+04 6.316968882230180604e-01 1.405410649867288621e-02 3.798252577385251527e+01 1.780671130284181350e-02
8.350000000000000000e+02 5.691950155051689217e+04 6.312266796734614660e-01 1.425616106521802179e-02 3.797979249363208254e+01 1.785068269016588244e-02
8.360000000000000000e+02 5.702975129771370848e+04 6.307564711239048716e-01 1.440002132203936636e-02 3.797705741335644802e+01 1.789468303570790689e-02
8.370000000000000000e+02 5.713918572392185160e+04 6.302862625743483882e-01 1.473307133028449976e-02 3.797432053065313085e+01 1.793871237763500215e-02
8.380000000000000000e+02 5.724644733443720907e+04 6.298160540247919048e-01 1.459696757117651122e-02 3.797158184314495344e+01 1.798277075418983767e-02
8.390000000000000000e+02 5.735497623764052696e+04 6.293458454752353104e-01 1.533611590802167607e-02 3.796884134845002734e+01 1.802685820369074460e-02
8.400000000000000000e+02 5.745859201760483847e+04 6.288756369256787160e-01 1.587284568269119872e-02 3.796609904418174608e+01 1.807097476453200721e-02
8.410000000000000000e+02 5.755892235302259360e+04 6.284054283761222326e-01 1.576405032979583815e-02 3.796335492794877808e+01 1.811512047518396354e-02
8.420000000000000000e+02 5.766021688694443583e+04 6.279352198265657492e-01 1.633130298674166647e-02 3.796060899735505245e+01 1.815929537419330372e-02
8.430000000000000000e+02 5.775831747130571603e+04 6.274650112770091548e-01 1.698508304602501864e-02 3.795786124999972344e+01 1.820349950018319146e-02
8.440000000000000000e+02 5.785281672432305641e+04 6.269948027274525604e-01 1.703701694668669983e-02 3.795511168347719888e+01 1.824773289185355196e-02
8.450000000000000000e+02 5.794728852164076670e+04 6.265245941778960770e-01 1.541993682326070134e-02 3.795236029537709044e+01 1.829199558798116909e-02
8.460000000000000000e+02 5.805178249213653180e+04 6.260543856283395936e-01 1.622150583602973914e-02 3.794960708328422072e+01 1.833628762741997334e-02
8.470000000000000000e+02 5.815115890909639711e+04 6.255841770787829992e-01 1.618608597958852424e-02 3.794685204477860907e+01 1.838060904910123611e-02
8.480000000000000000e+02 5.825078147193943732e+04 6.251139685292265158e-01 1.675782731949269910e-02 3.794409517743545734e+01 1.842495989203371889e-02
8.490000000000000000e+02 5.834706682496229769e+04 6.246437599796699214e-01 1.582861916014229389e-02 3.794133647882512150e+01 1.846934019530396126e-02
8.500000000000000000e+02 5.844909515633901901e+04 6.241735514301134380e-01 1.615354936053229815e-02 3.793857594651312581e+01 1.851374999807640226e-02
8.510000000000000000e+02 5.854910869318034383e+04 6.237033428805569546e-01 1.696893610896894194e-02 3.793581357806013443e+01 1.855818933959367881e-02
8.520000000000000000e+02 5.864431817064533243e+04 6.232331343310003602e-01 1.761671672613698142e-02 3.793304937102193719e+01 1.860265825917673324e-02
8.530000000000000000e+02 5.873607490873157076e+04 6.227629257814437658e-01 1.783351690132000886e-02 3.793028332294944249e+01 1.864715679622512556e-02
8.540000000000000000e+02 5.882679914558963355e+04 6.222927172318872824e-01 1.863593780144793058e-02 3.792751543138867021e+01 1.869168499021713753e-02
8.550000000000000000e+02 5.891361404893411964e+04 6.218225086823307990e-01 1.897753533683051858e-02 3.792474569388070194e+01 1.873624288071009530e-02
8.560000000000000000e+02 5.899891281912458362e+04 6.213523001327742046e-01 1.847037986911169091e-02 3.792197410796173784e+01 1.878083050734046661e-02
8.570000000000000000e+02 5.908661923145193578e+04 6.208820915832176102e-01 1.873539627045277961e-02 3.791920067116300430e+01 1.882544790982417643e-02
8.580000000000000000e+02 5.917316953578880930e+04 6.204118830336611268e-01 1.974205867986982346e-02 3.791642538101080362e+01 1.887009512795672153e-02
8.590000000000000000e+02 5.925529078121585917e+04 6.199425568399509201e-01 1.913857010632505351e-02 3.791364823502646431e+01 1.891477220161348616e-02
8.600000000000000000e+02 5.934001917995748954e+04 6.194758229419395912e-01 1.891338119270014051e-02 3.791093677031123832e+01 1.895907457418284300e-02
8.610000000000000000e+02 5.942580610843922477e+04 6.190107989837807523e-01 1.823267273399648350e-02 3.790835442052441806e+01 1.900262227080221425e-02
8.620000000000000000e+02 5.951481896133907139e+04 6.185457750256220244e-01 1.824721196295237685e-02 3.790577034045490024e+01 1.904619914620531845e-02
8.630000000000000000e+02 5.960378572967724176e+04 6.180807510674632965e-01 1.851543421363313971e-02 3.790318452778240754e+01 1.908980523952036670e-02
8.640000000000000000e+02 5.969149806650313985e+04 6.176157271093045686e-01 1.827130063335688503e-02 3.790059698018199441e+01 1.913344058995437511e-02
8.650000000000000000e+02 5.978051077590578643e+04 6.171507031511458408e-01 1.840076452047931937e-02 3.789800769532402569e+01 1.917710523679330703e-02
8.660000000000000000e+02 5.986887421924813680e+04 6.166856791929871129e-01 1.719812001145970201e-02 3.789541667087416954e+01 1.922079921940229516e-02
8.670000000000000000e+02 5.996348005526314955e+04 6.162206552348283850e-01 1.753968391381805284e-02 3.789282390449339744e+01 1.926452257722589823e-02
8.680000000000000000e+02 6.005625548752459144e+04 6.157556312766696571e-01 1.764393811330027331e-02 3.789022939383794863e+01 1.930827534978826407e-02
8.690000000000000000e+02 6.014849867315494339e+04 6.152906073185109292e-01 1.727310144545357931e-02 3.788763313655933729e+01 1.935205757669335516e-02
8.700000000000000000e+02 6.024271386320977035e+04 6.148255833603522014e-01 1.653814464430196016e-02 3.788503513030432401e+01 1.939586929762519146e-02
8.710000000000000000e+02 6.034117635435548436e+04 6.143605594021934735e-01 1.765484361826128584e-02 3.788243537271491590e+01 1.943971055234805165e-02
8.720000000000000000e+02 6.043343804318747425e+04 6.138955354440347456e-01 1.771397797455668763e-02 3.787983386142834519e+01 1.948358138070665005e-02
8.730000000000000000e+02 6.052539061672402750e+04 6.134305114858760177e-01 1.674263072072496028e-02 3.787723059407706216e+01 1.952748182262641422e-02
8.740000000000000000e+02 6.062270272262414073e+04 6.129654875277172899e-01 1.659615997105313295e-02 3.787462556828872096e+01 1.957141191811368267e-02
8.750000000000000000e+02 6.072089821598964045e+04 6.125004635695585620e-01 1.607732269941351128e-02 3.787201878168615110e+01 1.961537170725591653e-02
8.760000000000000000e+02 6.082235434672705742e+04 6.120354396113998341e-01 1.636347171926425328e-02 3.786941023188737887e+01 1.965936123022188689e-02
8.770000000000000000e+02 6.092212780376360752e+04 6.115704156532411062e-01 1.619321750273818375e-02 3.786679991650558463e+01 1.970338052726197317e-02
8.780000000000000000e+02 6.102303576274790248e+04 6.111053916950823783e-01 1.691050708133908301e-02 3.786418783314908865e+01 1.974742963870832618e-02
8.790000000000000000e+02 6.111973821843414044e+04 6.106403677369236505e-01 1.712698929489703606e-02 3.786157397942137237e+01 1.979150860497508671e-02
8.800000000000000000e+02 6.121537118609601021e+04 6.101753437787649226e-01 1.777424685509601532e-02 3.785895835292101452e+01 1.983561746655864225e-02
8.810000000000000000e+02 6.130755724574840860e+04 6.097103198206061947e-01 1.669297334965750071e-02 3.785634095124171949e+01 1.987975626403783863e-02
8.820000000000000000e+02 6.140577725482934329e+04 6.092452958624474668e-01 1.660544245720355777e-02 3.785372177197228893e+01 1.992392503807417087e-02
8.830000000000000000e+02 6.150460169926044182e+04 6.087802719042887389e-01 1.719329203174133763e-02 3.785110081269661464e+01 1.996812382941206068e-02
8.840000000000000000e+02 6.160012003564320185e+04 6.083152479461300111e-01 1.673766885366031326e-02 3.784847807099362882e+01 2.001235267887905775e-02
8.850000000000000000e+02 6.169831966029708565e+04 6.078502239879712832e-01 1.717660290643313256e-02 3.784585354443736094e+01 2.005661162738603398e-02
8.860000000000000000e+02 6.179408803496183100e+04 6.073852000298125553e-01 1.696483696557311849e-02 3.784322723059685956e+01 2.010090071592747496e-02
8.870000000000000000e+02 6.189113471802885033e+04 6.069201760716538274e-01 1.670069590509393534e-02 3.784059912703621364e+01 2.014521998558166729e-02
8.880000000000000000e+02 6.198979328700890619e+04 6.064551521134950995e-01 1.634400807372230965e-02 3.783796923131451706e+01 2.018956947751091371e-02
8.890000000000000000e+02 6.209069343093685166e+04 6.059920330293904200e-01 1.660931612488994111e-02 3.783533754098587565e+01 2.023394923296180370e-02
8.900000000000000000e+02 6.219005756582817412e+04 6.055314484930638397e-01 1.647583714141728772e-02 3.783283347780994887e+01 2.027617673601258760e-02
8.910000000000000000e+02 6.229029262788945198e+04 6.050714936304613101e-01 1.657928464692461773e-02 3.783037050054926453e+01 2.031771138289740694e-02
8.920000000000000000e+02 6.238996401654525107e+04 6.046115387678590025e-01 1.618216506926462711e-02 3.782790583913919846e+01 2.035927443059250969e-02
8.930000000000000000e+02 6.249218674319572892e+04 6.041515839052564729e-01 1.539867549612087237e-02 3.782543949127497740e+01 2.040086591796461818e-02
8.940000000000000000e+02 6.259966375575263373e+04 6.036916290426539433e-01 1.522240994197127280e-02 3.782297145464710297e+01 2.044248588396030061e-02
8.950000000000000000e+02 6.270845552445458452e+04 6.032316741800516358e-01 1.578382226045954920e-02 3.782050172694130907e+01 2.048413436760620002e-02
8.960000000000000000e+02 6.281342054784019274e+04 6.027717193174491062e-01 1.537988630539946847e-02 3.781803030583859027e+01 2.052581140800921466e-02
8.970000000000000000e+02 6.292123610899144114e+04 6.023117644548466876e-01 1.504854275792922268e-02 3.781555718901515206e+01 2.056751704435674094e-02
8.980000000000000000e+02 6.303150146624444460e+04 6.018518095922442690e-01 1.591537636091501506e-02 3.781308237414243223e+01 2.060925131591690926e-02
8.990000000000000000e+02 6.313581382306735759e+04 6.013918547296417394e-01 1.478126896961032798e-02 3.781060585888704395e+01 2.065101426203876100e-02
9.000000000000000000e+02 6.324817627489069855e+04 6.009318998670394318e-01 1.516926683818628323e-02 3.780812764091081135e+01 2.069280592215254344e-02
9.010000000000000000e+02 6.335774592835830845e+04 6.004719450044369022e-01 1.477872671659423952e-02 3.780564771787071976e+01 2.073462633576986236e-02
9.020000000000000000e+02 6.347033455034151120e+04 6.000119901418343726e-01 1.472399713652281297e-02 3.780316608741891571e+01 2.077647554248393535e-02
9.030000000000000000e+02 6.358336120675745042e+04 5.995520352792320651e-01 1.416780565353586985e-02 3.780068274720269272e+01 2.081835358196981386e-02
9.040000000000000000e+02 6.370099033375372528e+04 5.990920804166295355e-01 1.417012941445228505e-02 3.779819769486448422e+01 2.086026049398461216e-02
9.050000000000000000e+02 6.381865286495449982e+04 5.986321255540271169e-01 1.438021506213919484e-02 3.779571092804182797e+01 2.090219631836775366e-02
9.060000000000000000e+02 6.393472092184804205e+04 5.981721706914246983e-01 1.451093606979134143e-02 3.779322244436739453e+01 2.094416109504114790e-02
9.070000000000000000e+02 6.404989757287206885e+04 5.977122158288221687e-01 1.508934914721544659e-02 3.779073224146893040e+01 2.098615486400945765e-02
9.080000000000000000e+02 6.416084188921519672e+04 5.972522609662198612e-01 1.693656114436828050e-02 3.778824031696926511e+01 2.102817766536030711e-02
9.090000000000000000e+02 6.425987217646116187e+04 5.967923061036173316e-01 1.705650358036687672e-02 3.778574666848628993e+01 2.107022953926455250e-02
9.100000000000000000e+02 6.435826101577575901e+04 5.963323512410148020e-01 1.628950052709635110e-02 3.778325129363295787e+01 2.111231052597645208e-02
9.110000000000000000e+02 6.446147710259417363e+04 5.958723963784124944e-01 1.626036969730238965e-02 3.778075419001724811e+01 2.115442066583393677e-02
9.120000000000000000e+02 6.456499407969685126e+04 5.954124415158099648e-01 1.682303678006870015e-02 3.777825535524218026e+01 2.119655999925882869e-02
9.130000000000000000e+02 6.466516109781413252e+04 5.949524866532075462e-01 1.548055061138411438e-02 3.777575478690578592e+01 2.123872856675707022e-02
9.140000000000000000e+02 6.477422775610713870e+04 5.944925317906051276e-01 1.503516816599577595e-02 3.777325248260106605e+01 2.128092640891900145e-02
9.150000000000000000e+02 6.488656801762954274e+04 5.940325769280025980e-01 1.466077172637733454e-02 3.777074843991604070e+01 2.132315356641951640e-02
9.160000000000000000e+02 6.500193164422096015e+04 5.935726220654002905e-01 1.509364120743608186e-02 3.776824265643368506e+01 2.136541008001835787e-02
9.170000000000000000e+02 6.511414331038721866e+04 5.931126672027977609e-01 1.484252859896381671e-02 3.776573512973191526e+01 2.140769599056033257e-02
9.180000000000000000e+02 6.522840444032317464e+04 5.926546668678895902e-01 1.482902822536162624e-02 3.776322585738361681e+01 2.145001133897554355e-02
9.190000000000000000e+02 6.534283980445239285e+04 5.921992774101270118e-01 1.466174723260599104e-02 3.776081265728602432e+01 2.146825864753449178e-02
9.200000000000000000e+02 6.545857847173962364e+04 5.917445443018158890e-01 1.448210810748431186e-02 3.775843063534149735e+01 2.147842367396803412e-02
9.210000000000000000e+02 6.557573126544689876e+04 5.912898111935045442e-01 1.508018046062028356e-02 3.775604695165478120e+01 2.148859579171041867e-02
9.220000000000000000e+02 6.568826270896011556e+04 5.908350780851934214e-01 1.547767155204989378e-02 3.775366160390572645e+01 2.149877501066261784e-02
9.230000000000000000e+02 6.579790070534069673e+04 5.903803449768820766e-01 1.469228044903219017e-02 3.775127458976933781e+01 2.150896134074633745e-02
9.240000000000000000e+02 6.591331165760569274e+04 5.899256118685709538e-01 1.468654073704062958e-02 3.774888590691573143e+01 2.151915479190409652e-02
9.250000000000000000e+02 6.602873850815229525e+04 5.894708787602596090e-01 1.436680230225224029e-02 3.774649555301013493e+01 2.152935537409928629e-02
9.260000000000000000e+02 6.614672426441968128e+04 5.890161456519484862e-01 1.437784037634350261e-02 3.774410352571287319e+01 2.153956309731621527e-02
9.270000000000000000e+02 6.626457926896876597e+04 5.885614125436371413e-01 1.450438215005522141e-02 3.774170982267936125e+01 2.154977797156018213e-02
9.280000000000000000e+02 6.638138846872234717e+04 5.881066794353260185e-01 1.437140614945594565e-02 3.773931444156006876e+01 2.156000000685751733e-02
9.290000000000000000e+02 6.649927318114426453e+04 5.876519463270146737e-01 1.421887865484960760e-02 3.773691738000053419e+01 2.157022921325566292e-02
9.300000000000000000e+02 6.661838152553954569e+04 5.871972132187035509e-01 1.428995377348956861e-02 3.773451863564132935e+01 2.158046560082322457e-02
9.310000000000000000e+02 6.673688072637350706e+04 5.867424801103922061e-01 1.403533776436072245e-02 3.773211820611805933e+01 2.159070917965001668e-02
9.320000000000000000e+02 6.685749199087436136e+04 5.862877470020810833e-01 1.407515170937486716e-02 3.772971608906132701e+01 2.160095995984713871e-02
9.330000000000000000e+02 6.697777297671377892e+04 5.858330138937697384e-01 1.450630464185886578e-02 3.772731228209676857e+01 2.161121795154703068e-02
9.340000000000000000e+02 6.709471672414909699e+04 5.853782807854586157e-01 1.489019946016995055e-02 3.772490678284496113e+01 2.162148316490353217e-02
9.350000000000000000e+02 6.720885060549167974e+04 5.849235476771472708e-01 1.545820122315771927e-02 3.772249958892148669e+01 2.163175561009194128e-02
9.360000000000000000e+02 6.731901380338027957e+04 5.844688145688361480e-01 1.492739399941187331e-02 3.772009069793687530e+01 2.164203529730908057e-02
9.370000000000000000e+02 6.743335618081243592e+04 5.840140814605248032e-01 1.503907789538809665e-02 3.771768010749659084e+01 2.165232223677334908e-02
9.380000000000000000e+02 6.754705162096994172e+04 5.835593483522136804e-01 1.496033667048041194e-02 3.771526781520103810e+01 2.166261643872478826e-02
9.390000000000000000e+02 6.766156887964216003e+04 5.831046152439023356e-01 1.486335799773300798e-02 3.771285381864552733e+01 2.167291791342515136e-02
9.400000000000000000e+02 6.777708673816762166e+04 5.826498821355912128e-01 1.470204836834499394e-02 3.771043811542026702e+01 2.168322667115794508e-02
9.410000000000000000e+02 6.789407315429554728e+04 5.821951490272798679e-01 1.454195208646457370e-02 3.770802070311036402e+01 2.169354272222850585e-02
9.420000000000000000e+02 6.801258521588171425e+04 5.817404159189687451e-01 1.479123795254826297e-02 3.770560157929578082e+01 2.170386607696406581e-02
9.430000000000000000e+02 6.812934814597285003e+04 5.812856828106574003e-01 1.489928881089088233e-02 3.770318074155134269e+01 2.171419674571380132e-02
9.440000000000000000e+02 6.824548537215660326e+04 5.808309497023462775e-01 1.542263456872670913e-02 3.770075818744671636e+01 2.172453473884889547e-02
9.450000000000000000e+02 6.835797149762816844e+04 5.803762165940349327e-01 1.533584409427794087e-02 3.769833391454640292e+01 2.173488006676261783e-02
9.460000000000000000e+02 6.847130066108575556e+04 5.799218337445639637e-01 1.525983951490068186e-02 3.769590792040969518e+01 2.174523273987036959e-02
9.470000000000000000e+02 6.858548223367013270e+04 5.794685458006587631e-01 1.605997635910656751e-02 3.769346316477170689e+01 2.174075848846799414e-02
9.480000000000000000e+02 6.869393369305580563e+04 5.790160025034793989e-01 1.558745895943409142e-02 3.769098043578044610e+01 2.170473231390758484e-02
9.490000000000000000e+02 6.880561277103702014e+04 5.785634592063000348e-01 1.483651878792988446e-02 3.768849594029086347e+01 2.166868050619227132e-02
9.500000000000000000e+02 6.892302614159623045e+04 5.781109159091205596e-01 1.417251177234059648e-02 3.768600967578739613e+01 2.163260302881934646e-02
9.510000000000000000e+02 6.904581278202934482e+04 5.776583726119411955e-01 1.570566712941813894e-02 3.768352163974909530e+01 2.159649984520807184e-02
9.520000000000000000e+02 6.915674080210734974e+04 5.772058293147617203e-01 1.636697859954997641e-02 3.768103182964961206e+01 2.156037091869946604e-02
9.530000000000000000e+02 6.926302456371708831e+04 5.767532860175823561e-01 1.639065287345939023e-02 3.767854024295721871e+01 2.152421621255605141e-02
9.540000000000000000e+02 6.936913501023482240e+04 5.763007427204029920e-01 1.594227611346469772e-02 3.767604687713472345e+01 2.148803568996167715e-02
9.550000000000000000e+02 6.947822864226184902e+04 5.758481994232236278e-01 1.517994790672688374e-02 3.767355172963953436e+01 2.145182931402126944e-02
9.560000000000000000e+02 6.959278690420597559e+04 5.753956561260441527e-01 1.445521360472361294e-02 3.767105479792357414e+01 2.141559704776058518e-02
9.570000000000000000e+02 6.971303417535923654e+04 5.749431128288647885e-01 1.419920180922934656e-02 3.766855607943332274e+01 2.137933885412602805e-02
9.580000000000000000e+02 6.983542776157593471e+04 5.744905695316853134e-01 1.406339284992781657e-02 3.766605557160974627e+01 2.134305469598438490e-02
9.590000000000000000e+02 6.995897069320378068e+04 5.740380262345059492e-01 1.432966172594785439e-02 3.766355327188833257e+01 2.130674453612262098e-02
9.600000000000000000e+02 7.008019727823595167e+04 5.735854829373265851e-01 1.445742899482821420e-02 3.766104917769904148e+01 2.127040833724764060e-02
9.610000000000000000e+02 7.020035208955866983e+04 5.731329396401472209e-01 1.563180901789188240e-02 3.765854328646630478e+01 2.123404606198605465e-02
9.620000000000000000e+02 7.031156466520990944e+04 5.726803963429677458e-01 1.505972788007330782e-02 3.765603559560899072e+01 2.119765767288396899e-02
9.630000000000000000e+02 7.042714458664218546e+04 5.722278530457883816e-01 1.611401930458713355e-02 3.765352610254042531e+01 2.116124313240671032e-02
9.640000000000000000e+02 7.053539901157381246e+04 5.717753097486089064e-01 1.650110536589697793e-02 3.765101480466833550e+01 2.112480240293863540e-02
9.650000000000000000e+02 7.064110984388404177e+04 5.713227664514295423e-01 1.587465216030792617e-02 3.764850169939486335e+01 2.108833544678288818e-02
9.660000000000000000e+02 7.075112553373794071e+04 5.708702231542501782e-01 1.600031097005437386e-02 3.764598678411652344e+01 2.105184222616116388e-02
9.670000000000000000e+02 7.086038415344481473e+04 5.704176798570708140e-01 1.626240105250615145e-02 3.764347005622421705e+01 2.101532270321346957e-02
9.680000000000000000e+02 7.096798585854840348e+04 5.699651365598913388e-01 1.695251562987674585e-02 3.764095151310318954e+01 2.097877683999788134e-02
9.690000000000000000e+02 7.107137982097335043e+04 5.695125932627119747e-01 1.713127026368299263e-02 3.763843115213303037e+01 2.094220459849032920e-02
9.700000000000000000e+02 7.117374836572454660e+04 5.690600499655324995e-01 1.757024218435132915e-02 3.763590897068765173e+01 2.090560594058434724e-02
9.710000000000000000e+02 7.127367503590094566e+04 5.686075066683531354e-01 1.797012167081905518e-02 3.763338496613525308e+01 2.086898082809082386e-02
9.720000000000000000e+02 7.137150794385717018e+04 5.681549633711737712e-01 1.904255556968587407e-02 3.763085913583834952e+01 2.083232922273779708e-02
9.730000000000000000e+02 7.146388151828845730e+04 5.677024200739944071e-01 1.911354124675663027e-02 3.762833147715371496e+01 2.079565108617016309e-02
9.740000000000000000e+02 7.155600435728495358e+04 5.672497038702570826e-01 1.977483871368977686e-02 3.762580198743237503e+01 2.075894637994948888e-02
9.750000000000000000e+02 7.164512838825659128e+04 5.667966068497010124e-01 1.930503452266796663e-02 3.762321686002567134e+01 2.072076544981030916e-02
9.760000000000000000e+02 7.173650723402813310e+04 5.663433019188843787e-01 1.829737057218460555e-02 3.762056513753883280e+01 2.068081310882716878e-02
9.770000000000000000e+02 7.183310065522319928e+04 5.658899969880675229e-01 1.708203493499669753e-02 3.761791148996660894e+01 2.064083176342594583e-02
9.780000000000000000e+02 7.193662196979086730e+04 5.654366920572508892e-01 1.775078139246051914e-02 3.761525591451184880e+01 2.060082137146303574e-02
9.790000000000000000e+02 7.203624804201886582e+04 5.649833871264340335e-01 1.777211101285700728e-02 3.761259840837127655e+01 2.056078189070294562e-02
9.800000000000000000e+02 7.213583478873006243e+04 5.645300821956173998e-01 1.801548250820873831e-02 3.760993896873551989e+01 2.052071327881796817e-02
9.810000000000000000e+02 7.223415570936487347e+04 5.640767772648007661e-01 1.684489888271903033e-02 3.760727759278906746e+01 2.048061549338796999e-02
9.820000000000000000e+02 7.233940800657932414e+04 5.636234723339839103e-01 1.691925751266526098e-02 3.760461427771024034e+01 2.044048849190006900e-02
9.830000000000000000e+02 7.244425920820560714e+04 5.631701674031672766e-01 1.758234029132836260e-02 3.760194902067119926e+01 2.040033223174840538e-02
9.840000000000000000e+02 7.254520914695730607e+04 5.627168624723504209e-01 1.700445879971941229e-02 3.759928181883790899e+01 2.036014667023383282e-02
9.850000000000000000e+02 7.264965171283317613e+04 5.622635575415337872e-01 1.681990777748449198e-02 3.759661266937013835e+01 2.031993176456369302e-02
9.860000000000000000e+02 7.275531465486421075e+04 5.618102526107169314e-01 1.682152946091262230e-02 3.759394156942140341e+01 2.027968747185149648e-02
9.870000000000000000e+02 7.286104131094903278e+04 5.613569476799002977e-01 1.636530102926811100e-02 3.759126851613900300e+01 2.023941374911666230e-02
9.880000000000000000e+02 7.296978818745184981e+04 5.609036427490834420e-01 1.594865281242016999e-02 3.758859350666395471e+01 2.019911055328427879e-02
9.890000000000000000e+02 7.308146880857016367e+04 5.604503378182668083e-01 1.599138234269377803e-02 3.758591653813100919e+01 2.015877784118474958e-02
9.900000000000000000e+02 7.319299513889277296e+04 5.599970328874499526e-01 1.499839922660354576e-02 3.758323760766860033e+01 2.011841556955360627e-02
9.910000000000000000e+02 7.331211978267671657e+04 5.595437279566333189e-01 1.492558801902119960e-02 3.758055671239886664e+01 2.007802369503114415e-02
9.920000000000000000e+02 7.343191426241197041e+04 5.590904230258165741e-01 1.500318953992337001e-02 3.757787384943758013e+01 2.003760217416222095e-02
9.930000000000000000e+02 7.355122266542474972e+04 5.586371180949998294e-01 1.562727642357305408e-02 3.757518901589418192e+01 1.999715096339594114e-02
9.940000000000000000e+02 7.366591777822215226e+04 5.581838131641831957e-01 1.596412380472413822e-02 3.757250220887173242e+01 1.995667001908532287e-02
9.950000000000000000e+02 7.377831283211418486e+04 5.577305082333663400e-01 1.632718203708125385e-02 3.756981342546689007e+01 1.991615929748713487e-02
9.960000000000000000e+02 7.388833579221903346e+04 5.572772033025497063e-01 1.687141634733131668e-02 3.756712266276991841e+01 1.987561875476148363e-02
9.970000000000000000e+02 7.399494754636302241e+04 5.568238983717328505e-01 1.732229284211635190e-02 3.756442991786463637e+01 1.983504834697163641e-02
9.980000000000000000e+02 7.409888755908550229e+04 5.563705934409162168e-01 1.694095052498695297e-02 3.756173518782841114e+01 1.979444803008364659e-02
9.990000000000000000e+02 7.420528723510520649e+04 5.559172885100993611e-01 1.703661764465362258e-02 3.755903846973216531e+01 1.975381775996613506e-02
1.000000000000000000e+03 7.431120505403718562e+04 5.554639835792827274e-01 1.711372541982731851e-02 3.755633976064029866e+01 1.971315749238999188e-02
1.001000000000000000e+03 7.441678952826643945e+04 5.550105986288784710e-01 1.742441597252719632e-02 3.755363905761073084e+01 1.967246718302801192e-02
1.002000000000000000e+03 7.452058657224877970e+04 5.545566415733632626e-01 1.759627696160681598e-02 3.755091577567644379e+01 1.963143668720055204e-02
1.003000000000000000e+03 7.462345880509882409e+04 5.541021924323247250e-01 1.753568106422015438e-02 3.754806386141671481e+01 1.958846814447976620e-02
1.004000000000000000e+03 7.472679967966863478e+04 5.536477432912861874e-01 1.891467208347159812e-02 3.754520983535284273e+01 1.954546778413106950e-02
1.005000000000000000e+03 7.482278380593523616e+04 5.531932941502476497e-01 1.897006504008858993e-02 3.754235369435497205e+01 1.950243555899849879e-02
1.006000000000000000e+03 7.491850413415285584e+04 5.527388450092091121e-01 1.892401798825436854e-02 3.753949543528631239e+01 1.945937142182117829e-02
1.007000000000000000e+03 7.501451937371198437e+04 5.522843958681706855e-01 1.924355570876445931e-02 3.753663505500306741e+01 1.941627532523299005e-02
1.008000000000000000e+03 7.510901091624042601e+04 5.518299467271321479e-01 1.892167608836787390e-02 3.753377255035443483e+01 1.937314722176230672e-02
1.009000000000000000e+03 7.520519961347898061e+04 5.513754975860936103e-01 1.915897020676216728e-02 3.753090791818260641e+01 1.932998706383164123e-02
1.010000000000000000e+03 7.530027303986035986e+04 5.509210484450550727e-01 2.028408161838653884e-02 3.752804115532271112e+01 1.928679480375733793e-02
1.011000000000000000e+03 7.539021271927696944e+04 5.504665993040165350e-01 2.060381564093400827e-02 3.752517225860281513e+01 1.924357039374926040e-02
1.012000000000000000e+03 7.547876168758570566e+04 5.500121501629779974e-01 1.961984135601306176e-02 3.752230122484390051e+01 1.920031378591050344e-02
1.013000000000000000e+03 7.557188797325752967e+04 5.495577010219394598e-01 1.846553956816906691e-02 3.751942805085982968e+01 1.915702493223701147e-02
1.014000000000000000e+03 7.567083680322871078e+04 5.491032518809009222e-01 1.806824653434824235e-02 3.751655273345734543e+01 1.911370378461731828e-02
1.015000000000000000e+03 7.577203932162380079e+04 5.486488027398624956e-01 1.760759780545115630e-02 3.751367526943604247e+01 1.907035029483219665e-02
1.016000000000000000e+03 7.587595533907359641e+04 5.481943535988239580e-01 1.694313211520507775e-02 3.751079565558831774e+01 1.902696441455432874e-02
1.017000000000000000e+03 7.598392982539044169e+04 5.477399044577854204e-01 1.720224631473709145e-02 3.750791388869939169e+01 1.898354609534800425e-02
1.018000000000000000e+03 7.609026266223387211e+04 5.472854553167468827e-01 1.695511296723963696e-02 3.750502996554727986e+01 1.894009528866879774e-02
1.019000000000000000e+03 7.619813449032990320e+04 5.468310061757083451e-01 1.632351636817401530e-02 3.750214388290273604e+01 1.889661194586321480e-02
1.020000000000000000e+03 7.631017175549551030e+04 5.463765570346698075e-01 1.607382652877901996e-02 3.749925563752926649e+01 1.885309601816840749e-02
1.021000000000000000e+03 7.642393192413279030e+04 5.459221078936313809e-01 1.545703543401806719e-02 3.749636522618308732e+01 1.880954745671179623e-02
1.022000000000000000e+03 7.654223918561459868e+04 5.454676587525928433e-01 1.483070798885288352e-02 3.749347264561313153e+01 1.876596621251079219e-02
1.023000000000000000e+03 7.666554471922792436e+04 5.450132096115543057e-01 1.467112351136680599e-02 3.749057789256098516e+01 1.872235223647241570e-02
1.024000000000000000e+03 7.679016934846984805e+04 5.445587604705157680e-01 1.550322721301716257e-02 3.748768096376089431e+01 1.867870547939299436e-02
1.025000000000000000e+03 7.690806407748715719e+04 5.441043113294772304e-01 1.572211612238459330e-02 3.748478185593974388e+01 1.863502589195784737e-02
1.026000000000000000e+03 7.702433466822342598e+04 5.436498621884386928e-01 1.529134625005476762e-02 3.748188056581701488e+01 1.859131342474090384e-02
1.027000000000000000e+03 7.714384110247586796e+04 5.431954130474001552e-01 1.573312280663487217e-02 3.747897709010478451e+01 1.854756802820440448e-02
1.028000000000000000e+03 7.725996103008820501e+04 5.427433218095906176e-01 1.526567594425984505e-02 3.747607142550767634e+01 1.850378965269853376e-02
1.029000000000000000e+03 7.737963460558088263e+04 5.422976654191797863e-01 1.589519270756134875e-02 3.747312232089291939e+01 1.847536876901701569e-02
1.030000000000000000e+03 7.749471512024434924e+04 5.418560859729386614e-01 1.536424520414876073e-02 3.747009964295489226e+01 1.847354752985883725e-02
1.031000000000000000e+03 7.761405388775616302e+04 5.414145065266975365e-01 1.537883465835557413e-02 3.746707468111595318e+01 1.847172491459316349e-02
1.032000000000000000e+03 7.773347186789917760e+04 5.409729270804565227e-01 1.601509340190634956e-02 3.746404743192211129e+01 1.846990092113887788e-02
1.033000000000000000e+03 7.784839937937186914e+04 5.405313476342153978e-01 1.631302919416426078e-02 3.746101789191154552e+01 1.846807554741014198e-02
1.034000000000000000e+03 7.796143479958441458e+04 5.400897681879742729e-01 1.644567328883725019e-02 3.745798605761455491e+01 1.846624879131637809e-02
1.035000000000000000e+03 7.807380260166322114e+04 5.396481887417332590e-01 1.669063277437289952e-02 3.745495192555355857e+01 1.846442065076225533e-02
1.036000000000000000e+03 7.818472721498506144e+04 5.392066092954921341e-01 1.614634758765180755e-02 3.745191549224305305e+01 1.846259112364767238e-02
1.037000000000000000e+03 7.829973904670063348e+04 5.387650298492510093e-01 1.559672818339302887e-02 3.744887675418961948e+01 1.846076020786775046e-02
1.038000000000000000e+03 7.841892756618368730e+04 5.383234504030098844e-01 1.523569593136757383e-02 3.744583570789184535e+01 1.845892790131280908e-02
1.039000000000000000e+03 7.854117949336161837e+04 5.378818709567687595e-01 1.549942174768438943e-02 3.744279234984036719e+01 1.845709420186836258e-02
1.040000000000000000e+03 7.866159958955874026e+04 5.374402915105276346e-01 1.572761544620622856e-02 3.743974667651778532e+01 1.845525910741509235e-02
1.041000000000000000e+03 7.878049092549257330e+04 5.369987120642866207e-01 1.618761253785027873e-02 3.743669868439868509e+01 1.845342261582884683e-02
1.042000000000000000e+03 7.889625498139315459e+04 5.365571326180454959e-01 1.625586382665884788e-02 3.743364836994957301e+01 1.845158472498061378e-02
1.043000000000000000e+03 7.901158913403503539e+04 5.361155531718043710e-01 1.631739798401786457e-02 3.743059572962890513e+01 1.844974543273650985e-02
1.044000000000000000e+03 7.912657328426433378e+04 5.356739737255633571e-01 1.624558373013252482e-02 3.742754075988698759e+01 1.844790473695777366e-02
1.045000000000000000e+03 7.924213949888183561e+04 5.352323942793222322e-01 1.707660906770866113e-02 3.742448345716603342e+01 1.844606263550073455e-02
1.046000000000000000e+03 7.935195232338790083e+04 5.347908148330811073e-01 1.711737956877818628e-02 3.742142381790007732e+01 1.844421912621681606e-02
1.047000000000000000e+03 7.946152267233227030e+04 5.343492353868399825e-01 1.774086056143556536e-02 3.741836183851497566e+01 1.844237420695250471e-02
1.048000000000000000e+03 7.956724416574108182e+04 5.339076559405988576e-01 1.782933715442651390e-02 3.741529751542837801e+01 1.844052787554934653e-02
1.049000000000000000e+03 7.967245874638324312e+04 5.334660764943577327e-01 1.732847515348530029e-02 3.741223084504969876e+01 1.843868012984392624e-02
1.050000000000000000e+03 7.978069819204327359e+04 5.330244970481167188e-01 1.683777142128000184e-02 3.740916182378011001e+01 1.843683096766784990e-02
1.051000000000000000e+03 7.989214021417793992e+04 5.325829176018755939e-01 1.712857685561872123e-02 3.740609044801247052e+01 1.843498038684774146e-02
1.052000000000000000e+03 8.000168789241054037e+04 5.321413381556344691e-01 1.752997028279601119e-02 3.740301671413136120e+01 1.843312838520520455e-02
1.053000000000000000e+03 8.010871754377202888e+04 5.316997587093934552e-01 1.857000037261022710e-02 3.739994061851302121e+01 1.843127496055683642e-02
1.054000000000000000e+03 8.020979167707661691e+04 5.312586685966367295e-01 1.833867679735940934e-02 3.739686215752531240e+01 1.842942011071418973e-02
1.055000000000000000e+03 8.031213561474303424e+04 5.308215576483911180e-01 1.773419436841249669e-02 3.739379081759764745e+01 1.843018083292749174e-02
1.056000000000000000e+03 8.041801938093194622e+04 5.303879365311722216e-01 1.822121431872262762e-02 3.739078481972458690e+01 1.844961325876313604e-02
1.057000000000000000e+03 8.052123400998639408e+04 5.299543154139533252e-01 1.907765583114080440e-02 3.738777650505792849e+01 1.846906066162867441e-02
1.058000000000000000e+03 8.061991328692810202e+04 5.295206942967344288e-01 1.814019981227850409e-02 3.738476587002367779e+01 1.848852306462820880e-02
1.059000000000000000e+03 8.072381995365051262e+04 5.290870731795155324e-01 1.779305120847798558e-02 3.738175291103961229e+01 1.850800049091936086e-02
1.060000000000000000e+03 8.082987277157969947e+04 5.286534520622966360e-01 1.861978995144105559e-02 3.737873762451516768e+01 1.852749296371340726e-02
1.061000000000000000e+03 8.093135408679445391e+04 5.282198309450777396e-01 1.933332457878115737e-02 3.737572000685147344e+01 1.854700050627546698e-02
1.062000000000000000e+03 8.102921465466028894e+04 5.277862098278588432e-01 1.861110747166618701e-02 3.737270005444130305e+01 1.856652314192465403e-02
1.063000000000000000e+03 8.113098996820094180e+04 5.273525887106399468e-01 1.902859605570533449e-02 3.736967776366903848e+01 1.858606089403425435e-02
1.064000000000000000e+03 8.123065381619594700e+04 5.269189675934210504e-01 1.887351449995226457e-02 3.736665313091067731e+01 1.860561378603188890e-02
1.065000000000000000e+03 8.133127149145607837e+04 5.264853464762022650e-01 1.882912078463209321e-02 3.736362615253376873e+01 1.862518184139967670e-02
1.066000000000000000e+03 8.143222484835122305e+04 5.260517253589833686e-01 1.942500121094338505e-02 3.736059682489740652e+01 1.864476508367443608e-02
1.067000000000000000e+03 8.153020890954509377e+04 5.256181042417644722e-01 1.934010064182508162e-02 3.735756514435221476e+01 1.866436353644779569e-02
1.068000000000000000e+03 8.162873332322022179e+04 5.251844831245455758e-01 1.922633170877871903e-02 3.735453110724028392e+01 1.868397722336642003e-02
1.069000000000000000e+03 8.172793457541082171e+04 5.247508620073266794e-01 1.868031690100186923e-02 3.735149470989518505e+01 1.870360616813215165e-02
1.070000000000000000e+03 8.183010880751415971e+04 5.243172408901077830e-01 1.860473583435905479e-02 3.734845594864193430e+01 1.872325039450218817e-02
1.071000000000000000e+03 8.193277344703000563e+04 5.238836197728888866e-01 1.839719140073797429e-02 3.734541481979692890e+01 1.874290992628926608e-02
1.072000000000000000e+03 8.203668441741203424e+04 5.234499986556699902e-01 1.878783983987424716e-02 3.734237131966796852e+01 1.876258478736181692e-02
1.073000000000000000e+03 8.213854320283699781e+04 5.230163775384510938e-01 2.004197551403735442e-02 3.733932544455421265e+01 1.878227500164415115e-02
1.074000000000000000e+03 8.223406741557593341e+04 5.225827564212321974e-01 1.898544265175734075e-02 3.733627719074614504e+01 1.880198059311663158e-02
1.075000000000000000e+03 8.233500875924786669e+04 5.221491353040133010e-01 1.952507815723666246e-02 3.733322655452554528e+01 1.882170158581585040e-02
1.076000000000000000e+03 8.243323513407456630e+04 5.217155141867944046e-01 1.993913089629892332e-02 3.733017353216547463e+01 1.884143800383478867e-02
1.077000000000000000e+03 8.252947839552299411e+04 5.212818930695755082e-01 2.129045604989568755e-02 3.732711811993024043e+01 1.886118987132302804e-02
1.078000000000000000e+03 8.261970694355535670e+04 5.208482719523566118e-01 2.097445935832757680e-02 3.732406031407536773e+01 1.888095721248689990e-02
1.079000000000000000e+03 8.271134203751331370e+04 5.204146508351377154e-01 2.047563055654190792e-02 3.732100011084758506e+01 1.890074005158965537e-02
1.080000000000000000e+03 8.280527926958673925e+04 5.199813351681088491e-01 1.953693938543193259e-02 3.731793750648478181e+01 1.892053841295167696e-02
1.081000000000000000e+03 8.290380099809008243e+04 5.195487850969588983e-01 2.000634745000688317e-02 3.731490978159227723e+01 1.894036196956937895e-02
1.082000000000000000e+03 8.300008225073333597e+04 5.191166951714979438e-01 2.028979813322584133e-02 3.731193586648426219e+01 1.896021564561230915e-02
1.083000000000000000e+03 8.309509251347277313e+04 5.186846052460368783e-01 2.137055948446321338e-02 3.730895961246396553e+01 1.898008493609109823e-02
1.084000000000000000e+03 8.318539841073608841e+04 5.182525153205758128e-01 2.207958768405016495e-02 3.730598101584948978e+01 1.899996986558583414e-02
1.085000000000000000e+03 8.327283767748561513e+04 5.178204253951148583e-01 2.192116249391288033e-02 3.730300007295025466e+01 1.901987045873468687e-02
1.086000000000000000e+03 8.336097455810854444e+04 5.173883354696537928e-01 2.148767902511532213e-02 3.730001678006694021e+01 1.903978674023409576e-02
1.087000000000000000e+03 8.345095884740883776e+04 5.169562455441927273e-01 2.110643585446506793e-02 3.729703113349145127e+01 1.905971873483895684e-02
1.088000000000000000e+03 8.354266079639532836e+04 5.165241556187316618e-01 2.291407666990189287e-02 3.729404312950695299e+01 1.907966646736279984e-02
1.089000000000000000e+03 8.362717902328482887e+04 5.160920656932705963e-01 2.208986523736442692e-02 3.729105276438775007e+01 1.909962996267798238e-02
1.090000000000000000e+03 8.371490993105933012e+04 5.156599757678095308e-01 2.197154151309472017e-02 3.728806003439934358e+01 1.911960924571587395e-02
1.091000000000000000e+03 8.380319329316717631e+04 5.152278858423485763e-01 2.157692016948821456e-02 3.728506493579835990e+01 1.913960434146702236e-02
1.092000000000000000e+03 8.389314903322828468e+04 5.147957959168875108e-01 2.222487478258752119e-02 3.728206746483252232e+01 1.915961527498138625e-02
1.093000000000000000e+03 8.398054720255662687e+04 5.143637059914264453e-01 2.291011485633718744e-02 3.727906761774062971e+01 1.917964207136847038e-02
1.094000000000000000e+03 8.406541105915838853e+04 5.139316160659654908e-01 2.365273049231126842e-02 3.727606539075253522e+01 1.919968475579756501e-02
1.095000000000000000e+03 8.414766723535468918e+04 5.134995261405044253e-01 2.368295349258379978e-02 3.727306078008911783e+01 1.921974335349788121e-02
1.096000000000000000e+03 8.422988872512528906e+04 5.130674362150433598e-01 2.368386390498952027e-02 3.727005378196223973e+01 1.923981788975880763e-02
1.097000000000000000e+03 8.431220420480555913e+04 5.126353462895822943e-01 2.207584103939444833e-02 3.726704439257471790e+01 1.925990838993003884e-02
1.098000000000000000e+03 8.440058220371775678e+04 5.122032563641212288e-01 2.195401870005077305e-02 3.726403260812031704e+01 1.928001487942180431e-02
1.099000000000000000e+03 8.448951239148020977e+04 5.117711664386602743e-01 2.176578419497743333e-02 3.726101842478370685e+01 1.930013738370505230e-02
1.100000000000000000e+03 8.457929213903633354e+04 5.113390765131992088e-01 2.208918014963753493e-02 3.725800183874042659e+01 1.932027592831163029e-02
1.101000000000000000e+03 8.466783687370514963e+04 5.109069865877381433e-01 2.314509130031594877e-02 3.725498284615685662e+01 1.934043053883450700e-02
1.102000000000000000e+03 8.475242746724259632e+04 5.104748966622771889e-01 2.214653553995616156e-02 3.725196144319020419e+01 1.936060124092794585e-02
1.103000000000000000e+03 8.484100065230116888e+04 5.100428067368161233e-01 2.193349876831214226e-02 3.724893762598847502e+01 1.938078806030770623e-02
1.104000000000000000e+03 8.493040885421486746e+04 5.096107168113550578e-01 2.269560456887561445e-02 3.724591139069040224e+01 1.940099102275123777e-02
1.105000000000000000e+03 8.501687958477989014e+04 5.091786430635778515e-01 2.222959239367483519e-02 3.724288273342548194e+01 1.942121015409788848e-02
1.106000000000000000e+03 8.510525209814732079e+04 5.087466572001274612e-01 2.166531351063139682e-02 3.723986797756399625e+01 1.944085420598294991e-02
1.107000000000000000e+03 8.519597599922698282e+04 5.083147430433200276e-01 2.094343395575097924e-02 3.723692320366999553e+01 1.945789216517292836e-02
1.108000000000000000e+03 8.528989955811998516e+04 5.078828288865125939e-01 2.110924295344871263e-02 3.723397606736298115e+01 1.947494379288143215e-02
1.109000000000000000e+03 8.538313842415990075e+04 5.074509147297052714e-01 2.171998481294196148e-02 3.723102656484947204e+01 1.949200911105691131e-02
1.110000000000000000e+03 8.547382245086615148e+04 5.070190005728978377e-01 2.152076154505268291e-02 3.722807469232683530e+01 1.950908814170072489e-02
1.111000000000000000e+03 8.556540313857776346e+04 5.065870864160904041e-01 2.172351384360774948e-02 3.722512044598326497e+01 1.952618090686731450e-02
1.112000000000000000e+03 8.565620249282526493e+04 5.061551722592829705e-01 2.223074091883541284e-02 3.722216382199776774e+01 1.954328742866436736e-02
1.113000000000000000e+03 8.574499001945501368e+04 5.057232581024755369e-01 2.085742811218243078e-02 3.721920481654009194e+01 1.956040772925298973e-02
1.114000000000000000e+03 8.583970704133906111e+04 5.052913439456681033e-01 2.101370679997215107e-02 3.721624342577073463e+01 1.957754183084789087e-02
1.115000000000000000e+03 8.593377692481277336e+04 5.048594297888606697e-01 2.038892144914380977e-02 3.721327964584091319e+01 1.959468975571753563e-02
1.116000000000000000e+03 8.603080400069008465e+04 5.044275156320532361e-01 2.053774293119512914e-02 3.721031347289250135e+01 1.961185152618433528e-02
1.117000000000000000e+03 8.612716369717559428e+04 5.039956014752459135e-01 2.041023076760297567e-02 3.720734490305803632e+01 1.962902716462481406e-02
1.118000000000000000e+03 8.622420019994124596e+04 5.035636873184384799e-01 2.205890871363587469e-02 3.720437393246064772e+01 1.964621669346978960e-02
1.119000000000000000e+03 8.631410359552547743e+04 5.031317731616310462e-01 2.073904606612918949e-02 3.720140055721408601e+01 1.966342013520453944e-02
1.120000000000000000e+03 8.640986997662311478e+04 5.026998590048236126e-01 2.031048629489902446e-02 3.719842477342263720e+01 1.968063751236898140e-02
1.121000000000000000e+03 8.650773608243632771e+04 5.022679448480161790e-01 2.030288007416453100e-02 3.719544657718110159e+01 1.969786884755785755e-02
1.122000000000000000e+03 8.660577217204138287e+04 5.018360306912087454e-01 2.002848710500244184e-02 3.719246596457480081e+01 1.971511416342090414e-02
1.123000000000000000e+03 8.670529510117280006e+04 5.014041165344014228e-01 2.013848061937662318e-02 3.718948293167950681e+01 1.973237348266303204e-02
1.124000000000000000e+03 8.680440883534231398e+04 5.009722023775939892e-01 1.973850834595691772e-02 3.718649747456142052e+01 1.974964682804451407e-02
1.125000000000000000e+03 8.690569518288344261e+04 5.005402882207865556e-01 1.931340951060829189e-02 3.718350958927714345e+01 1.976693422238114464e-02
1.126000000000000000e+03 8.700932680246066593e+04 5.001083740639791220e-01 1.986660883633729890e-02 3.718051927187366346e+01 1.978423568854444439e-02
1.127000000000000000e+03 8.711023006971598079e+04 4.996764599071716884e-01 2.022880626634042389e-02 3.717752651838829081e+01 1.980155124946182676e-02
1.128000000000000000e+03 8.720944500485790195e+04 4.992445457503642547e-01 1.972765701922559942e-02 3.717453132484864398e+01 1.981888092811678881e-02
1.129000000000000000e+03 8.731135130268527428e+04 4.988126315935568766e-01 1.925238607644160979e-02 3.717153368727262830e+01 1.983622474754908813e-02
1.130000000000000000e+03 8.741588791587368178e+04 4.983790562302916616e-01 1.943577614391488531e-02 3.716853360166838627e+01 1.985358273085492675e-02
1.131000000000000000e+03 8.751955723192935693e+04 4.979419324738054708e-01 1.885819512888535845e-02 3.716554833762606336e+01 1.986150004054941520e-02
1.132000000000000000e+03 8.762648936487577157e+04 4.975029215305561969e-01 1.814909772510188771e-02 3.716258026311314921e+01 1.985867839093254789e-02
1.133000000000000000e+03 8.773763081574732496e+04 4.970639105873069230e-01 1.847222578833897233e-02 3.715960975880101103e+01 1.985585443138645698e-02
1.134000000000000000e+03 8.784695254168068641e+04 4.966248996440576491e-01 1.870212201078572459e-02 3.715663682070810836e+01 1.985302815812602442e-02
1.135000000000000000e+03 8.795491272986387776e+04 4.961858887008083752e-01 1.846321630718239862e-02 3.715366144484309530e+01 1.985019956735681324e-02
1.136000000000000000e+03 8.806427050922295894e+04 4.957468777575591012e-01 1.814026632621041843e-02 3.715068362720480621e+01 1.984736865527505015e-02
1.137000000000000000e+03 8.817563091804797295e+04 4.953078668143098273e-01 1.714606822943155404e-02 3.714770336378221316e+01 1.984453541806758745e-02
1.138000000000000000e+03 8.829357108235311171e+04 4.948688558710606089e-01 1.583375947809280773e-02 3.714472065055441163e+01 1.984169985191186827e-02
1.139000000000000000e+03 8.842124818769007106e+04 4.944298449278113350e-01 1.709960933148389067e-02 3.714173548349054954e+01 1.983886195297591276e-02
1.140000000000000000e+03 8.853965609370518359e+04 4.939908339845620611e-01 1.736043986163005731e-02 3.713874785854982719e+01 1.983602171741826597e-02
1.141000000000000000e+03 8.865623716059142316e+04 4.935518230413127871e-01 1.706462164873940451e-02 3.713575777168146885e+01 1.983317914138798058e-02
1.142000000000000000e+03 8.877482319509447552e+04 4.931128120980635132e-01 1.734268134075503745e-02 3.713276521882466596e+01 1.983033422102458213e-02
1.143000000000000000e+03 8.889154692433960736e+04 4.926738011548142393e-01 1.718277440025794620e-02 3.712977019590854155e+01 1.982748695245803439e-02
1.144000000000000000e+03 8.900945864400771097e+04 4.922347902115650209e-01 1.736828901724058599e-02 3.712677269885215026e+01 1.982463733180871157e-02
1.145000000000000000e+03 8.912626736294997681e+04 4.917957792683157470e-01 1.824820001212844323e-02 3.712377272356442148e+01 1.982178535518736712e-02
1.146000000000000000e+03 8.923752168655142304e+04 4.913567683250664730e-01 1.762308750162963622e-02 3.712077026594411677e+01 1.981893101869509552e-02
1.147000000000000000e+03 8.935285438698528742e+04 4.909177573818171991e-01 1.756768664332819183e-02 3.711776532187982269e+01 1.981607431842330805e-02
1.148000000000000000e+03 8.946865519697792479e+04 4.904787464385679252e-01 1.768502579600633035e-02 3.711475788724989400e+01 1.981321525045369805e-02
1.149000000000000000e+03 8.958380749381234637e+04 4.900397354953186513e-01 1.747792734577065590e-02 3.711174795792243941e+01 1.981035381085820279e-02
1.150000000000000000e+03 8.970044677921454422e+04 4.896007245520693774e-01 1.803771333579334488e-02 3.710873552975525058e+01 1.980748999569898264e-02
1.151000000000000000e+03 8.981356989038076426e+04 4.891617136088201589e-01 1.870878973624020419e-02 3.710572059859583050e+01 1.980462380102838288e-02
1.152000000000000000e+03 8.992279297709654202e+04 4.887227026655708850e-01 1.933833542627918026e-02 3.710270316028130111e+01 1.980175522288889212e-02
1.153000000000000000e+03 9.002851964164954552e+04 4.882836917223216111e-01 1.932962030208422444e-02 3.709968321063838914e+01 1.979888425731312490e-02
1.154000000000000000e+03 9.013441183995458414e+04 4.878447584357206712e-01 1.821676107824195603e-02 3.709666074548339765e+01 1.979601090032377664e-02
1.155000000000000000e+03 9.024690713141096057e+04 4.874061470383213579e-01 1.820210878235928656e-02 3.709363625791864649e+01 1.979298211170389329e-02
1.156000000000000000e+03 9.035956984210629889e+04 4.869677798734752816e-01 1.894581970640967991e-02 3.709061081155468287e+01 1.978946929155151260e-02
1.157000000000000000e+03 9.046805143032573687e+04 4.865294127086292608e-01 2.014752296825245495e-02 3.708758283883757656e+01 1.978595353807188761e-02
1.158000000000000000e+03 9.057003484015824506e+04 4.860910455437832400e-01 1.998206474924070844e-02 3.708455233554460762e+01 1.978243484636206181e-02
1.159000000000000000e+03 9.067296335566282505e+04 4.856526783789371082e-01 1.886596791021665637e-02 3.708151929744246900e+01 1.977891321150677256e-02
1.160000000000000000e+03 9.078218050638720160e+04 4.852143112140910874e-01 1.888747165124129990e-02 3.707848372028721684e+01 1.977538862857842333e-02
1.161000000000000000e+03 9.089137968409253517e+04 4.847759440492450667e-01 1.957395531945855388e-02 3.707544559982425625e+01 1.977186109263702127e-02
1.162000000000000000e+03 9.099675531273867819e+04 4.843375768843989904e-01 1.997665904431020559e-02 3.707240493178826313e+01 1.976833059873015289e-02
1.163000000000000000e+03 9.110016156525180850e+04 4.838992097195529141e-01 2.044380686987365067e-02 3.706936171190319840e+01 1.976479714189293552e-02
1.164000000000000000e+03 9.120128496172380983e+04 4.834608425547068933e-01 1.927663853483204542e-02 3.706631593588223694e+01 1.976126071714797219e-02
1.165000000000000000e+03 9.130860838497082295e+04 4.830224753898608725e-01 1.953822780629202102e-02 3.706326759942774629e+01 1.975772131950532043e-02
1.166000000000000000e+03 9.141461174006990041e+04 4.825841082250147962e-01 1.912973163669031904e-02 3.706021669823123688e+01 1.975417894396242977e-02
1.167000000000000000e+03 9.152305370750621660e+04 4.821457410601687199e-01 1.908196745849999668e-02 3.705716322797334783e+01 1.975063358550412790e-02
1.168000000000000000e+03 9.163182486374629661e+04 4.817073738953226991e-01 1.795363881320552121e-02 3.705410718432379014e+01 1.974708523910255475e-02
1.169000000000000000e+03 9.174775374951623962e+04 4.812690067304766228e-01 1.747669848996962275e-02 3.705104856294131821e+01 1.974353389971712086e-02
1.170000000000000000e+03 9.186667925117767300e+04 4.808306395656305465e-01 1.823674391854464977e-02 3.704798735947369437e+01 1.973997956229448653e-02
1.171000000000000000e+03 9.198076294026624237e+04 4.803922724007845257e-01 1.961083351302952971e-02 3.704492356955764620e+01 1.973642222176848898e-02
1.172000000000000000e+03 9.208694661861121131e+04 4.799539052359385050e-01 1.888809446151882773e-02 3.704185718881883105e+01 1.973286187306012157e-02
1.173000000000000000e+03 9.219729158413466939e+04 4.795155380710924287e-01 1.847905936771445518e-02 3.703878821287180756e+01 1.972929851107747476e-02
1.174000000000000000e+03 9.231020029828597035e+04 4.790771709062463524e-01 1.786405571333343073e-02 3.703571663731998598e+01 1.972573213071570838e-02
1.175000000000000000e+03 9.242707226191699738e+04 4.786388037414003316e-01 1.806965505107317738e-02 3.703264245775558550e+01 1.972216272685699268e-02
1.176000000000000000e+03 9.254272687790515192e+04 4.782004365765542553e-01 1.877347092096255665e-02 3.702956566975961294e+01 1.971859029437047009e-02
1.177000000000000000e+03 9.265431123832549201e+04 4.777620694117081790e-01 1.944694798266557306e-02 3.702648626890182726e+01 1.971501482811222061e-02
1.178000000000000000e+03 9.276206106757967791e+04 4.773239195213746511e-01 1.842661114750245369e-02 3.702340425074066843e+01 1.971143632292519238e-02
1.179000000000000000e+03 9.287579058069484017e+04 4.768862098172294561e-01 1.894138933514308634e-02 3.702031983722505259e+01 1.970785503651238321e-02
1.180000000000000000e+03 9.298652755320532015e+04 4.764487230247601568e-01 1.956615466065136921e-02 3.701723303010445676e+01 1.970427097090510921e-02
1.181000000000000000e+03 9.309384631351624557e+04 4.760112362322908020e-01 1.963724008974078797e-02 3.701414359274340171e+01 1.970068385134790545e-02
1.182000000000000000e+03 9.320085127466353879e+04 4.755737494398215026e-01 1.914419433459954578e-02 3.701105152065565562e+01 1.969709367263185532e-02
1.183000000000000000e+03 9.331072371369948087e+04 4.751362626473522033e-01 1.926214096665290407e-02 3.700795680934349718e+01 1.969350042953468827e-02
1.184000000000000000e+03 9.342004096167991520e+04 4.746987758548828484e-01 2.056623443407906704e-02 3.700485945429768009e+01 1.968990411682075906e-02
1.185000000000000000e+03 9.352250934454465460e+04 4.742612890624135491e-01 2.010179986411585532e-02 3.700175945099739039e+01 1.968630472924099220e-02
1.186000000000000000e+03 9.362742440430588613e+04 4.738238022699442498e-01 2.067618178253117014e-02 3.699865679491021808e+01 1.968270226153283689e-02
1.187000000000000000e+03 9.372952406758609868e+04 4.733863154774748949e-01 2.022054358375520097e-02 3.699555148149209316e+01 1.967909670842021494e-02
1.188000000000000000e+03 9.383401024811183743e+04 4.729488286850056511e-01 2.068362204861320941e-02 3.699244350618726429e+01 1.967548806461349303e-02
1.189000000000000000e+03 9.393624255097561399e+04 4.725113418925362962e-01 2.042930025531423596e-02 3.698933286442826329e+01 1.967187632480940640e-02
1.190000000000000000e+03 9.403987570524138573e+04 4.720738551000669414e-01 1.958485782991650076e-02 3.698621955163584829e+01 1.966826148369104146e-02
1.191000000000000000e+03 9.414805914645419398e+04 4.716363683075976976e-01 2.012758598949969738e-02 3.698310356321897530e+01 1.966464353592776992e-02
1.192000000000000000e+03 9.425340470847587858e+04 4.711988815151283427e-01 2.043913813721572742e-02 3.697998489457474136e+01 1.966102247617521406e-02
1.193000000000000000e+03 9.435728360439873359e+04 4.707613947226589879e-01 2.148845594422583993e-02 3.697686354108837037e+01 1.965739829907518776e-02
1.194000000000000000e+03 9.445613440251893189e+04 4.703239079301897441e-01 2.089201406527463334e-02 3.697373949813314908e+01 1.965377099925565488e-02
1.195000000000000000e+03 9.455795246987901919e+04 4.698864211377203892e-01 1.987070309234317822e-02 3.697061276107039873e+01 1.965014057133068412e-02
1.196000000000000000e+03 9.466506459998885111e+04 4.694489343452510344e-01 2.102357986147195337e-02 3.696748332524942526e+01 1.964650700990040050e-02
1.197000000000000000e+03 9.476641893035422254e+04 4.690114475527817905e-01 2.066454550366770421e-02 3.696435118600748382e+01 1.964287030955092286e-02
1.198000000000000000e+03 9.486960434930576594e+04 4.685739607603124357e-01 2.078825689004322116e-02 3.696121633866974321e+01 1.963923046485433963e-02
1.199000000000000000e+03 9.497225085976415721e+04 4.681364739678431364e-01 2.064553676784047082e-02 3.695807877854922197e+01 1.963558747036864630e-02
1.200000000000000000e+03 9.507570311576084350e+04 4.676989871753738370e-01 2.121261010999397206e-02 3.695493850094675992e+01 1.963194132063768998e-02
1.201000000000000000e+03 9.517647877455086564e+04 4.672614510523648290e-01 2.111381563955356047e-02 3.695179550115099687e+01 1.962829201019113470e-02
1.202000000000000000e+03 9.527787485332578945e+04 4.668236861293731943e-01 2.051630934414851518e-02 3.694865022554663625e+01 1.962517723295584965e-02
1.203000000000000000e+03 9.538228673784267448e+04 4.663857417369385860e-01 2.025789921738115062e-02 3.694550386062075376e+01 1.962401680476480448e-02
1.204000000000000000e+03 9.548817036199335416e+04 4.659477973445039778e-01 2.028247076926646686e-02 3.694235476119489903e+01 1.962285536804775007e-02
1.205000000000000000e+03 9.559399663910792151e+04 4.655098529520693695e-01 1.947442510810038982e-02 3.693920292251182502e+01 1.962169292105014201e-02
1.206000000000000000e+03 9.570434632059909927e+04 4.650719085596347613e-01 1.967009573125064192e-02 3.693604833980188573e+01 1.962052946201286313e-02
1.207000000000000000e+03 9.581386215264553903e+04 4.646339641672001530e-01 2.255062790774235021e-02 3.693289100828295091e+01 1.961936498917218538e-02
1.208000000000000000e+03 9.590948991312661383e+04 4.641960197747655448e-01 2.277167337264126082e-02 3.692973092316038475e+01 1.961819950075977328e-02
1.209000000000000000e+03 9.600417050466727233e+04 4.637580753823309920e-01 2.220150735586650867e-02 3.692656807962698906e+01 1.961703299500265965e-02
1.210000000000000000e+03 9.610134878242464038e+04 4.633201309898963838e-01 2.131767227647192106e-02 3.692340247286296773e+01 1.961586547012323170e-02
1.211000000000000000e+03 9.620263940647352138e+04 4.628821865974617755e-01 2.059180277372898993e-02 3.692023409803589828e+01 1.961469692433920678e-02
1.212000000000000000e+03 9.630769291907013394e+04 4.624442422050271673e-01 1.961387109832454095e-02 3.691706295030064666e+01 1.961352735586363583e-02
1.213000000000000000e+03 9.641800055603178043e+04 4.620062978125925590e-01 1.958100540231736894e-02 3.691388902479935297e+01 1.961235676290485827e-02
1.214000000000000000e+03 9.652859817516739713e+04 4.615683534201579508e-01 1.970426870010454773e-02 3.691071231666138885e+01 1.961118514366651244e-02
1.215000000000000000e+03 9.663859526704474411e+04 4.611304090277233980e-01 1.989785240373618050e-02 3.690753282100330068e+01 1.961001249634750435e-02
1.216000000000000000e+03 9.674761482696534949e+04 4.606924646352887898e-01 1.998325433987739250e-02 3.690435053292875978e+01 1.960883881914199378e-02
1.217000000000000000e+03 9.685626034377347969e+04 4.602545202428541815e-01 2.021518764768314921e-02 3.690116544752854111e+01 1.960766411023937700e-02
1.218000000000000000e+03 9.696374571941823524e+04 4.598165758504195733e-01 2.075586547082289637e-02 3.689797755988044514e+01 1.960648836782427976e-02
1.219000000000000000e+03 9.706855304761631123e+04 4.593786314579849650e-01 2.011620023577018190e-02 3.689478686504927651e+01 1.960531159007651916e-02
1.220000000000000000e+03 9.717683450690073369e+04 4.589406870655503567e-01 2.037000541861311298e-02 3.689159335808679430e+01 1.960413377517110714e-02
1.221000000000000000e+03 9.728379741417319747e+04 4.585027426731157485e-01 2.109857449790632222e-02 3.688839703403166226e+01 1.960295492127822961e-02
1.222000000000000000e+03 9.738714529591260361e+04 4.580647982806811958e-01 2.017336631920860907e-02 3.688519788790939913e+01 1.960177502656321527e-02
1.223000000000000000e+03 9.749539645488196402e+04 4.576268538882465875e-01 2.027784308592674861e-02 3.688199591473232886e+01 1.960059408918653559e-02
1.224000000000000000e+03 9.760316909354104428e+04 4.571885966694409498e-01 1.924598957561645535e-02 3.687879110949955930e+01 1.959941210730378400e-02
1.225000000000000000e+03 9.771684636730019702e+04 4.567495531944741893e-01 2.008167889694124561e-02 3.687559199498323181e+01 1.960013381731510324e-02
1.226000000000000000e+03 9.782583013422979275e+04 4.563100362897174467e-01 1.980567433039871761e-02 3.687240295762250497e+01 1.960374006491267737e-02
1.227000000000000000e+03 9.793642301143241639e+04 4.558705193849607040e-01 2.007593245391689485e-02 3.686921109224532245e+01 1.960734951050588371e-02
1.228000000000000000e+03 9.804563282599308877e+04 4.554310024802038503e-01 1.971297736270014381e-02 3.686601639383150086e+01 1.961096215977167073e-02
1.229000000000000000e+03 9.815699395322310738e+04 4.549914855754471077e-01 1.950814177333093022e-02 3.686281885734748442e+01 1.961457801840212761e-02
1.230000000000000000e+03 9.826964449583698297e+04 4.545519686706903650e-01 2.010003010526984282e-02 3.685961847774628097e+01 1.961819709210452581e-02
1.231000000000000000e+03 9.837907411414048693e+04 4.541124517659335669e-01 2.043251481275691270e-02 3.685641524996742646e+01 1.962181938660136418e-02
1.232000000000000000e+03 9.848683874771636329e+04 4.536729348611767687e-01 2.041709332042723757e-02 3.685320916893693521e+01 1.962544490763044533e-02
1.233000000000000000e+03 9.859480160856360453e+04 4.532334179564200261e-01 1.970781687272279287e-02 3.685000022956724308e+01 1.962907366094491721e-02
1.234000000000000000e+03 9.870677117000572616e+04 4.527939010516632279e-01 1.989554819954141365e-02 3.684678842675717902e+01 1.963270565231331824e-02
1.235000000000000000e+03 9.881780436628519965e+04 4.523543841469064297e-01 1.940179295589591901e-02 3.684357375539189405e+01 1.963634088751966059e-02
1.236000000000000000e+03 9.893178239817569556e+04 4.519148672421496871e-01 2.090580107913328489e-02 3.684035621034282570e+01 1.963997937236344749e-02
1.237000000000000000e+03 9.903769137310636870e+04 4.514753503373928889e-01 1.989147837305931671e-02 3.683713578646764830e+01 1.964362111265976693e-02
1.238000000000000000e+03 9.914914981004346919e+04 4.510358334326360907e-01 1.937593682196503062e-02 3.683391247861021611e+01 1.964726611423931943e-02
1.239000000000000000e+03 9.926362212180173083e+04 4.505963165278793481e-01 2.059268253948073196e-02 3.683068628160052782e+01 1.965091438294848392e-02
1.240000000000000000e+03 9.937144891105018905e+04 4.501567996231225499e-01 2.034139396805240835e-02 3.682745719025464837e+01 1.965456592464938368e-02
1.241000000000000000e+03 9.948071332356362836e+04 4.497172827183657517e-01 1.999112571456641840e-02 3.682422519937469474e+01 1.965822074521992452e-02
1.242000000000000000e+03 9.959197270468779607e+04 4.492777658136090091e-01 1.990046079694422418e-02 3.682099030374877202e+01 1.966187885055386067e-02
1.243000000000000000e+03 9.970386366464424646e+04 4.488382489088522109e-01 2.075187241495135559e-02 3.681775249815090234e+01 1.966554024656085378e-02
1.244000000000000000e+03 9.981126617378354422e+04 4.483987320040954128e-01 2.079229563614293924e-02 3.681451177734100355e+01 1.966920493916653537e-02
1.245000000000000000e+03 9.991856312177714426e+04 4.479592150993386701e-01 1.955327650762549857e-02 3.681126813606483239e+01 1.967287293431254150e-02
1.246000000000000000e+03 1.000328015482876071e+05 4.475197129312473709e-01 1.947393090950312947e-02 3.680802156905392053e+01 1.967654423795660301e-02
1.247000000000000000e+03 1.001475708586921246e+05 4.470806839008527045e-01 1.952307794449594999e-02 3.680477294659006304e+01 1.968022248773753508e-02
1.248000000000000000e+03 1.002621681400790985e+05 4.466421132714890607e-01 1.976531834115727998e-02 3.680154863642295027e+01 1.968401707937395342e-02
1.249000000000000000e+03 1.003755076127161592e+05 4.462035426421253614e-01 1.971955976573206912e-02 3.679832141019229397e+01 1.968781510283602876e-02
1.250000000000000000e+03 1.004892460533450503e+05 4.457649720127617732e-01 1.865355846488083238e-02 3.679509126261874030e+01 1.969161656433685709e-02
1.251000000000000000e+03 1.006095473663315206e+05 4.453264013833980739e-01 1.933963808428158099e-02 3.679185818840859667e+01 1.969542147010642716e-02
1.252000000000000000e+03 1.007256869321378181e+05 4.448878307540344856e-01 1.953171691643522737e-02 3.678862218225376779e+01 1.969922982639167944e-02
1.253000000000000000e+03 1.008407875911684387e+05 4.444492601246707864e-01 2.032018351996837599e-02 3.678538323883169880e+01 1.970304163945655815e-02
1.254000000000000000e+03 1.009515457892887789e+05 4.440106894953071981e-01 2.050103193591561526e-02 3.678214135280532560e+01 1.970685691558208760e-02
1.255000000000000000e+03 1.010614469753148296e+05 4.435721188659434988e-01 2.084649124267692541e-02 3.677889651882303923e+01 1.971067566106642077e-02
1.256000000000000000e+03 1.011696093969107314e+05 4.431335482365799106e-01 1.996410718111379934e-02 3.677564873151860780e+01 1.971449788222491215e-02
1.257000000000000000e+03 1.012826620318402274e+05 4.426949776072162113e-01 2.030954553261845458e-02 3.677239798551112671e+01 1.971832358539017324e-02
1.258000000000000000e+03 1.013939036422741337e+05 4.422564069778526230e-01 2.091168689792175656e-02 3.676914427540499020e+01 1.972215277691213506e-02
1.259000000000000000e+03 1.015020305669116933e+05 4.418178363484889237e-01 2.102147623027180931e-02 3.676588759578979904e+01 1.972598546315812440e-02
1.260000000000000000e+03 1.016097010281526891e+05 4.413792657191253355e-01 2.111591785718268041e-02 3.676262794124034627e+01 1.972982165051290551e-02
1.261000000000000000e+03 1.017169986095264321e+05 4.409406950897616362e-01 2.091721972477984456e-02 3.675936530631653198e+01 1.973366134537876335e-02
1.262000000000000000e+03 1.018254253868005180e+05 4.405021244603980479e-01 2.130093504733179127e-02 3.675609968556332774e+01 1.973750455417555907e-02
1.263000000000000000e+03 1.019319957414598175e+05 4.400635538310343486e-01 2.082469246534779383e-02 3.675283107351069845e+01 1.974135128334079253e-02
1.264000000000000000e+03 1.020411306816778524e+05 4.396249832016707604e-01 2.089638990010508901e-02 3.674955946467358814e+01 1.974520153932967509e-02
1.265000000000000000e+03 1.021499961768683424e+05 4.391864125723070611e-01 2.140997476725423759e-02 3.674628485355182050e+01 1.974905532861518861e-02
1.266000000000000000e+03 1.022563453512614797e+05 4.387478419429434728e-01 2.075422113058809914e-02 3.674300723463007756e+01 1.975291265768814447e-02
1.267000000000000000e+03 1.023662527108355425e+05 4.383092713135797736e-01 1.997593806051290583e-02 3.673972660237781440e+01 1.975677353305726330e-02
1.268000000000000000e+03 1.024804588219025318e+05 4.378707542765921112e-01 2.079824098900819734e-02 3.673644295124922365e+01 1.976063796124923402e-02
1.269000000000000000e+03 1.025903043894995935e+05 4.374327410645133529e-01 2.195605864661039422e-02 3.673315932666452710e+01 1.976450235820252643e-02
1.270000000000000000e+03 1.026944432048337185e+05 4.369951780849676282e-01 2.279015278719830062e-02 3.672989831824446583e+01 1.976834013888605773e-02
1.271000000000000000e+03 1.027948589304728375e+05 4.365576151054219034e-01 2.290964526926455441e-02 3.672663430085300007e+01 1.977218146073564040e-02
1.272000000000000000e+03 1.028948674908435787e+05 4.361200521258761231e-01 2.151152907602302267e-02 3.672336726893217929e+01 1.977602633029227133e-02
1.273000000000000000e+03 1.030014802413261496e+05 4.356824891463303429e-01 2.081736657693569054e-02 3.672009721690863415e+01 1.977987475411506837e-02
1.274000000000000000e+03 1.031117253771188407e+05 4.352449261667846181e-01 2.103212148197888126e-02 3.671682413919351973e+01 1.978372673878137436e-02
1.275000000000000000e+03 1.032209512206405052e+05 4.348073631872388933e-01 2.109083104977156273e-02 3.671354803018246571e+01 1.978758229088679529e-02
1.276000000000000000e+03 1.033299792021500325e+05 4.343698002076931131e-01 2.095150451170819939e-02 3.671026888425552670e+01 1.979144141704528015e-02
1.277000000000000000e+03 1.034398598767382355e+05 4.339322372281473328e-01 2.067041984885772607e-02 3.670698669577708984e+01 1.979530412388919719e-02
1.278000000000000000e+03 1.035513414374888089e+05 4.334946742486016080e-01 2.085935148635975275e-02 3.670370145909586768e+01 1.979917041806938255e-02
1.279000000000000000e+03 1.036619294459588709e+05 4.330571112690558833e-01 1.930168930635646485e-02 3.670041316854480584e+01 1.980304030625522696e-02
1.280000000000000000e+03 1.037815412441189110e+05 4.326195482895101030e-01 2.009576068945318275e-02 3.669712181844101195e+01 1.980691379513472780e-02
1.281000000000000000e+03 1.038965440069086908e+05 4.321819853099643227e-01 2.017186597081668115e-02 3.669382740308573432e+01 1.981079089141458624e-02
1.282000000000000000e+03 1.040112418862418126e+05 4.317444223304185424e-01 1.997925410008306868e-02 3.669052991676429087e+01 1.981467160182023846e-02
1.283000000000000000e+03 1.041271694981061155e+05 4.313068593508728177e-01 1.956490100419490397e-02 3.668722935374598393e+01 1.981855593309595626e-02
1.284000000000000000e+03 1.042457308931329171e+05 4.308692963713270929e-01 1.930651756254821508e-02 3.668392570828407884e+01 1.982244389200491300e-02
1.285000000000000000e+03 1.043659785651257844e+05 4.304317333917813126e-01 1.949769163214703019e-02 3.668061897461570453e+01 1.982633548532923215e-02
1.286000000000000000e+03 1.044852256772380933e+05 4.299941704122355324e-01 1.850574798045162908e-02 3.667730914696183220e+01 1.983023071987009139e-02
1.287000000000000000e+03 1.046109358806425007e+05 4.295566074326898076e-01 1.804987823373245537e-02 3.667399621952718292e+01 1.983412960244776771e-02
1.288000000000000000e+03 1.047401185181800247e+05 4.291190444531440829e-01 1.709351969579902750e-02 3.667068018650019212e+01 1.983803213990171718e-02
1.289000000000000000e+03 1.048765228373554564e+05 4.286814814735983026e-01 1.667867669653301521e-02 3.666736104205293145e+01 1.984193833909065480e-02
1.290000000000000000e+03 1.050164848965030687e+05 4.282448057094561111e-01 1.698500815754006368e-02 3.666403878034104480e+01 1.984584820689261342e-02
1.291000000000000000e+03 1.051540408513781440e+05 4.278095734234984571e-01 1.744971382389661971e-02 3.666072940864769691e+01 1.984764234295033000e-02
1.292000000000000000e+03 1.052880847336572770e+05 4.273748974003217516e-01 1.817718618009839596e-02 3.665742696775264164e+01 1.984810872431767848e-02
1.293000000000000000e+03 1.054168697982765734e+05 4.269402213771451571e-01 1.831179230281396175e-02 3.665412141670547186e+01 1.984857554491075565e-02
1.294000000000000000e+03 1.055448453474986745e+05 4.265055453539685071e-01 1.822261981772109463e-02 3.665081274964254732e+01 1.984904280555763872e-02
1.295000000000000000e+03 1.056736607635813416e+05 4.260708693307918571e-01 1.906966977067531613e-02 3.664750096068362950e+01 1.984951050708875370e-02
1.296000000000000000e+03 1.057967742426330951e+05 4.256361933076152626e-01 1.886680070455170125e-02 3.664418604393181766e+01 1.984997865033688233e-02
1.297000000000000000e+03 1.059213061675759091e+05 4.252015172844385571e-01 1.909786105500492839e-02 3.664086799347349199e+01 1.985044723613716561e-02
1.298000000000000000e+03 1.060444308451769175e+05 4.247668412612619626e-01 1.956656255201764949e-02 3.663754680337823544e+01 1.985091626532711415e-02
1.299000000000000000e+03 1.061647776541558560e+05 4.243321652380852571e-01 2.033701011603201644e-02 3.663422246769878399e+01 1.985138573874661860e-02
1.300000000000000000e+03 1.062806115901446465e+05 4.238974892149086626e-01 2.024170428372180919e-02 3.663089498047096981e+01 1.985185565723796008e-02
1.301000000000000000e+03 1.063970959877359855e+05 4.234628131917320681e-01 2.051136633746731067e-02 3.662756433571362891e+01 1.985232602164581708e-02
1.302000000000000000e+03 1.065122155250887881e+05 4.230281371685553626e-01 2.020274517314918361e-02 3.662423052742857266e+01 1.985279683281727589e-02
1.303000000000000000e+03 1.066293104827951902e+05 4.225934611453787682e-01 1.947971134673808988e-02 3.662089354960048837e+01 1.985326809160183406e-02
1.304000000000000000e+03 1.067507805815640459e+05 4.221587851222020626e-01 2.001915323930804694e-02 3.661755339619690375e+01 1.985373979885142123e-02
1.305000000000000000e+03 1.068690874800098536e+05 4.217241090990254682e-01 2.028026703237329267e-02 3.661421006116809451e+01 1.985421195542039219e-02
1.306000000000000000e+03 1.069860191234810045e+05 4.212894330758487627e-01 2.029111148723348676e-02 3.661086353844704888e+01 1.985468456216555808e-02
1.307000000000000000e+03 1.071030185339238669e+05 4.208547570526721682e-01 1.968534603308722333e-02 3.660751382194936809e+01 1.985515761994617254e-02
1.308000000000000000e+03 1.072237477789025434e+05 4.204200810294955737e-01 2.004487540367836176e-02 3.660416090557321667e+01 1.985563112962395946e-02
1.309000000000000000e+03 1.073425129716247320e+05 4.199854050063188682e-01 2.123358497222541455e-02 3.660080478319927977e+01 1.985610509206310256e-02
1.310000000000000000e+03 1.074547088828403503e+05 4.195507289831422737e-01 2.105397057856723403e-02 3.659744544869064242e+01 1.985657950813028358e-02
1.311000000000000000e+03 1.075679703671037860e+05 4.191167775998781986e-01 2.120497644884582200e-02 3.659408289589276819e+01 1.985705437869466489e-02
1.312000000000000000e+03 1.076805593054507917e+05 4.186841504983731532e-01 2.200695063560558634e-02 3.659072189307880052e+01 1.985568482723506362e-02
1.313000000000000000e+03 1.077891536834212311e+05 4.182521230387146183e-01 2.235128957341939865e-02 3.658736161713773782e+01 1.985278658655611692e-02
1.314000000000000000e+03 1.078961750158603827e+05 4.178200955790560833e-01 2.304112672186610367e-02 3.658399811295512194e+01 1.984988556151625130e-02
1.315000000000000000e+03 1.080000954998484958e+05 4.173880681193975484e-01 2.352850390409144676e-02 3.658063137432219492e+01 1.984698174676041010e-02
1.316000000000000000e+03 1.081019515860406973e+05 4.169560406597390134e-01 2.192189172114081611e-02 3.657726139501226470e+01 1.984407513691807678e-02
1.317000000000000000e+03 1.082115062156957574e+05 4.165240132000804785e-01 2.074500415700105890e-02 3.657388816878066251e+01 1.984116572660320904e-02
1.318000000000000000e+03 1.083272542126483022e+05 4.160919857404219435e-01 2.156071435179985479e-02 3.657051168936462915e+01 1.983825351041417287e-02
1.319000000000000000e+03 1.084387283131767326e+05 4.156599582807634086e-01 2.107397135491835896e-02 3.656713195048328657e+01 1.983533848293370788e-02
1.320000000000000000e+03 1.085528814535824495e+05 4.152279308211048736e-01 2.020212289959579313e-02 3.656374894583752422e+01 1.983242063872883015e-02
1.321000000000000000e+03 1.086720722776879265e+05 4.147959033614462832e-01 2.010978378790995516e-02 3.656036266910999188e+01 1.982949997235081141e-02
1.322000000000000000e+03 1.087919468981425307e+05 4.143638759017877482e-01 1.977665066716734546e-02 3.655697311396495053e+01 1.982657647833508188e-02
1.323000000000000000e+03 1.089139510736548254e+05 4.139318484421292133e-01 1.991006981363649397e-02 3.655358027404827226e+01 1.982365015120119214e-02
1.324000000000000000e+03 1.090352768454760517e+05 4.134998209824706783e-01 1.920486126616633565e-02 3.655018414298731955e+01 1.982072098545274372e-02
1.325000000000000000e+03 1.091611885974110628e+05 4.130677935228121433e-01 1.828815408250550334e-02 3.654678471439090259e+01 1.981778897557732663e-02
1.326000000000000000e+03 1.092935865437714820e+05 4.126357660631536084e-01 1.772297284467137107e-02 3.654338198184919406e+01 1.981485411604645697e-02
1.327000000000000000e+03 1.094303148697937140e+05 4.122037386034950179e-01 1.742018592346371297e-02 3.653997593893365092e+01 1.981191640131552134e-02
1.328000000000000000e+03 1.095695761857429752e+05 4.117717111438364830e-01 1.672505197074082572e-02 3.653656657919695760e+01 1.980897582582369712e-02
1.329000000000000000e+03 1.097148136573546508e+05 4.113396836841779480e-01 1.646738966042102237e-02 3.653315389617294784e+01 1.980603238399391425e-02
1.330000000000000000e+03 1.098624496884994296e+05 4.109076562245194131e-01 1.661468614282468267e-02 3.652973788337652650e+01 1.980308607023276504e-02
1.331000000000000000e+03 1.100089209792383044e+05 4.104756287648608781e-01 1.659543862782682233e-02 3.652631853430359143e+01 1.980013687893046256e-02
1.332000000000000000e+03 1.101557208276035381e+05 4.100439847999904908e-01 1.650189747034554871e-02 3.652289584243096243e+01 1.979718480446076082e-02
1.333000000000000000e+03 1.103035158380969660e+05 4.096127691019359474e-01 1.612891578077713453e-02 3.651947458294635140e+01 1.979414150275731615e-02
1.334000000000000000e+03 1.104549277577945322e+05 4.091815981759091003e-01 1.703198785861248510e-02 3.651605053103184417e+01 1.979108490195218700e-02
1.335000000000000000e+03 1.105985572987423511e+05 4.087504272498823088e-01 1.743616339924621006e-02 3.651262312215073536e+01 1.978802530443232385e-02
1.336000000000000000e+03 1.107388744803498703e+05 4.083192563238554618e-01 1.707326890942495456e-02 3.650919234971417637e+01 1.978496270431595941e-02
1.337000000000000000e+03 1.108823460928068816e+05 4.078880853978286147e-01 1.776551761053831238e-02 3.650575820711389952e+01 1.978189709570398955e-02
1.338000000000000000e+03 1.110204028366918938e+05 4.074569144718017677e-01 1.810479572835536205e-02 3.650232068772213267e+01 1.977882847267990393e-02
1.339000000000000000e+03 1.111559624508565612e+05 4.070257435457749762e-01 1.819576450492762371e-02 3.649887978489155671e+01 1.977575682930973050e-02
1.340000000000000000e+03 1.112910520066015888e+05 4.065945726197481291e-01 1.795152035295186077e-02 3.649543549195517755e+01 1.977268215964195219e-02
1.341000000000000000e+03 1.114283024402065494e+05 4.061634016937213376e-01 1.839381650856855566e-02 3.649198780222629779e+01 1.976960445770744451e-02
1.342000000000000000e+03 1.115623369574592798e+05 4.057322307676944906e-01 1.760244684261003112e-02 3.648853670899841006e+01 1.976652371751940612e-02
1.343000000000000000e+03 1.117023905500058172e+05 4.053010598416676435e-01 1.884876404401619743e-02 3.648508220554511183e+01 1.976343993307328600e-02
1.344000000000000000e+03 1.118333183985449141e+05 4.048698889156407965e-01 1.857220714342041126e-02 3.648162428512006983e+01 1.976035309834671752e-02
1.345000000000000000e+03 1.119663208518585889e+05 4.044387179896140050e-01 1.812618500214348630e-02 3.647816294095688505e+01 1.975726320729944557e-02
1.346000000000000000e+03 1.121027323622832919e+05 4.040075470635871580e-01 1.861536956880854507e-02 3.647469816626905015e+01 1.975417025387325373e-02
1.347000000000000000e+03 1.122357065205343970e+05 4.035763761375603664e-01 1.886014686976964991e-02 3.647122995424985703e+01 1.975107423199189485e-02
1.348000000000000000e+03 1.123670925459903956e+05 4.031452052115335194e-01 1.847562109304259903e-02 3.646775829807233293e+01 1.974797513556102169e-02
1.349000000000000000e+03 1.125013577063229168e+05 4.027140342855066724e-01 1.909291784544854195e-02 3.646428319088911962e+01 1.974487295846811402e-02
1.350000000000000000e+03 1.126314402419847029e+05 4.022828633594798253e-01 1.832080685889205321e-02 3.646080462583244497e+01 1.974176769458239888e-02
1.351000000000000000e+03 1.127672157348293840e+05 4.018516924334530338e-01 1.836004719556722647e-02 3.645732259601399505e+01 1.973865933775478809e-02
1.352000000000000000e+03 1.129027675047767116e+05 4.014207797318741777e-01 1.862747954716630419e-02 3.645383709452487153e+01 1.973554788181779845e-02
1.353000000000000000e+03 1.130365303436292452e+05 4.009902636966246048e-01 1.834622005769890457e-02 3.645035162501966397e+01 1.973243645443238312e-02
1.354000000000000000e+03 1.131725072037925565e+05 4.005598861032564351e-01 1.819264188301740470e-02 3.644686455681509329e+01 1.972932359991155099e-02
1.355000000000000000e+03 1.133097462029106537e+05 4.001295085098881543e-01 1.837419591559051255e-02 3.644337400181917985e+01 1.972620763278334910e-02
1.356000000000000000e+03 1.134457828121023922e+05 3.996991309165199846e-01 1.816622620451453091e-02 3.643987995305191419e+01 1.972308854681682419e-02
1.357000000000000000e+03 1.135835713128364150e+05 3.992687533231517039e-01 1.875531289575427252e-02 3.643638240351230451e+01 1.971996633576229493e-02
1.358000000000000000e+03 1.137171593202671938e+05 3.988383757297834231e-01 1.808156104596615743e-02 3.643288134617829854e+01 1.971684099335127560e-02
1.359000000000000000e+03 1.138558598475394974e+05 3.984079981364152534e-01 1.901917465622856088e-02 3.642937677400669827e+01 1.971371251329641014e-02
1.360000000000000000e+03 1.139878301447486301e+05 3.979776205430469727e-01 1.957591457686755701e-02 3.642586867993305333e+01 1.971058088929137156e-02
1.361000000000000000e+03 1.141162220820962248e+05 3.975472429496788029e-01 1.916809828676788868e-02 3.642235705687162550e+01 1.970744611501081336e-02
1.362000000000000000e+03 1.142474954304537241e+05 3.971168653563105222e-01 1.870989030017385438e-02 3.641884189771523239e+01 1.970430818411027241e-02
1.363000000000000000e+03 1.143820828240073897e+05 3.966864877629422970e-01 1.926812438707513342e-02 3.641532319533524031e+01 1.970116709022610990e-02
1.364000000000000000e+03 1.145129121381387231e+05 3.962561101695740717e-01 1.929906548394673405e-02 3.641180094258140088e+01 1.969802282697541429e-02
1.365000000000000000e+03 1.146437145056336303e+05 3.958257325762057910e-01 2.024478715696312672e-02 3.640827513228182255e+01 1.969487538795594225e-02
1.366000000000000000e+03 1.147685078482350655e+05 3.953953549828376213e-01 1.978589884917531308e-02 3.640474575724285700e+01 1.969172476674602157e-02
1.367000000000000000e+03 1.148963642741311050e+05 3.949649773894693405e-01 1.929868337918149226e-02 3.640121281024901378e+01 1.968857095690449213e-02
1.368000000000000000e+03 1.150276037997662352e+05 3.945345997961011708e-01 1.997256468761863038e-02 3.639767628406286093e+01 1.968541395197061228e-02
1.369000000000000000e+03 1.151545278944945021e+05 3.941042222027328901e-01 2.060750741153801607e-02 3.639413617142496804e+01 1.968225374546398593e-02
1.370000000000000000e+03 1.152777810443023773e+05 3.936738446093646093e-01 2.162874793777612437e-02 3.639059246505377132e+01 1.967909033088448278e-02
1.371000000000000000e+03 1.153952350045253988e+05 3.932434670159964396e-01 2.165792565082861124e-02 3.638704515764554515e+01 1.967592370171215160e-02
1.372000000000000000e+03 1.155126693066857115e+05 3.928146633080044081e-01 2.236859712559658570e-02 3.638349424187423153e+01 1.967275385140715080e-02
1.373000000000000000e+03 1.156264974010305014e+05 3.923878135431592140e-01 2.199568143835173642e-02 3.637994386056700336e+01 1.966928087537689676e-02
1.374000000000000000e+03 1.157423902217430150e+05 3.919613438360844970e-01 2.190590506613158614e-02 3.637639086345060235e+01 1.966573190423024156e-02
1.375000000000000000e+03 1.158588875343454129e+05 3.915348741290097800e-01 2.242517978569732312e-02 3.637283424151884503e+01 1.966217931237557170e-02
1.376000000000000000e+03 1.159728167547703342e+05 3.911084044219351186e-01 2.149524162628623294e-02 3.636927398736799688e+01 1.965862309241755632e-02
1.377000000000000000e+03 1.160917790377184429e+05 3.906819347148604016e-01 2.245218650431553969e-02 3.636571009357163575e+01 1.965506323693817434e-02
1.378000000000000000e+03 1.162058698842019949e+05 3.902554650077857401e-01 2.410446229864782186e-02 3.636214255268052398e+01 1.965149973849663820e-02
1.379000000000000000e+03 1.163122117000928120e+05 3.898289953007110231e-01 2.308779341183793063e-02 3.635857135722253730e+01 1.964793258962928973e-02
1.380000000000000000e+03 1.164233457332918624e+05 3.894025255936363061e-01 2.361810632463957199e-02 3.635499649970257252e+01 1.964436178284951692e-02
1.381000000000000000e+03 1.165321251989782613e+05 3.889760558865615891e-01 2.420961626157381447e-02 3.635141797260244090e+01 1.964078731064764285e-02
1.382000000000000000e+03 1.166383152634428698e+05 3.885495861794869277e-01 2.411152847939728242e-02 3.634783576838076158e+01 1.963720916549084247e-02
1.383000000000000000e+03 1.167450603941016016e+05 3.881231164724122662e-01 2.401643630175349237e-02 3.634424987947290475e+01 1.963362733982305930e-02
1.384000000000000000e+03 1.168523652050279343e+05 3.876966467653375492e-01 2.341809673944215964e-02 3.634066029829087086e+01 1.963004182606487361e-02
1.385000000000000000e+03 1.169625043239186925e+05 3.872701770582628322e-01 2.399363824039930232e-02 3.633706701722317689e+01 1.962645261661345036e-02
1.386000000000000000e+03 1.170701405880751699e+05 3.868437073511881152e-01 2.372832956998002785e-02 3.633347002863480668e+01 1.962285970384240741e-02
1.387000000000000000e+03 1.171791111196265556e+05 3.864172376441134538e-01 2.399472758560815613e-02 3.632986932486705456e+01 1.961926308010173564e-02
1.388000000000000000e+03 1.172869945692904148e+05 3.859907679370387923e-01 2.394992315532388713e-02 3.632626489823749694e+01 1.961566273771769495e-02
1.389000000000000000e+03 1.173951777717783843e+05 3.855642982299640753e-01 2.400399442853793502e-02 3.632265674103982889e+01 1.961205866899272399e-02
1.390000000000000000e+03 1.175032451389911148e+05 3.851378285228893583e-01 2.433932766116683744e-02 3.631904484554380019e+01 1.960845086620533265e-02
1.391000000000000000e+03 1.176099511537424987e+05 3.847118426030401439e-01 2.339220434583480154e-02 3.631542920399511587e+01 1.960483932161000489e-02
1.392000000000000000e+03 1.177211120871347084e+05 3.842872356523606703e-01 2.567344771075113011e-02 3.631181104343315269e+01 1.960113399184012367e-02
1.393000000000000000e+03 1.178224921812821995e+05 3.838635238836252128e-01 2.586326663776963505e-02 3.630819140888760188e+01 1.959725812634217565e-02
1.394000000000000000e+03 1.179232245951728110e+05 3.834398121148897554e-01 2.547158209068592707e-02 3.630456800901807668e+01 1.959337822897607231e-02
1.395000000000000000e+03 1.180256273128786706e+05 3.830161003461542979e-01 2.540348314728407830e-02 3.630094083598266508e+01 1.958949429134477366e-02
1.396000000000000000e+03 1.181284300314518041e+05 3.825923885774188959e-01 2.593640105326500828e-02 3.629730988191494134e+01 1.958560630502498984e-02
1.397000000000000000e+03 1.182292169935941783e+05 3.821686768086834940e-01 2.611630990265907323e-02 3.629367513892383101e+01 1.958171426156705280e-02
1.398000000000000000e+03 1.183294508912258898e+05 3.817449650399480365e-01 2.699363603856155466e-02 3.629003659909354695e+01 1.957781815249481569e-02
1.399000000000000000e+03 1.184264977911727183e+05 3.813212532712125791e-01 2.643417886185146434e-02 3.628639425448346145e+01 1.957391796930555219e-02
1.400000000000000000e+03 1.185257178349046444e+05 3.808975415024771216e-01 2.749391793911385579e-02 3.628274809712802096e+01 1.957001370346982128e-02
1.401000000000000000e+03 1.186212152524436096e+05 3.804738297337417197e-01 2.767029287379946592e-02 3.627909811903662529e+01 1.956610534643137347e-02
1.402000000000000000e+03 1.187161960641606856e+05 3.800501179650063177e-01 2.862036426922316343e-02 3.627544431219351395e+01 1.956219288960703642e-02
1.403000000000000000e+03 1.188081398373665434e+05 3.796264061962708602e-01 2.750759920569799746e-02 3.627178666855770217e+01 1.955827632438659341e-02
1.404000000000000000e+03 1.189039133091931290e+05 3.792026944275354028e-01 2.825165425686859341e-02 3.626812518006282460e+01 1.955435564213267585e-02
1.405000000000000000e+03 1.189972583018478181e+05 3.787789826588000008e-01 2.880177867874589639e-02 3.626445983861707134e+01 1.955043083418065222e-02
1.406000000000000000e+03 1.190889232236288517e+05 3.783552708900645434e-01 2.862927336435705516e-02 3.626079063610303876e+01 1.954650189183850667e-02
1.407000000000000000e+03 1.191812474885535048e+05 3.779315591213291414e-01 2.869461209945530292e-02 3.625711756437765843e+01 1.954256880638672797e-02
1.408000000000000000e+03 1.192734728420812608e+05 3.775078473525936840e-01 2.848046350921692657e-02 3.625344061527206918e+01 1.953863156907818116e-02
1.409000000000000000e+03 1.193665586062032962e+05 3.770841355838582265e-01 3.116916803842764705e-02 3.624975978059151771e+01 1.953469017113801387e-02
1.410000000000000000e+03 1.194516903193325415e+05 3.766605280013919366e-01 3.020878691696558468e-02 3.624607505211523772e+01 1.953074460376352448e-02
1.411000000000000000e+03 1.195397189365355880e+05 3.762372938272411371e-01 2.851279036950784065e-02 3.624238736345418488e+01 1.952679367644287803e-02
1.412000000000000000e+03 1.196329408777494682e+05 3.758143288751366606e-01 2.867686292342633281e-02 3.623869820092766503e+01 1.952283550599336753e-02
1.413000000000000000e+03 1.197257413702774065e+05 3.753913639230321286e-01 3.026682047332839368e-02 3.623500512393248840e+01 1.951887313563830523e-02
1.414000000000000000e+03 1.198137651569371228e+05 3.749683989709275966e-01 2.923180391736100725e-02 3.623130812415275415e+01 1.951490655645541500e-02
1.415000000000000000e+03 1.199050063236274582e+05 3.745454340188231201e-01 2.869736860823391550e-02 3.622760719324604395e+01 1.951093575949396086e-02
1.416000000000000000e+03 1.199980453372604243e+05 3.741224690667186437e-01 2.958684551353842410e-02 3.622390232284329414e+01 1.950696073577461859e-02
1.417000000000000000e+03 1.200884255085831828e+05 3.736995041146141672e-01 2.987854751390111099e-02 3.622019350454868913e+01 1.950298147628936121e-02
1.418000000000000000e+03 1.201779969312231406e+05 3.732765391625096352e-01 3.114696483183854864e-02 3.621648072993954059e+01 1.949899797200133414e-02
1.419000000000000000e+03 1.202640166463660862e+05 3.728535742104051587e-01 3.185173010561585805e-02 3.621276399056618800e+01 1.949501021384474064e-02
1.420000000000000000e+03 1.203482122986447357e+05 3.724306092583006267e-01 3.092833858290270840e-02 3.620904327795186362e+01 1.949101819272469269e-02
1.421000000000000000e+03 1.204350319971106510e+05 3.720076443061961502e-01 3.030169530266686034e-02 3.620531858359258592e+01 1.948702189951712072e-02
1.422000000000000000e+03 1.205237406051949511e+05 3.715846793540916737e-01 3.052223899992424425e-02 3.620158989895703883e+01 1.948302132506862100e-02
1.423000000000000000e+03 1.206119095647269569e+05 3.711617144019871417e-01 3.008854269457052200e-02 3.619785721548646507e+01 1.947901646019634114e-02
1.424000000000000000e+03 1.207014622481126717e+05 3.707387494498826652e-01 3.084931926884357939e-02 3.619412052459454543e+01 1.947500729568785519e-02
1.425000000000000000e+03 1.207889488969491213e+05 3.703157844977781332e-01 3.192334800344256984e-02 3.619037981766725665e+01 1.947099382230102829e-02
1.426000000000000000e+03 1.208735477466416341e+05 3.698928195456736567e-01 3.186141079886880417e-02 3.618663508606280033e+01 1.946697603076390573e-02
1.427000000000000000e+03 1.209584375377213582e+05 3.694698545935691802e-01 3.323410094337584525e-02 3.618288632111142533e+01 1.946295391177456022e-02
1.428000000000000000e+03 1.210398972457819764e+05 3.690468896414646482e-01 3.164991292286586932e-02 3.617913351411535672e+01 1.945892745600098436e-02
1.429000000000000000e+03 1.211255241577153211e+05 3.686240907826310309e-01 3.074214391165455695e-02 3.617537665634863941e+01 1.945489665408094843e-02
1.430000000000000000e+03 1.212138036483490578e+05 3.682015772252562602e-01 3.133338321452888015e-02 3.617161778676407380e+01 1.945086369364447398e-02
1.431000000000000000e+03 1.213005180638246238e+05 3.677791828760694770e-01 3.241681806636121516e-02 3.616785632207864865e+01 1.944682794887646338e-02
1.432000000000000000e+03 1.213844182630250725e+05 3.673567885268825828e-01 3.324214006058368726e-02 3.616409078474598715e+01 1.944278783449019526e-02
1.433000000000000000e+03 1.214663541854026989e+05 3.669343941776957996e-01 3.317165772884100167e-02 3.616032116593738266e+01 1.943874334101318782e-02
1.434000000000000000e+03 1.215485372324373311e+05 3.665119998285089054e-01 3.212917193837333540e-02 3.615654745679538706e+01 1.943469445894212277e-02
1.435000000000000000e+03 1.216334758868898061e+05 3.660896054793221222e-01 3.220944184454280212e-02 3.615276964843369711e+01 1.943064117874271010e-02
1.436000000000000000e+03 1.217183071694191021e+05 3.656672111301352279e-01 3.159807220189123772e-02 3.614898773193701231e+01 1.942658349084956312e-02
1.437000000000000000e+03 1.218048730748509261e+05 3.652448167809484447e-01 3.207237655008789157e-02 3.614520169836089991e+01 1.942252138566604933e-02
1.438000000000000000e+03 1.218902544701074949e+05 3.648224224317615505e-01 3.312678165263549523e-02 3.614141153873171675e+01 1.941845485356416198e-02
1.439000000000000000e+03 1.219730268183352309e+05 3.644000280825747673e-01 3.319202030201903048e-02 3.613761724404642450e+01 1.941438388488438485e-02
1.440000000000000000e+03 1.220557137904584233e+05 3.639776337333878731e-01 3.370438293134535995e-02 3.613381880527249024e+01 1.941030846993555339e-02
1.441000000000000000e+03 1.221372426359636011e+05 3.635552393842010899e-01 3.424624004199627175e-02 3.613001621334775848e+01 1.940622859899470212e-02
1.442000000000000000e+03 1.222175878795529716e+05 3.631328450350142512e-01 3.333435468471206836e-02 3.612620945918031623e+01 1.940214426230695705e-02
1.443000000000000000e+03 1.223001956153453066e+05 3.627104506858274124e-01 3.299659592629657079e-02 3.612239853364835085e+01 1.939805545008535873e-02
1.444000000000000000e+03 1.223837421532701410e+05 3.622880563366406292e-01 3.287086836695327779e-02 3.611858342760005058e+01 1.939396215251074779e-02
1.445000000000000000e+03 1.224676931957966444e+05 3.618656619874537350e-01 3.370612300549876567e-02 3.611476413185342693e+01 1.938986435973161573e-02
1.446000000000000000e+03 1.225496705073812191e+05 3.614432676382669518e-01 3.497492600402631741e-02 3.611094063719622937e+01 1.938576206186396270e-02
1.447000000000000000e+03 1.226287458226145391e+05 3.610209335482230664e-01 3.385568511922910223e-02 3.610711293438578195e+01 1.938165524899114825e-02
1.448000000000000000e+03 1.227105546026798693e+05 3.605988380269254945e-01 3.427642593210160349e-02 3.610328311213854846e+01 1.937851350610265977e-02
1.449000000000000000e+03 1.227914409068090899e+05 3.601769208152311719e-01 3.348539210781176223e-02 3.609945527743125382e+01 1.937823895697518908e-02
1.450000000000000000e+03 1.228743360534041421e+05 3.597550036035368493e-01 3.356265364868653983e-02 3.609562321661024953e+01 1.937796410473226899e-02
1.451000000000000000e+03 1.229571536107822467e+05 3.593330863918425822e-01 3.126175990962208606e-02 3.609178692033356128e+01 1.937768894870385561e-02
1.452000000000000000e+03 1.230461753556944896e+05 3.589111691801482040e-01 3.224089251218020813e-02 3.608794637922819248e+01 1.937741348821767073e-02
1.453000000000000000e+03 1.231325915598809661e+05 3.584892519684539369e-01 3.237441887702216525e-02 3.608410158389001055e+01 1.937713772259921571e-02
1.454000000000000000e+03 1.232187584510886663e+05 3.580673347567595588e-01 3.379579519306370738e-02 3.608025252488358348e+01 1.937686165117173676e-02
1.455000000000000000e+03 1.233014451543904579e+05 3.576454175450652917e-01 3.487620141894606784e-02 3.607639919274207330e+01 1.937658527325622840e-02
1.456000000000000000e+03 1.233816364390293602e+05 3.572235003333709136e-01 3.349639805531904463e-02 3.607254157796704419e+01 1.937630858817142310e-02
1.457000000000000000e+03 1.234652717333117471e+05 3.568015831216766465e-01 3.339147889304224653e-02 3.606867967102839145e+01 1.937603159523378082e-02
1.458000000000000000e+03 1.235492399535728182e+05 3.563796659099823239e-01 3.385078232287005301e-02 3.606481346236414964e+01 1.937575429375747518e-02
1.459000000000000000e+03 1.236321556905998877e+05 3.559577486982880012e-01 3.458385679938084240e-02 3.606094294238035758e+01 1.937547668305438300e-02
1.460000000000000000e+03 1.237134054867293016e+05 3.555358314865937341e-01 3.474613974730113297e-02 3.605706810145093044e+01 1.937519876243408087e-02
1.461000000000000000e+03 1.237943823289673746e+05 3.551139142748993560e-01 3.534955337747768683e-02 3.605318892991751056e+01 1.937492053120382779e-02
1.462000000000000000e+03 1.238740779262154829e+05 3.546919970632050889e-01 3.428798746767969252e-02 3.604930541808931821e+01 1.937464198866856169e-02
1.463000000000000000e+03 1.239563093762532808e+05 3.542700798515107108e-01 3.458821208396499480e-02 3.604541755624300237e+01 1.937436313413087516e-02
1.464000000000000000e+03 1.240379175668661919e+05 3.538481626398164437e-01 3.336427068321465295e-02 3.604152533462250574e+01 1.937408396689102585e-02
1.465000000000000000e+03 1.241226232576034818e+05 3.534263639550431768e-01 3.432085847690492797e-02 3.603762874343892264e+01 1.937380448624691220e-02
1.466000000000000000e+03 1.242050777054461214e+05 3.530049845729273938e-01 3.392336459788600211e-02 3.603373440383581539e+01 1.937407397010035628e-02
1.467000000000000000e+03 1.242885800379114953e+05 3.525839059665478725e-01 3.378734696881658534e-02 3.602985251933660038e+01 1.937573839910347248e-02
1.468000000000000000e+03 1.243725156671477889e+05 3.521628273601684622e-01 3.453245699444971312e-02 3.602596626305025751e+01 1.937740470259029929e-02
1.469000000000000000e+03 1.244547413978603436e+05 3.517417487537890519e-01 3.429541954238361778e-02 3.602207562511865291e+01 1.937907288478770557e-02
1.470000000000000000e+03 1.245376472013934253e+05 3.513206701474095306e-01 3.567456492226368098e-02 3.601818059565026431e+01 1.938074294993685082e-02
1.471000000000000000e+03 1.246174857589243329e+05 3.508995915410301203e-01 3.559094946060020054e-02 3.601428116472005314e+01 1.938241490229328581e-02
1.472000000000000000e+03 1.246975759795726044e+05 3.504785129346506545e-01 3.638666591922120469e-02 3.601037732236927269e+01 1.938408874612700117e-02
1.473000000000000000e+03 1.247760053799881716e+05 3.500574343282711887e-01 3.570144528505218157e-02 3.600646905860535441e+01 1.938576448572249672e-02
1.474000000000000000e+03 1.248560299910988106e+05 3.496363557218917784e-01 3.396311094664188762e-02 3.600255636340173027e+01 1.938744212537884398e-02
1.475000000000000000e+03 1.249402862508831895e+05 3.492152771155123125e-01 3.631431438051199723e-02 3.599863922669769778e+01 1.938912166940975554e-02
1.476000000000000000e+03 1.250192250141649856e+05 3.487941985091328467e-01 3.883586355001437257e-02 3.599471763839824945e+01 1.939080312214364749e-02
1.477000000000000000e+03 1.250930692580272298e+05 3.483731199027534364e-01 3.872121003314546450e-02 3.599079158837390935e+01 1.939248648792372270e-02
1.478000000000000000e+03 1.251672191583475360e+05 3.479520412963739151e-01 3.691456746610472656e-02 3.598686106646060523e+01 1.939417177110800555e-02
1.479000000000000000e+03 1.252451000980534300e+05 3.475309626899945048e-01 3.639103815726832392e-02 3.598292606245949088e+01 1.939585897606944595e-02
1.480000000000000000e+03 1.253241965811254486e+05 3.471098840836150945e-01 3.391770535029332845e-02 3.597898656613678270e+01 1.939754810719596448e-02
1.481000000000000000e+03 1.254091853237759497e+05 3.466888054772355732e-01 3.406474959095343036e-02 3.597504256722361049e+01 1.939923916889052177e-02
1.482000000000000000e+03 1.254938832190170797e+05 3.462677268708561629e-01 3.296265957739441532e-02 3.597109405541585403e+01 1.940093216557120179e-02
1.483000000000000000e+03 1.255815271107774315e+05 3.458469899990019858e-01 3.485006108482588405e-02 3.596714102037397964e+01 1.940262710167126731e-02
1.484000000000000000e+03 1.256646119889414258e+05 3.454267670260764977e-01 3.593295225747712707e-02 3.596320061701911186e+01 1.940435490179664643e-02
1.485000000000000000e+03 1.257451940634776838e+05 3.450067162175544655e-01 3.350561024368384905e-02 3.595926434298414875e+01 1.940610027176366270e-02
1.486000000000000000e+03 1.258317560999854468e+05 3.445866654090323777e-01 3.368106519933808385e-02 3.595532354522202212e+01 1.940784764758125142e-02
1.487000000000000000e+03 1.259179273641902109e+05 3.441666146005103455e-01 3.402940626643737032e-02 3.595137821332306061e+01 1.940959703386513358e-02
1.488000000000000000e+03 1.260033342033145018e+05 3.437465637919883132e-01 3.402744777059862197e-02 3.594742833684162520e+01 1.941134843524696882e-02
1.489000000000000000e+03 1.260888554680726957e+05 3.433265129834662255e-01 3.419543710737554809e-02 3.594347390529593156e+01 1.941310185637445604e-02
1.490000000000000000e+03 1.261740629556888889e+05 3.429064621749441377e-01 3.526814608147886554e-02 3.593951490816790084e+01 1.941485730191137501e-02
1.491000000000000000e+03 1.262567549613859010e+05 3.424864113664221055e-01 3.368747355657408793e-02 3.593555133490297493e+01 1.941661477653769050e-02
1.492000000000000000e+03 1.263434434993582981e+05 3.420663605579000732e-01 3.348715429625187534e-02 3.593158317490994591e+01 1.941837428494961118e-02
1.493000000000000000e+03 1.264307379356892343e+05 3.416463097493779855e-01 3.293073940972145175e-02 3.592761041756081397e+01 1.942013583185966605e-02
1.494000000000000000e+03 1.265196373931823764e+05 3.412262589408559532e-01 3.231496739010289443e-02 3.592363305219058134e+01 1.942189942199678762e-02
1.495000000000000000e+03 1.266104028880746337e+05 3.408062081323338655e-01 3.358560515753547526e-02 3.591965106809708885e+01 1.942366506010637442e-02
1.496000000000000000e+03 1.266977872310475796e+05 3.403861573238118332e-01 3.375175456464907242e-02 3.591566445454088097e+01 1.942543275095038116e-02
1.497000000000000000e+03 1.267848360746370163e+05 3.399661065152898010e-01 3.394389787582047235e-02 3.591167320074496416e+01 1.942720249930739509e-02
1.498000000000000000e+03 1.268715063777683681e+05 3.395460557067677132e-01 3.319468822982797607e-02 3.590767729589470036e+01 1.942897430997270192e-02
1.499000000000000000e+03 1.269602753455188213e+05 3.391260048982456254e-01 3.374936264686453913e-02 3.590367672913757247e+01 1.943074818775836904e-02
1.500000000000000000e+03 1.270477054640724964e+05 3.387061462937840384e-01 3.148109528026611648e-02 3.589967148958306353e+01 1.943252413749333579e-02
1.501000000000000000e+03 1.271415150629948621e+05 3.382867777650484520e-01 3.223526992996317980e-02 3.589567199841292222e+01 1.943429753835661591e-02
1.502000000000000000e+03 1.272332944455910911e+05 3.378677071079785321e-01 3.419874437027947689e-02 3.589168400240930623e+01 1.943606584218695796e-02
1.503000000000000000e+03 1.273198588987154944e+05 3.374486364509086123e-01 3.533747998660766165e-02 3.588769133310797343e+01 1.943783621818844301e-02
1.504000000000000000e+03 1.274037345465620310e+05 3.370295657938386924e-01 3.700093987948521040e-02 3.588369397954334516e+01 1.943960867122328587e-02
1.505000000000000000e+03 1.274839269029340212e+05 3.366104951367687170e-01 3.793857536654979268e-02 3.587969193071121055e+01 1.944138320617082652e-02
1.506000000000000000e+03 1.275622531084637449e+05 3.361914244796987972e-01 3.835473536365550246e-02 3.587568517556853465e+01 1.944315982792762035e-02
1.507000000000000000e+03 1.276398069500902930e+05 3.357723538226288773e-01 3.841939614902489808e-02 3.587167370303327374e+01 1.944493854140751793e-02
1.508000000000000000e+03 1.277173309223813412e+05 3.353532831655589574e-01 3.806822871314081980e-02 3.586765750198418345e+01 1.944671935154174830e-02
1.509000000000000000e+03 1.277956927927099168e+05 3.349342125084890376e-01 3.667423679202056613e-02 3.586363656126066957e+01 1.944850226327899875e-02
1.510000000000000000e+03 1.278771056277297903e+05 3.345151418514190622e-01 3.763821630768528215e-02 3.585961086966256772e+01 1.945028728158549811e-02
1.511000000000000000e+03 1.279565354712335538e+05 3.340960711943491424e-01 3.631773723086052785e-02 3.585558041594995160e+01 1.945207441144509303e-02
1.512000000000000000e+03 1.280389600758391607e+05 3.336770005372792225e-01 3.818030411480777264e-02 3.585154518884299080e+01 1.945386365785934865e-02
1.513000000000000000e+03 1.281175227363841987e+05 3.332579298802093026e-01 3.905081529369779092e-02 3.584750517702169503e+01 1.945565502584761450e-02
1.514000000000000000e+03 1.281943671630543686e+05 3.328388592231393828e-01 3.845929595978173771e-02 3.584346036912578626e+01 1.945744852044711815e-02
1.515000000000000000e+03 1.282724925935761712e+05 3.324197885660694629e-01 3.824391412129081458e-02 3.583941075375447127e+01 1.945924414671304156e-02
1.516000000000000000e+03 1.283511540077828395e+05 3.320007179089995430e-01 3.939997839382071432e-02 3.583535631946624989e+01 1.946104190971862866e-02
1.517000000000000000e+03 1.284276849797798495e+05 3.315797116543937051e-01 4.258589414106526277e-02 3.583129705477873017e+01 1.946284181455524079e-02
1.518000000000000000e+03 1.284985089912039839e+05 3.311544708849326613e-01 4.299798192293641241e-02 3.582724587925094539e+01 1.946499935025903377e-02
1.519000000000000000e+03 1.285687489728382498e+05 3.307269311981521076e-01 4.295602919638699668e-02 3.582320523414563240e+01 1.946758192386038172e-02
1.520000000000000000e+03 1.286391439989343344e+05 3.302993915113716095e-01 4.310378913901004305e-02 3.581915975916874828e+01 1.947016758446850487e-02
1.521000000000000000e+03 1.287093875752284366e+05 3.298718518245911113e-01 4.195190414079250779e-02 3.581510944275997588e+01 1.947275633947216644e-02
1.522000000000000000e+03 1.287816517487883975e+05 3.294443121378105577e-01 4.212807909272339030e-02 3.581105427331743130e+01 1.947534819628669520e-02
1.523000000000000000e+03 1.288537132652327564e+05 3.290167724510301150e-01 4.375377621312648291e-02 3.580699423919750046e+01 1.947794316235409995e-02
1.524000000000000000e+03 1.289232260449277965e+05 3.285892327642495614e-01 4.579047274302003312e-02 3.580292932871457623e+01 1.948054124514321181e-02
1.525000000000000000e+03 1.289896886477244552e+05 3.281616930774690633e-01 4.604150766697048119e-02 3.579885953014093758e+01 1.948314245214980214e-02
1.526000000000000000e+03 1.290558724188374617e+05 3.277341533906885651e-01 4.598634981535355826e-02 3.579478483170647252e+01 1.948574679089671788e-02
1.527000000000000000e+03 1.291222267184484372e+05 3.273066137039080115e-01 4.650262230434375199e-02 3.579070522159852885e+01 1.948835426893400294e-02
1.528000000000000000e+03 1.291879441503792768e+05 3.268790740171275688e-01 4.542533924007423340e-02 3.578662068796166551e+01 1.949096489383904743e-02
1.529000000000000000e+03 1.292552974844049168e+05 3.264515343303470152e-01 4.498050543549996644e-02 3.578253121889748201e+01 1.949357867321670212e-02
1.530000000000000000e+03 1.293234090653353778e+05 3.260239946435665725e-01 4.492756507901489449e-02 3.577843680246437685e+01 1.949619561469942419e-02
1.531000000000000000e+03 1.293916883150966314e+05 3.255964549567860189e-01 4.414062259236566088e-02 3.577433742667738414e+01 1.949881572594739862e-02
1.532000000000000000e+03 1.294613033776562079e+05 3.251689152700054652e-01 4.317609756059379023e-02 3.577023307950790354e+01 1.950143901464868046e-02
1.533000000000000000e+03 1.295325430972669565e+05 3.247413755832250226e-01 4.239721835135113609e-02 3.576612374888353685e+01 1.950406548851933361e-02
1.534000000000000000e+03 1.296051882811014948e+05 3.243124036967053314e-01 4.364489673744313680e-02 3.576200942268786065e+01 1.950669515530356266e-02
1.535000000000000000e+03 1.296758419337109372e+05 3.238817521207920658e-01 4.323693272166407447e-02 3.575791720940006257e+01 1.950962589452351695e-02
1.536000000000000000e+03 1.297472587024417735e+05 3.234508530552241412e-01 4.448038651809325950e-02 3.575382470007593838e+01 1.951261170893856672e-02
1.537000000000000000e+03 1.298167735991055961e+05 3.230199539896562166e-01 4.475383339845341590e-02 3.574972719898179463e+01 1.951560116525097310e-02
1.538000000000000000e+03 1.298860033392492769e+05 3.225890549240882921e-01 4.098877431726133391e-02 3.574562469392549957e+01 1.951859427235587072e-02
1.539000000000000000e+03 1.299616536083813698e+05 3.221581558585204230e-01 4.385655362154500941e-02 3.574151717267020700e+01 1.952159103918102781e-02
1.540000000000000000e+03 1.300324430709331791e+05 3.217272567929524985e-01 4.304123803844027429e-02 3.573740462293411468e+01 1.952459147468700237e-02
1.541000000000000000e+03 1.301046573434201564e+05 3.212963577273846294e-01 4.297560846762422254e-02 3.573328703239027959e+01 1.952759558786729480e-02
1.542000000000000000e+03 1.301770787123466434e+05 3.208654586618167048e-01 4.250655912475719000e-02 3.572916438866635502e+01 1.953060338774852134e-02
1.543000000000000000e+03 1.302504024447842094e+05 3.204345595962487803e-01 3.985913670154887095e-02 3.572503667934439164e+01 1.953361488339057025e-02
1.544000000000000000e+03 1.303287250340775790e+05 3.200036605306809112e-01 4.178368669739576657e-02 3.572090389196062432e+01 1.953663008388676833e-02
1.545000000000000000e+03 1.304035429359272821e+05 3.195727614651129866e-01 4.187413596873918592e-02 3.571676601400520923e+01 1.953964899836404742e-02
1.546000000000000000e+03 1.304782755512419681e+05 3.191418623995451176e-01 4.127139071004973236e-02 3.571262303292203910e+01 1.954267163598310056e-02
1.547000000000000000e+03 1.305542217577966949e+05 3.187109633339771930e-01 4.040278882835909857e-02 3.570847493610847323e+01 1.954569800593856238e-02
1.548000000000000000e+03 1.306318941814356658e+05 3.182800642684092685e-01 3.944877582631080293e-02 3.570432171091513851e+01 1.954872811745916178e-02
1.549000000000000000e+03 1.307116056418828812e+05 3.178491652028413994e-01 3.953867431173780506e-02 3.570016334464570207e+01 1.955176197980790925e-02
1.550000000000000000e+03 1.307911925210082263e+05 3.174185646146132078e-01 3.882893707971993291e-02 3.569599982455659415e+01 1.955479960228224956e-02
1.551000000000000000e+03 1.308723365336801653e+05 3.169884859096538943e-01 3.879947277520517934e-02 3.569185005698243174e+01 1.955783342211359424e-02
1.552000000000000000e+03 1.309536800957228406e+05 3.165586306106236703e-01 3.760269376277591835e-02 3.568770930434712341e+01 1.956086533921281428e-02
1.553000000000000000e+03 1.310377079134411324e+05 3.161287753115934462e-01 3.599665271875722439e-02 3.568356340234729629e+01 1.956390102674889289e-02
1.554000000000000000e+03 1.311256086086852301e+05 3.156989200125632777e-01 3.655550280521638329e-02 3.567941233815967905e+01 1.956694049411120129e-02
1.555000000000000000e+03 1.312122833608468063e+05 3.152690647135330537e-01 3.477039922045544601e-02 3.567525609891306004e+01 1.956998375072422150e-02
1.556000000000000000e+03 1.313035121711975662e+05 3.148392094145028297e-01 3.427096169231336198e-02 3.567109467168801729e+01 1.957303080604774065e-02
1.557000000000000000e+03 1.313961997297344496e+05 3.144093541154726612e-01 3.285380944541307913e-02 3.566692804351669110e+01 1.957608166957700013e-02
1.558000000000000000e+03 1.314930289659073169e+05 3.139794988164424927e-01 3.290586702597047414e-02 3.566275620138254254e+01 1.957913635084289686e-02
1.559000000000000000e+03 1.315898192257187329e+05 3.135496435174122132e-01 3.308234799548549071e-02 3.565857913222009756e+01 1.958219485941214977e-02
1.560000000000000000e+03 1.316862231673451897e+05 3.131197882183820447e-01 3.216085659241202377e-02 3.565439682291472678e+01 1.958525720488748026e-02
1.561000000000000000e+03 1.317855544174732640e+05 3.126899329193518762e-01 3.215954695351067039e-02 3.565020926030236126e+01 1.958832339690779606e-02
1.562000000000000000e+03 1.318850072085471766e+05 3.122600776203216522e-01 3.243314449422696893e-02 3.564601643116927931e+01 1.959139344514837858e-02
1.563000000000000000e+03 1.319837640873135824e+05 3.118302223212914281e-01 2.967498828416668954e-02 3.564181832225184365e+01 1.959446735932104597e-02
1.564000000000000000e+03 1.320920642153507797e+05 3.114003670222612596e-01 2.865536149848216252e-02 3.563761492023622424e+01 1.959754514917436824e-02
1.565000000000000000e+03 1.322041692941074725e+05 3.109705117232310356e-01 2.832997924212175486e-02 3.563340621175819223e+01 1.960062682449381991e-02
1.566000000000000000e+03 1.323176995028629899e+05 3.105410364421131164e-01 2.726913365550571663e-02 3.562919218340283578e+01 1.960371239510199162e-02
1.567000000000000000e+03 1.324357896883723733e+05 3.101121861140560543e-01 2.673092198105922121e-02 3.562499347632731173e+01 1.960678674725438789e-02
1.568000000000000000e+03 1.325564560347558872e+05 3.096835807211476554e-01 2.573957175807278439e-02 3.562080277126203498e+01 1.960985524022276077e-02
1.569000000000000000e+03 1.326819467824233579e+05 3.092549753282392011e-01 2.749014821300476558e-02 3.561660675092767292e+01 1.961292762510563614e-02
1.570000000000000000e+03 1.327995752210761420e+05 3.088263699353307468e-01 2.636255174113979333e-02 3.561240540182387804e+01 1.961600391178815184e-02
1.571000000000000000e+03 1.329224500373299525e+05 3.083977645424222924e-01 2.578370929570522954e-02 3.560819871039881690e+01 1.961908411019315859e-02
1.572000000000000000e+03 1.330481997493324743e+05 3.079691591495138381e-01 2.431942101421722194e-02 3.560398666304888593e+01 1.962216823028139698e-02
1.573000000000000000e+03 1.331817773646406713e+05 3.075405537566053837e-01 2.402143788596197010e-02 3.559976924611846272e+01 1.962525628205171596e-02
1.574000000000000000e+03 1.333171363751176395e+05 3.071119483636969849e-01 2.324105823767760523e-02 3.559554644589962180e+01 1.962834827554123598e-02
1.575000000000000000e+03 1.334572342919568473e+05 3.066833429707885306e-01 2.253341531058994027e-02 3.559131824863189308e+01 1.963144422082558141e-02
1.576000000000000000e+03 1.336019891470609873e+05 3.062547375778800762e-01 2.342930309751950491e-02 3.558708464050197051e+01 1.963454412801904359e-02
1.577000000000000000e+03 1.337414498855699785e+05 3.058261321849716219e-01 2.218895227697001080e-02 3.558284560764343496e+01 1.963764800727479595e-02
1.578000000000000000e+03 1.338889376110701705e+05 3.053975267920631675e-01 2.338218279318986584e-02 3.557860113613652686e+01 1.964075586878510221e-02
1.579000000000000000e+03 1.340290549600817903e+05 3.049689213991547687e-01 2.130513826752912857e-02 3.557435121200781225e+01 1.964386772278148979e-02
1.580000000000000000e+03 1.341830971587053209e+05 3.045403160062463144e-01 2.153850665950684390e-02 3.557009582122995539e+01 1.964698357953498231e-02
1.581000000000000000e+03 1.343356083505057904e+05 3.041117106133378600e-01 2.061859954827254329e-02 3.556583494972140613e+01 1.965010344935627998e-02
1.582000000000000000e+03 1.344951794755097944e+05 3.036822522053700957e-01 2.032817809283231705e-02 3.556156858334614412e+01 1.965322734259598164e-02
1.583000000000000000e+03 1.346572278159313719e+05 3.032519000396833864e-01 1.967752371891184557e-02 3.555732771864836650e+01 1.965440476306958700e-02
1.584000000000000000e+03 1.348248534292983823e+05 3.028215071313371531e-01 1.926554780390143939e-02 3.555308285508389332e+01 1.965549048278823416e-02
1.585000000000000000e+03 1.349962907171578263e+05 3.023911142229908089e-01 1.869147120692194255e-02 3.554883249831001280e+01 1.965657760751923777e-02
1.586000000000000000e+03 1.351732340248046094e+05 3.019607213146445757e-01 1.789691519288828456e-02 3.554457663409096568e+01 1.965766614090372344e-02
1.587000000000000000e+03 1.353583809157041251e+05 3.015303284062982314e-01 1.688728046976170280e-02 3.554031524813556331e+01 1.965875608659697557e-02
1.588000000000000000e+03 1.355548456752157654e+05 3.010999354979519982e-01 1.609559734344243390e-02 3.553604832609693176e+01 1.965984744826853800e-02
1.589000000000000000e+03 1.357611533005902602e+05 3.006695425896056539e-01 1.607565677913283184e-02 3.553177585357219215e+01 1.966094022960226950e-02
1.590000000000000000e+03 1.359680758193899237e+05 3.002391496812594207e-01 1.649507817639243173e-02 3.552749781610220481e+01 1.966203443429642012e-02
1.591000000000000000e+03 1.361700162634227308e+05 2.998087567729130765e-01 1.659875258389011815e-02 3.552321419917124246e+01 1.966313006606371441e-02
1.592000000000000000e+03 1.363711487275022955e+05 2.993783638645668432e-01 1.530876838711988860e-02 3.551892498820672728e+01 1.966422712863142436e-02
1.593000000000000000e+03 1.365893786607834045e+05 2.989479709562204990e-01 1.481735906240782587e-02 3.551463016857888988e+01 1.966532562574143869e-02
1.594000000000000000e+03 1.368152088614695531e+05 2.985175780478742658e-01 1.525103629775202002e-02 3.551032972560051348e+01 1.966642556115034621e-02
1.595000000000000000e+03 1.370348876117858745e+05 2.980871851395279215e-01 1.503503747950207109e-02 3.550602364452661419e+01 1.966752693862950860e-02
1.596000000000000000e+03 1.372580833763277042e+05 2.976567922311816883e-01 1.587030245168984111e-02 3.550171191055412123e+01 1.966862976196514373e-02
1.597000000000000000e+03 1.374698803335867415e+05 2.972263529169963392e-01 1.539224108116509296e-02 3.549739450882161407e+01 1.966973403495840197e-02
1.598000000000000000e+03 1.376885164441741072e+05 2.967958368208352682e-01 1.531369932871488350e-02 3.549308674070663727e+01 1.966998326320272897e-02
1.599000000000000000e+03 1.379086221584898885e+05 2.963652903485374801e-01 1.521017182159946877e-02 3.548878332945454162e+01 1.966967180752314873e-02
1.600000000000000000e+03 1.381305090700713044e+05 2.959347438762397475e-01 1.506645011521350053e-02 3.548447424155095575e+01 1.966935994100080937e-02
1.601000000000000000e+03 1.383548253102449526e+05 2.955041974039419594e-01 1.486294718628378315e-02 3.548015946199988946e+01 1.966904766255039155e-02
1.602000000000000000e+03 1.385825334953713755e+05 2.950736509316441714e-01 1.450822562513874592e-02 3.547583897574586587e+01 1.966873497108226690e-02
1.603000000000000000e+03 1.388161488838956866e+05 2.946431044593464388e-01 1.373604363427424584e-02 3.547151276767358041e+01 1.966842186550247715e-02
1.604000000000000000e+03 1.390632673109906900e+05 2.942125579870487062e-01 1.390948321192771869e-02 3.546718082260760951e+01 1.966810834471271682e-02
1.605000000000000000e+03 1.393076031815758906e+05 2.937820115147509181e-01 1.424249697913838528e-02 3.546284312531206240e+01 1.966779440761029854e-02
1.606000000000000000e+03 1.395465932239973918e+05 2.933514650424531300e-01 1.405166673879554642e-02 3.545849966049027557e+01 1.966748005308813912e-02
1.607000000000000000e+03 1.397892116882968985e+05 2.929209185701553420e-01 1.407092289197414171e-02 3.545415041278449308e+01 1.966716528003473879e-02
1.608000000000000000e+03 1.400318282086465333e+05 2.924903720978576094e-01 1.408145599945011435e-02 3.544979536677553966e+01 1.966685008733414300e-02
1.609000000000000000e+03 1.402747035270932538e+05 2.920598256255598768e-01 1.416171039255334496e-02 3.544543450698247256e+01 1.966653447386593201e-02
1.610000000000000000e+03 1.405166237245147640e+05 2.916292791532620887e-01 1.406251593914311683e-02 3.544106781786228311e+01 1.966621843850520010e-02
1.611000000000000000e+03 1.407605287427418807e+05 2.911987326809643006e-01 1.367695845607815562e-02 3.543669528380954148e+01 1.966590198012251045e-02
1.612000000000000000e+03 1.410116463491666655e+05 2.907685788303289720e-01 1.373741533185908817e-02 3.543231688915606981e+01 1.966558509758389514e-02
1.613000000000000000e+03 1.412620419925370952e+05 2.903391368595482636e-01 1.408681729124099460e-02 3.542794609983242538e+01 1.966524528025279106e-02
1.614000000000000000e+03 1.415065544482616533e+05 2.899100141469597158e-01 1.390908254013267266e-02 3.542358040863966551e+01 1.966488669063546149e-02
1.615000000000000000e+03 1.417546757529464958e+05 2.894808914343711126e-01 1.482269903335436782e-02 3.541920884527853275e+01 1.966452761868932655e-02
1.616000000000000000e+03 1.419877564929930959e+05 2.890517687217825649e-01 1.457749610670203665e-02 3.541483139393076840e+01 1.966416806311510612e-02
1.617000000000000000e+03 1.422251769896023034e+05 2.886226460091940171e-01 1.372654888763584838e-02 3.541044803871411517e+01 1.966380802260826385e-02
1.618000000000000000e+03 1.424776293676879141e+05 2.881935232966054139e-01 1.413188660600195670e-02 3.540605876368196903e+01 1.966344749585897250e-02
1.619000000000000000e+03 1.427232271143989055e+05 2.877644005840168662e-01 1.486777243426944117e-02 3.540166355282303101e+01 1.966308648155209657e-02
1.620000000000000000e+03 1.429569917094008415e+05 2.873352778714283184e-01 1.454113523863531481e-02 3.539726239006094488e+01 1.966272497836715413e-02
1.621000000000000000e+03 1.431965615919801930e+05 2.869061551588397707e-01 1.400734799460710313e-02 3.539285525925396314e+01 1.966236298497828910e-02
1.622000000000000000e+03 1.434454518441008113e+05 2.864770324462512230e-01 1.504818287166372927e-02 3.538844214419458467e+01 1.966200050005425040e-02
1.623000000000000000e+03 1.436775493124444620e+05 2.860479097336626197e-01 1.418589327151997467e-02 3.538402302860919946e+01 1.966163752225835726e-02
1.624000000000000000e+03 1.439240973208479118e+05 2.856187870210740720e-01 1.400077198662408144e-02 3.537959789615771200e+01 1.966127405024846453e-02
1.625000000000000000e+03 1.441742126627561229e+05 2.851896643084854688e-01 1.490660206309577830e-02 3.537516673043320736e+01 1.966091008267693147e-02
1.626000000000000000e+03 1.444095705387626949e+05 2.847605415958969211e-01 1.477252387625060774e-02 3.537072951496156037e+01 1.966054561819061478e-02
1.627000000000000000e+03 1.446473425466649933e+05 2.843320370657652640e-01 1.478544351822167792e-02 3.536628623320108034e+01 1.966018065543080617e-02
1.628000000000000000e+03 1.448852280398395669e+05 2.839043155296142595e-01 1.474023504963336076e-02 3.536185701389054969e+01 1.965981684773403931e-02
1.629000000000000000e+03 1.451242011121532414e+05 2.834767588049871279e-01 1.445698336340683204e-02 3.535742710006909562e+01 1.965945298299145994e-02
1.630000000000000000e+03 1.453682285024186713e+05 2.830492020803599962e-01 1.487876658894986270e-02 3.535299110823368096e+01 1.965908861901230834e-02
1.631000000000000000e+03 1.456057136926248786e+05 2.826216453557328645e-01 1.424028100830687128e-02 3.534854902168284241e+01 1.965872375442475825e-02
1.632000000000000000e+03 1.458542048311637191e+05 2.821940886311057328e-01 1.384348217176144258e-02 3.534410082364617978e+01 1.965835838785132128e-02
1.633000000000000000e+03 1.461102168383749668e+05 2.817665319064786567e-01 1.503239756637124620e-02 3.533964649728398655e+01 1.965799251790881913e-02
1.634000000000000000e+03 1.463466161723868281e+05 2.813389751818515250e-01 1.475841810645310385e-02 3.533518602568686617e+01 1.965762614320834198e-02
1.635000000000000000e+03 1.465874757799067593e+05 2.809114184572243933e-01 1.528916121088846718e-02 3.533071939187531285e+01 1.965725926235522419e-02
1.636000000000000000e+03 1.468205316562611551e+05 2.804838617325972616e-01 1.637549792410855978e-02 3.532624657879938468e+01 1.965689187394902004e-02
1.637000000000000000e+03 1.470384208017176425e+05 2.800563050079701855e-01 1.558303270035293724e-02 3.532176756933826312e+01 1.965652397658345513e-02
1.638000000000000000e+03 1.472675752859809145e+05 2.796287482833430538e-01 1.522276345661710203e-02 3.531728234629986929e+01 1.965615556884640902e-02
1.639000000000000000e+03 1.475026402597046108e+05 2.792011915587159221e-01 1.430520258489597317e-02 3.531279089242048741e+01 1.965578664931986325e-02
1.640000000000000000e+03 1.477530775792201457e+05 2.787736348340887904e-01 1.440547313795906802e-02 3.530829319036434555e+01 1.965541721657990126e-02
1.641000000000000000e+03 1.480021454383519012e+05 2.783462024634636434e-01 1.543583682389907882e-02 3.530378922272323194e+01 1.965504726919663908e-02
1.642000000000000000e+03 1.482352076545054442e+05 2.779191685021032421e-01 1.585335648578862708e-02 3.529928674974106428e+01 1.965425024670241355e-02
1.643000000000000000e+03 1.484622449725667248e+05 2.774924085960056019e-01 1.608184767548061223e-02 3.529479514213859659e+01 1.965251139068636618e-02
1.644000000000000000e+03 1.486864037836994103e+05 2.770656486899079618e-01 1.524312713068091095e-02 3.529029725479687585e+01 1.965077010356694812e-02
1.645000000000000000e+03 1.489232830597709399e+05 2.766388887838103772e-01 1.510137683359782067e-02 3.528579307013184518e+01 1.964902637853676443e-02
1.646000000000000000e+03 1.491626930752852641e+05 2.762121288777127370e-01 1.516889777102471866e-02 3.528128257048548022e+01 1.964728020875978684e-02
1.647000000000000000e+03 1.494013784867211652e+05 2.757853689716150969e-01 1.495849531424251790e-02 3.527676573812539829e+01 1.964553158737120109e-02
1.648000000000000000e+03 1.496437505915611109e+05 2.753586090655174567e-01 1.563916466888651616e-02 3.527224255524440366e+01 1.964378050747722648e-02
1.649000000000000000e+03 1.498760860773639288e+05 2.749318491594198166e-01 1.626476706513659692e-02 3.526771300396010389e+01 1.964202696215497368e-02
1.650000000000000000e+03 1.500996713901766925e+05 2.745050892533221765e-01 1.673418671544679368e-02 3.526317706631444793e+01 1.964027094445226079e-02
1.651000000000000000e+03 1.503173544207680970e+05 2.740783293472245363e-01 1.685705689763495815e-02 3.525863472427334244e+01 1.963851244738747115e-02
1.652000000000000000e+03 1.505337946077806700e+05 2.736515694411268962e-01 1.665084643256666691e-02 3.525408595972618286e+01 1.963675146394936594e-02
1.653000000000000000e+03 1.507532921362513734e+05 2.732248095350292560e-01 1.616439988384560725e-02 3.524953075448543416e+01 1.963498798709692114e-02
1.654000000000000000e+03 1.509797588881854026e+05 2.727980496289316714e-01 1.614058051534846688e-02 3.524496909028619029e+01 1.963322200975916795e-02
1.655000000000000000e+03 1.512069180936264165e+05 2.723713372296208135e-01 1.591315213411222465e-02 3.524040094878576213e+01 1.963145352483501235e-02
1.656000000000000000e+03 1.514377080424671003e+05 2.719450442635000798e-01 1.609182222416992089e-02 3.523582830380729547e+01 1.962943988089909525e-02
1.657000000000000000e+03 1.516663036460650328e+05 2.715191232237825769e-01 1.603299646896768488e-02 3.523126475789980816e+01 1.962552237803120297e-02
1.658000000000000000e+03 1.518960730506453547e+05 2.710932021840651296e-01 1.587945685911544211e-02 3.522669470834577510e+01 1.962159929221214683e-02
1.659000000000000000e+03 1.521284325744986709e+05 2.706672811443476823e-01 1.564102244976044512e-02 3.522211813658166335e+01 1.961767060750634409e-02
1.660000000000000000e+03 1.523646662294908892e+05 2.702413601046301794e-01 1.551359971068300495e-02 3.521753502396434499e+01 1.961373630790989517e-02
1.661000000000000000e+03 1.526032125930552720e+05 2.698154390649127321e-01 1.588289218457810889e-02 3.521294535177062102e+01 1.960979637735018113e-02
1.662000000000000000e+03 1.528365455754918512e+05 2.693895180251952848e-01 1.625165094296310286e-02 3.520834910119680217e+01 1.960585079968547167e-02
1.663000000000000000e+03 1.530649674732740386e+05 2.689635969854777819e-01 1.591673453693008555e-02 3.520374625335822572e+01 1.960189955870453651e-02
1.664000000000000000e+03 1.532986402271806146e+05 2.685376759457603346e-01 1.580622683897358119e-02 3.519913678928878653e+01 1.959794263812622214e-02
1.665000000000000000e+03 1.535344453027559211e+05 2.681117549060428873e-01 1.487349319418448945e-02 3.519452068994049654e+01 1.959398002159908059e-02
1.666000000000000000e+03 1.537852453474964714e+05 2.676858338663253845e-01 1.515262250662660973e-02 3.518989793618295892e+01 1.959001169270094267e-02
1.667000000000000000e+03 1.540318298927275173e+05 2.672599128266079371e-01 1.513906974188795711e-02 3.518526850880294887e+01 1.958603763493851208e-02
1.668000000000000000e+03 1.542790249999289226e+05 2.668339917868904898e-01 1.404427113611445704e-02 3.518063238850390206e+01 1.958205783174696638e-02
1.669000000000000000e+03 1.545459628492245974e+05 2.664083988792999014e-01 1.469490772455246848e-02 3.517598955590543852e+01 1.957807226648953028e-02
1.670000000000000000e+03 1.548014652032938029e+05 2.659845614846113593e-01 1.431553645243938827e-02 3.517134280110077071e+01 1.957407088588723754e-02
1.671000000000000000e+03 1.550642400897907792e+05 2.655621514706977271e-01 1.369948393502402190e-02 3.516670153221871686e+01 1.957002000650032159e-02
1.672000000000000000e+03 1.553391504412075737e+05 2.651397414567840949e-01 1.381679024782321401e-02 3.516205351875328233e+01 1.956596324047023619e-02
1.673000000000000000e+03 1.556121432435488969e+05 2.647173314428705182e-01 1.413268624095991369e-02 3.515739874107379848e+01 1.956190057066340901e-02
1.674000000000000000e+03 1.558794777168267756e+05 2.642949214289569415e-01 1.418136804393287966e-02 3.515273717946376308e+01 1.955783197987136235e-02
1.675000000000000000e+03 1.561463805648006382e+05 2.638725114150433093e-01 1.417803411490772651e-02 3.514806881412033590e+01 1.955375745081027253e-02
1.676000000000000000e+03 1.564137986110781494e+05 2.634501014011297326e-01 1.276590241732271022e-02 3.514339362515386256e+01 1.954967696612052233e-02
1.677000000000000000e+03 1.567112871133432491e+05 2.630276913872161559e-01 1.324051731241710460e-02 3.513871159258731325e+01 1.954559050836626038e-02
1.678000000000000000e+03 1.569987930116971256e+05 2.626052813733025237e-01 1.355114872398290385e-02 3.513402269635582797e+01 1.954149806003495707e-02
1.679000000000000000e+03 1.572798342397057859e+05 2.621828713593888915e-01 1.408112341760824580e-02 3.512932691630616233e+01 1.953739960353694655e-02
1.680000000000000000e+03 1.575507147240811901e+05 2.617604613454753704e-01 1.364291685248030656e-02 3.512462423219618302e+01 1.953329512120498615e-02
1.681000000000000000e+03 1.578308491280720918e+05 2.613380513315617382e-01 1.405769454884986044e-02 3.511991462369434203e+01 1.952918459529378453e-02
1.682000000000000000e+03 1.581032535606238234e+05 2.609156413176481060e-01 1.433693876769953114e-02 3.511519807037915086e+01 1.952506800797955064e-02
1.683000000000000000e+03 1.583706130012691137e+05 2.604942748710101785e-01 1.496527304578857548e-02 3.511047455173862630e+01 1.952094534135952880e-02
1.684000000000000000e+03 1.586280256352743600e+05 2.600748876071491966e-01 1.630213450125014840e-02 3.510575245172665149e+01 1.951682391291235941e-02
1.685000000000000000e+03 1.588639036087428103e+05 2.596564359587894000e-01 1.566186759336271606e-02 3.510103090209887000e+01 1.951270296483812935e-02
1.686000000000000000e+03 1.591098879738403484e+05 2.592379843104296588e-01 1.656714033454166971e-02 3.509630235377090912e+01 1.950857590832868679e-02
1.687000000000000000e+03 1.593428217761808482e+05 2.588195326620699177e-01 1.729683917094250456e-02 3.509156678596378498e+01 1.950444272524821943e-02
1.688000000000000000e+03 1.595662443231246725e+05 2.584010810137101211e-01 1.764982751070488798e-02 3.508682417780582341e+01 1.950030339738001786e-02
1.689000000000000000e+03 1.597855824742457771e+05 2.579826293653503244e-01 1.705160424413732292e-02 3.508207450833211993e+01 1.949615790642601071e-02
1.690000000000000000e+03 1.600130341767577629e+05 2.575641777169905833e-01 1.637360574159010818e-02 3.507731775648400685e+01 1.949200623400627538e-02
1.691000000000000000e+03 1.602501769403498038e+05 2.571457260686308421e-01 1.623981012655638032e-02 3.507255390110844218e+01 1.948784836165853504e-02
1.692000000000000000e+03 1.604896413318453706e+05 2.567272744202710455e-01 1.576307552476709922e-02 3.506778292095749094e+01 1.948368427083769019e-02
1.693000000000000000e+03 1.607369840937122353e+05 2.563088227719113044e-01 1.566030684032548512e-02 3.506300479468774967e+01 1.947951394291529484e-02
1.694000000000000000e+03 1.609862328203684010e+05 2.558903711235515077e-01 1.533764876451937549e-02 3.505821950085974947e+01 1.947533735917908113e-02
1.695000000000000000e+03 1.612411388881804887e+05 2.554719194751917666e-01 1.484733833220794851e-02 3.505342701793740190e+01 1.947115450083244589e-02
1.696000000000000000e+03 1.615048163237040280e+05 2.550537001956026950e-01 1.459450472369900470e-02 3.504862732428739491e+01 1.946696534899393025e-02
1.697000000000000000e+03 1.617734843784628902e+05 2.546372891143768857e-01 1.528374914643113557e-02 3.504382250524027853e+01 1.946286551742901216e-02
1.698000000000000000e+03 1.620307468223682663e+05 2.542224538627435582e-01 1.623728774968094188e-02 3.503902473822376606e+01 1.945940853235855056e-02
1.699000000000000000e+03 1.622730873124698410e+05 2.538076186111102861e-01 1.672719454889095778e-02 3.503421972535878126e+01 1.945594632636137369e-02
1.700000000000000000e+03 1.625087307164343656e+05 2.533927833594770140e-01 1.708428311590515919e-02 3.502940744472606127e+01 1.945247888364376801e-02
1.701000000000000000e+03 1.627397966900566535e+05 2.529779481078436865e-01 1.737531138999227551e-02 3.502458787430674647e+01 1.944900618834024750e-02
1.702000000000000000e+03 1.629673613658336690e+05 2.525631128562104699e-01 1.674294469508572428e-02 3.501976099198174808e+01 1.944552822451312349e-02
1.703000000000000000e+03 1.632039633284681768e+05 2.521482776045771423e-01 1.675114377865788429e-02 3.501492677553115129e+01 1.944204497615205016e-02
1.704000000000000000e+03 1.634407731859446503e+05 2.517334423529438148e-01 1.642115502148070588e-02 3.501008520263361845e+01 1.943855642717359430e-02
1.705000000000000000e+03 1.636827584517600480e+05 2.513186071013105982e-01 1.543972717996308294e-02 3.500523625086573531e+01 1.943506256142078434e-02
1.706000000000000000e+03 1.639407196121633751e+05 2.509037718496772706e-01 1.565928354252061824e-02 3.500037989770141422e+01 1.943156336266265924e-02
1.707000000000000000e+03 1.641953613050211861e+05 2.504889365980439986e-01 1.442862362360931155e-02 3.499551612051126170e+01 1.942805881459383141e-02
1.708000000000000000e+03 1.644723300216831558e+05 2.500741013464107265e-01 1.357137081087538694e-02 3.499064489656193899e+01 1.942454890083401137e-02
1.709000000000000000e+03 1.647669453590372286e+05 2.496592660947774267e-01 1.428293683693287672e-02 3.498576620301553675e+01 1.942103360492755670e-02
1.710000000000000000e+03 1.650472672167927667e+05 2.492464444312832983e-01 1.439495198038177014e-02 3.498088001692890714e+01 1.941751291034300719e-02
1.711000000000000000e+03 1.653258592730503296e+05 2.488356670115993985e-01 1.416018493266094774e-02 3.497601452212783357e+01 1.941927214243944350e-02
1.712000000000000000e+03 1.656095747882750584e+05 2.484249202475866392e-01 1.483088413802266178e-02 3.497114196788010787e+01 1.942111461050272103e-02
1.713000000000000000e+03 1.658810187532076379e+05 2.480141734835738798e-01 1.456675871987272823e-02 3.496626190204008822e+01 1.942295991893846011e-02
1.714000000000000000e+03 1.661578452389196318e+05 2.476034267195611205e-01 1.473542999134475756e-02 3.496137430141207147e+01 1.942480807651769323e-02
1.715000000000000000e+03 1.664319752488743106e+05 2.471926799555483611e-01 1.468149111738105417e-02 3.495647914269276413e+01 1.942665909205214259e-02
1.716000000000000000e+03 1.667076965894724417e+05 2.467819331915356296e-01 1.512266476854696833e-02 3.495157640247057174e+01 1.942851297439447678e-02
1.717000000000000000e+03 1.669757608028114191e+05 2.463711864275228702e-01 1.479657587415131141e-02 3.494666605722498076e+01 1.943036973243855367e-02
1.718000000000000000e+03 1.672502674925080210e+05 2.459604396635101109e-01 1.574577674814600647e-02 3.494174808332582671e+01 1.943222937511968756e-02
1.719000000000000000e+03 1.675085659155296162e+05 2.455496928994973516e-01 1.618491456402892589e-02 3.493682245703266176e+01 1.943409191141490244e-02
1.720000000000000000e+03 1.677603742216434330e+05 2.451389461354845922e-01 1.632379638033681565e-02 3.493188915449402288e+01 1.943595735034319219e-02
1.721000000000000000e+03 1.680105987258777895e+05 2.447281993714718329e-01 1.634597069037251049e-02 3.492694815174679235e+01 1.943782570096578427e-02
1.722000000000000000e+03 1.682608720907084644e+05 2.443175422604160207e-01 1.747810934457309437e-02 3.492199942471543039e+01 1.943969697238639646e-02
1.723000000000000000e+03 1.684951218420348596e+05 2.439078677513331073e-01 1.774246156794746787e-02 3.491704639925691112e+01 1.944158517795674390e-02
1.724000000000000000e+03 1.687263812592731265e+05 2.434990861912661453e-01 1.715033763908963352e-02 3.491211999972473734e+01 1.944361593526248988e-02
1.725000000000000000e+03 1.689658752210694656e+05 2.430903046311991555e-01 1.635045703447879709e-02 3.490718586920102950e+01 1.944564987943268874e-02
1.726000000000000000e+03 1.692176420246222406e+05 2.426815230711321658e-01 1.710741421492462805e-02 3.490224398338317968e+01 1.944768702048534081e-02
1.727000000000000000e+03 1.694585763434270048e+05 2.422727415110652038e-01 1.697660572173846638e-02 3.489729431785379887e+01 1.944972736848576966e-02
1.728000000000000000e+03 1.697018388721849187e+05 2.418639599509982419e-01 1.573794263461457746e-02 3.489233684808000646e+01 1.945177093354690662e-02
1.729000000000000000e+03 1.699646111707272648e+05 2.414551783909312799e-01 1.648501413924481629e-02 3.488737154941269125e+01 1.945381772582958912e-02
1.730000000000000000e+03 1.702159742604783678e+05 2.410463968308642901e-01 1.546532373974101281e-02 3.488239839708577961e+01 1.945586775554287301e-02
1.731000000000000000e+03 1.704843970063534507e+05 2.406376152707973282e-01 1.496700551930806727e-02 3.487741736621549649e+01 1.945792103294433431e-02
1.732000000000000000e+03 1.707620592188895389e+05 2.402288337107303384e-01 1.535741570406744250e-02 3.487242843179960516e+01 1.945997756834037806e-02
1.733000000000000000e+03 1.710331381689530390e+05 2.398200521506633764e-01 1.507070774385142232e-02 3.486743156871667537e+01 1.946203737208654361e-02
1.734000000000000000e+03 1.713098523798744136e+05 2.394112705905964145e-01 1.457419963616352239e-02 3.486242675172530880e+01 1.946410045458782379e-02
1.735000000000000000e+03 1.715964812143089657e+05 2.390029998242413911e-01 1.473612236939663735e-02 3.485741395546337174e+01 1.946616682629898065e-02
1.736000000000000000e+03 1.718805048671756813e+05 2.385958852782701090e-01 1.622099225650057083e-02 3.485241036999572373e+01 1.946822940114233125e-02
1.737000000000000000e+03 1.721393009216974606e+05 2.381894161589705183e-01 1.740159244249381981e-02 3.484742055759312507e+01 1.947028629846150188e-02
1.738000000000000000e+03 1.723806019766970130e+05 2.377829470396709277e-01 1.787499256800507280e-02 3.484242275903787345e+01 1.947234648782747435e-02
1.739000000000000000e+03 1.726159249282134697e+05 2.373764779203713371e-01 1.742963350600523764e-02 3.483741694872544770e+01 1.947440997979493424e-02
1.740000000000000000e+03 1.728576552203138126e+05 2.369700088010717465e-01 1.669330003460577777e-02 3.483240310092799064e+01 1.947647678496940496e-02
1.741000000000000000e+03 1.731105298174943600e+05 2.365635396817721559e-01 1.560078263327305086e-02 3.482738118979350617e+01 1.947854691400757038e-02
1.742000000000000000e+03 1.733816416723294242e+05 2.361570705624725652e-01 1.527773978716466530e-02 3.482235118934508478e+01 1.948062037761762177e-02
1.743000000000000000e+03 1.736588823485033063e+05 2.357506014431729469e-01 1.514721732443685166e-02 3.481731307348007931e+01 1.948269718655957702e-02
1.744000000000000000e+03 1.739389336812545080e+05 2.353441323238733562e-01 1.502837061528570529e-02 3.481226681596929495e+01 1.948477735164561714e-02
1.745000000000000000e+03 1.742217071764859138e+05 2.349376632045737656e-01 1.445850757435250197e-02 3.480721239045616500e+01 1.948686088374042627e-02
1.746000000000000000e+03 1.745161200279898767e+05 2.345311940852741750e-01 1.464135418903503641e-02 3.480214977045594793e+01 1.948894779376153519e-02
1.747000000000000000e+03 1.748074240285258566e+05 2.341247448849110568e-01 1.491161708025804701e-02 3.479707892935485347e+01 1.949103809267965434e-02
1.748000000000000000e+03 1.750938609399859852e+05 2.337189321615518178e-01 1.512804666111275745e-02 3.479200107741652204e+01 1.949313128160067715e-02
1.749000000000000000e+03 1.753767345346220245e+05 2.333137359962599300e-01 1.547292320122307593e-02 3.478695327767923828e+01 1.949521208242234807e-02
1.750000000000000000e+03 1.756537345527658181e+05 2.329085398309680977e-01 1.530821434849291562e-02 3.478189724889652013e+01 1.949729627541593388e-02
1.751000000000000000e+03 1.759342818880609702e+05 2.325033436656762098e-01 1.549844154247055975e-02 3.477683296419418468e+01 1.949938387165950013e-02
1.752000000000000000e+03 1.762118403244917572e+05 2.320981475003843775e-01 1.512790619392302693e-02 3.477176039656615814e+01 1.950147488228545778e-02
1.753000000000000000e+03 1.764967674870255578e+05 2.316929513350924896e-01 1.406860353876736303e-02 3.476667951887366570e+01 1.950356931848095179e-02
1.754000000000000000e+03 1.768036213426012837e+05 2.312877551698006018e-01 1.406509596542370941e-02 3.476159030384432214e+01 1.950566719148817685e-02
1.755000000000000000e+03 1.771110592976816115e+05 2.308825590045087695e-01 1.422926883350537040e-02 3.475649272407126489e+01 1.950776851260477632e-02
1.756000000000000000e+03 1.774154522193532903e+05 2.304773628392168816e-01 1.477621690017274191e-02 3.475138675201227301e+01 1.950987329318418576e-02
1.757000000000000000e+03 1.777093199018052837e+05 2.300721666739250493e-01 1.571569331455197061e-02 3.474627235998887187e+01 1.951198154463601453e-02
1.758000000000000000e+03 1.779861088510614936e+05 2.296669705086331614e-01 1.742923339916854428e-02 3.474114952018542368e+01 1.951409327842639624e-02
1.759000000000000000e+03 1.782361198626022669e+05 2.292617743433413291e-01 1.765560248981151714e-02 3.473601820464823930e+01 1.951620850607839117e-02
1.760000000000000000e+03 1.784832918891336885e+05 2.288569842773524043e-01 1.726236456324476906e-02 3.473087838528464033e+01 1.951832723917234363e-02
1.761000000000000000e+03 1.787366517368482018e+05 2.284526694112607448e-01 1.740081001883887757e-02 3.472576200759807108e+01 1.951823406878181247e-02
1.762000000000000000e+03 1.789887692313169828e+05 2.280484236457633596e-01 1.881961202455658538e-02 3.472064257593537917e+01 1.951776346159088404e-02
1.763000000000000000e+03 1.792218328663491993e+05 2.276441778802659466e-01 1.818510197043913743e-02 3.471551462665074439e+01 1.951729207141184030e-02
1.764000000000000000e+03 1.794634192076109175e+05 2.272399321147685614e-01 1.739410094721264080e-02 3.471037813135396988e+01 1.951681989563489733e-02
1.765000000000000000e+03 1.797164141413040343e+05 2.268356863492711484e-01 1.732854077756195571e-02 3.470523306151270049e+01 1.951634693163719486e-02
1.766000000000000000e+03 1.799708479150471976e+05 2.264314405837737354e-01 1.651115853441865317e-02 3.470007938845142803e+01 1.951587317678272343e-02
1.767000000000000000e+03 1.802383268352299638e+05 2.260271948182763224e-01 1.540655338091844948e-02 3.469491708335058888e+01 1.951539862842222028e-02
1.768000000000000000e+03 1.805256730933113431e+05 2.256229490527789372e-01 1.468487418312382220e-02 3.468974611724552659e+01 1.951492328389309305e-02
1.769000000000000000e+03 1.808275031062453927e+05 2.252187032872815242e-01 1.435629259049220167e-02 3.468456646102558238e+01 1.951444714051932608e-02
1.770000000000000000e+03 1.811369252851616766e+05 2.248144575217841390e-01 1.529225908788472629e-02 3.467937808543307199e+01 1.951397019561138327e-02
1.771000000000000000e+03 1.814279643329301325e+05 2.244102117562867260e-01 1.494879346521570639e-02 3.467418096106231218e+01 1.951349244646612829e-02
1.772000000000000000e+03 1.817262370380138454e+05 2.240060524250545582e-01 1.460117611387922419e-02 3.466897505835860471e+01 1.951301389036672745e-02
1.773000000000000000e+03 1.820322600155355467e+05 2.236019884362068777e-01 1.427812261445326678e-02 3.466378843715803271e+01 1.951170553626953991e-02
1.774000000000000000e+03 1.823455419556799461e+05 2.231979333554783840e-01 1.450507829520298296e-02 3.465859593234822000e+01 1.951030945733092659e-02
1.775000000000000000e+03 1.826544460221599729e+05 2.227938782747499180e-01 1.413013729998023951e-02 3.465339462209018961e+01 1.950891101092204136e-02
1.776000000000000000e+03 1.829722596685239696e+05 2.223898231940214520e-01 1.495207685245984394e-02 3.464818447646865707e+01 1.950751018899972433e-02
1.777000000000000000e+03 1.832732561197344330e+05 2.219857681132929583e-01 1.404176503095347361e-02 3.464296546541562094e+01 1.950610698347976513e-02
1.778000000000000000e+03 1.835941074041498650e+05 2.215817130325644924e-01 1.393258335326426865e-02 3.463773755870932547e+01 1.950470138623662184e-02
1.779000000000000000e+03 1.839180804495986085e+05 2.211776579518360264e-01 1.450695824194130588e-02 3.463250072597323026e+01 1.950329338910312266e-02
1.780000000000000000e+03 1.842298687703343749e+05 2.207736028711075327e-01 1.421398357766759206e-02 3.462725493667491605e+01 1.950188298387019528e-02
1.781000000000000000e+03 1.845485381304785551e+05 2.203695477903790667e-01 1.418938630113287906e-02 3.462200016012504733e+01 1.950047016228656852e-02
1.782000000000000000e+03 1.848683591659055091e+05 2.199654927096506007e-01 1.421504848695527914e-02 3.461673636547629229e+01 1.949905491605850166e-02
1.783000000000000000e+03 1.851881870230811473e+05 2.195616480617629818e-01 1.367424806948292458e-02 3.461146352172220730e+01 1.949763723684947228e-02
1.784000000000000000e+03 1.855213268598781142e+05 2.191589582498185140e-01 1.422003176081152419e-02 3.460618724951235947e+01 1.949621382748438839e-02
1.785000000000000000e+03 1.858422263126954203e+05 2.187572128409762950e-01 1.403022210990401315e-02 3.460092726843974020e+01 1.949477319183626559e-02
1.786000000000000000e+03 1.861681095946933201e+05 2.183554674321340761e-01 1.394179244925757878e-02 3.459565820859755547e+01 1.949333006963945014e-02
1.787000000000000000e+03 1.864966278236086946e+05 2.179537220232918293e-01 1.408377545532618104e-02 3.459038003859156873e+01 1.949188445229549024e-02
1.788000000000000000e+03 1.868225957754087576e+05 2.175519766144496103e-01 1.500837178064009202e-02 3.458509272686438862e+01 1.949043633116126495e-02
1.789000000000000000e+03 1.871289285372718005e+05 2.171502312056073913e-01 1.447365821683018784e-02 3.457979624169439603e+01 1.948898569754865459e-02
1.790000000000000000e+03 1.874471280864931759e+05 2.167484857967651446e-01 1.462939896679841915e-02 3.457449055119455750e+01 1.948753254272424587e-02
1.791000000000000000e+03 1.877625421556866495e+05 2.163467403879228979e-01 1.517453490329958264e-02 3.456917562331129545e+01 1.948607685790901614e-02
1.792000000000000000e+03 1.880671588365522330e+05 2.159449949790806789e-01 1.616697999945568287e-02 3.456385142582331582e+01 1.948461863427799340e-02
1.793000000000000000e+03 1.883537910820802499e+05 2.155432495702384599e-01 1.660848599503444642e-02 3.455851792634045694e+01 1.948315786295996832e-02
1.794000000000000000e+03 1.886331550274756446e+05 2.151415041613962131e-01 1.673797686438507903e-02 3.455317509230247452e+01 1.948169453503714038e-02
1.795000000000000000e+03 1.889109030686835176e+05 2.147397781395005423e-01 1.796999463960161081e-02 3.454782289097786219e+01 1.948022864154480560e-02
1.796000000000000000e+03 1.891702938097002043e+05 2.143380807720615122e-01 1.878399160834112736e-02 3.454248271373330681e+01 1.947876604128074077e-02
1.797000000000000000e+03 1.894188036154185247e+05 2.139363926721325748e-01 2.042804065506834132e-02 3.453714340091600832e+01 1.947730367777127797e-02
1.798000000000000000e+03 1.896478795024098072e+05 2.135347045722036652e-01 2.123629366892931108e-02 3.453179468896986037e+01 1.947583873997116646e-02
1.799000000000000000e+03 1.898684822986481304e+05 2.131330164722747555e-01 1.896103605694240621e-02 3.452643654474474033e+01 1.947437121880105093e-02
1.800000000000000000e+03 1.901162519348424976e+05 2.127313283723458459e-01 1.812558767612606689e-02 3.452106893491483675e+01 1.947290110513345135e-02
1.801000000000000000e+03 1.903756984503275307e+05 2.123296402724169085e-01 1.726655923176494134e-02 3.451569182597740593e+01 1.947142838979243687e-02
1.802000000000000000e+03 1.906484750208180631e+05 2.119279521724879989e-01 1.784590025325625759e-02 3.451030518425152138e+01 1.946995306355327193e-02
1.803000000000000000e+03 1.909130552136656188e+05 2.115262640725590892e-01 1.731811562576638860e-02 3.450490897587681616e+01 1.946847511714206239e-02
1.804000000000000000e+03 1.911861565960241423e+05 2.111245759726301796e-01 1.703332134623051705e-02 3.449950316681216123e+01 1.946699454123542936e-02
1.805000000000000000e+03 1.914642504914214078e+05 2.107228878727012700e-01 1.655028261220522004e-02 3.449408772283445757e+01 1.946551132646013454e-02
1.806000000000000000e+03 1.917510901837778511e+05 2.103214935657804208e-01 1.667481141332820965e-02 3.448866260953724350e+01 1.946402546339272982e-02
1.807000000000000000e+03 1.920362807919692132e+05 2.099208622814315306e-01 1.529419245020353750e-02 3.448324074638983916e+01 1.946337566631275995e-02
1.808000000000000000e+03 1.923480219057979120e+05 2.095207002266464835e-01 1.535123854156643548e-02 3.447782988456646791e+01 1.946406546652856492e-02
1.809000000000000000e+03 1.926589500747621059e+05 2.091205381718614364e-01 1.589953024922791808e-02 3.447240932228605459e+01 1.946475650340085198e-02
1.810000000000000000e+03 1.929597849909203651e+05 2.087203761170764449e-01 1.638617572658681784e-02 3.446697902470462793e+01 1.946544878137168588e-02
1.811000000000000000e+03 1.932522821223711944e+05 2.083202140622913978e-01 1.706687943942679364e-02 3.446153895679017864e+01 1.946614230490709835e-02
1.812000000000000000e+03 1.935337200185488618e+05 2.079200520075063507e-01 1.915595795862596110e-02 3.445608908332124543e+01 1.946683707849727538e-02
1.813000000000000000e+03 1.937850422136917477e+05 2.075198899527213314e-01 1.990916628571516231e-02 3.445062936888556493e+01 1.946753310665672379e-02
1.814000000000000000e+03 1.940271070286437171e+05 2.071197278979363121e-01 1.777043820186612055e-02 3.444515977787870753e+01 1.946823039392445512e-02
1.815000000000000000e+03 1.942992074776875088e+05 2.067195658431512650e-01 1.724612905330961954e-02 3.443968027450265623e+01 1.946892894486415559e-02
1.816000000000000000e+03 1.945797023175228096e+05 2.063194037883662180e-01 1.752147222967406076e-02 3.443419082276442111e+01 1.946962876406436657e-02
1.817000000000000000e+03 1.948567019398718548e+05 2.059188418896701900e-01 1.618793384251136433e-02 3.442869138647459692e+01 1.947032985613866840e-02
1.818000000000000000e+03 1.951566347117774712e+05 2.055169587810569964e-01 1.648197948821857745e-02 3.442319738902082804e+01 1.947275142479211116e-02
1.819000000000000000e+03 1.954517543537950260e+05 2.051141543064376460e-01 1.650815255718113966e-02 3.441772902773702469e+01 1.947914259598088407e-02
1.820000000000000000e+03 1.957470240980325034e+05 2.047113498318183233e-01 1.686320376925321690e-02 3.441225067921012482e+01 1.948554543980374545e-02
1.821000000000000000e+03 1.960366879870442499e+05 2.043085453571990007e-01 1.741386071780626210e-02 3.440676230689259540e+01 1.949195999897578371e-02
1.822000000000000000e+03 1.963178029389951262e+05 2.039057408825796780e-01 1.759972398508168751e-02 3.440126387403592645e+01 1.949838631644698270e-02
1.823000000000000000e+03 1.965965564197272470e+05 2.035029364079603553e-01 1.895170663397886118e-02 3.439575534368913878e+01 1.950482443540395988e-02
1.824000000000000000e+03 1.968558870187190478e+05 2.031001319333410049e-01 1.942676023615200892e-02 3.439023667869732037e+01 1.951127439927168722e-02
1.825000000000000000e+03 1.971096607524694118e+05 2.026973274587216822e-01 2.032483274573804177e-02 3.438470784170009154e+01 1.951773625171526749e-02
1.826000000000000000e+03 1.973527809652187862e+05 2.022945229841023596e-01 1.967162653899601904e-02 3.437916879513010571e+01 1.952421003664170027e-02
1.827000000000000000e+03 1.976042221598624310e+05 2.018917185094830369e-01 2.013764622809383065e-02 3.437361950121151466e+01 1.953069579820166518e-02
1.828000000000000000e+03 1.978502258366574242e+05 2.014892952222199218e-01 2.059760853247211837e-02 3.436805992195844084e+01 1.953719358079133994e-02
1.829000000000000000e+03 1.980912514425273694e+05 2.010877687992659868e-01 2.016023024473488981e-02 3.436251514767085524e+01 1.954374940416373635e-02
1.830000000000000000e+03 1.983380129755567759e+05 2.006867580532650241e-01 2.110542629634241940e-02 3.435699409446824149e+01 1.955037966498951105e-02
1.831000000000000000e+03 1.985741492520235479e+05 2.002857473072640337e-01 2.210682211101295744e-02 3.435146276568289636e+01 1.955702226581476633e-02
1.832000000000000000e+03 1.988000594931907835e+05 1.998847365612630433e-01 2.221756663146901706e-02 3.434592112299441879e+01 1.956367725265867330e-02
1.833000000000000000e+03 1.990252998565745947e+05 1.994837258152620807e-01 2.346430173361387095e-02 3.434036912786761775e+01 1.957034467179831483e-02
1.834000000000000000e+03 1.992389714815991174e+05 1.990827150692610903e-01 2.321319151643894130e-02 3.433480674155097034e+01 1.957702456977061800e-02
1.835000000000000000e+03 1.994553581841984706e+05 1.986817043232600999e-01 2.406422185954749590e-02 3.432923392507493787e+01 1.958371699337429356e-02
1.836000000000000000e+03 1.996645458520911343e+05 1.982806935772591372e-01 2.330862081246476425e-02 3.432365063925035287e+01 1.959042198967179960e-02
1.837000000000000000e+03 1.998809944513298688e+05 1.978796828312581746e-01 2.464138912066625442e-02 3.431805684466677064e+01 1.959713960599134344e-02
1.838000000000000000e+03 2.000863392565360991e+05 1.974786720852571564e-01 2.539347946978497486e-02 3.431245250169079952e+01 1.960386988992888005e-02
1.839000000000000000e+03 2.002860471080665011e+05 1.970782350874266120e-01 2.412833323246391798e-02 3.430683757046439553e+01 1.961061288935012081e-02
1.840000000000000000e+03 2.004963919327558833e+05 1.966785654620315515e-01 2.457826838394414765e-02 3.430125711732247851e+01 1.961731448386462920e-02
1.841000000000000000e+03 2.007032682866596442e+05 1.962790894609015568e-01 2.458404734793794358e-02 3.429568133159733634e+01 1.962401047325463069e-02
1.842000000000000000e+03 2.009105159699880169e+05 1.958796134597716176e-01 2.426490465663344240e-02 3.429009496751903896e+01 1.963071916624265292e-02
1.843000000000000000e+03 2.011209425246779574e+05 1.954801374586416507e-01 2.518831147947729610e-02 3.428449798487287836e+01 1.963744061112274175e-02
1.844000000000000000e+03 2.013242321889262239e+05 1.950806614575116837e-01 2.533925549421294290e-02 3.427889034321438544e+01 1.964417485646486120e-02
1.845000000000000000e+03 2.015265531416138401e+05 1.946811854563817445e-01 2.476724624090273844e-02 3.427327200186759626e+01 1.965092195111699247e-02
1.846000000000000000e+03 2.017340470288002689e+05 1.942817094552517776e-01 2.400777057565556954e-02 3.426764291992324729e+01 1.965768194420726422e-02
1.847000000000000000e+03 2.019484479678783391e+05 1.938822334541218106e-01 2.492260989321404968e-02 3.426200305623701325e+01 1.966445488514611400e-02
1.848000000000000000e+03 2.021554488315625640e+05 1.934827574529918714e-01 2.503336757508572638e-02 3.425635236942770945e+01 1.967124082362842197e-02
1.849000000000000000e+03 2.023619197037460108e+05 1.930835388261408214e-01 2.518625293344871341e-02 3.425069081787543013e+01 1.967803980963573132e-02
1.850000000000000000e+03 2.025676169150571513e+05 1.926852877480145221e-01 2.411629320218574776e-02 3.424503463510719570e+01 1.968483234824302056e-02
1.851000000000000000e+03 2.027829652704605251e+05 1.922877468443341120e-01 2.561065853208891602e-02 3.423941249787524299e+01 1.969158400139291512e-02
1.852000000000000000e+03 2.029860661641240586e+05 1.918902059406537020e-01 2.420807179855496288e-02 3.423377950504874434e+01 1.969834869108143260e-02
1.853000000000000000e+03 2.032015109036537178e+05 1.914926650369732641e-01 2.303740444013495370e-02 3.422813561462517384e+01 1.970512646774959242e-02
1.854000000000000000e+03 2.034281776641962933e+05 1.910951241332928263e-01 2.194083845266074639e-02 3.422248078435778496e+01 1.971191738213175573e-02
1.855000000000000000e+03 2.036667405175104504e+05 1.906975832296124163e-01 2.193596293680970949e-02 3.421681497175365649e+01 1.971872148525787016e-02
1.856000000000000000e+03 2.039057872267502826e+05 1.903000423259320062e-01 2.104871179087346167e-02 3.421113813407183102e+01 1.972553882845577006e-02
1.857000000000000000e+03 2.041555537828860106e+05 1.899025014222515684e-01 2.065649707033950788e-02 3.420545022832135373e+01 1.973236946335352876e-02
1.858000000000000000e+03 2.044106981717083254e+05 1.895049605185711583e-01 1.967184465218969544e-02 3.419975121125929718e+01 1.973921344188177274e-02
1.859000000000000000e+03 2.046790235694636067e+05 1.891074196148907482e-01 1.972923405528465360e-02 3.419404103938884276e+01 1.974607081627606509e-02
1.860000000000000000e+03 2.049471350115672103e+05 1.887099906549400408e-01 1.976716352033746835e-02 3.418831966895724150e+01 1.975294163907930292e-02
1.861000000000000000e+03 2.052153131123846979e+05 1.883126764057098668e-01 1.992585780259782322e-02 3.418264513527783066e+01 1.975692751506357217e-02
1.862000000000000000e+03 2.054819075609279680e+05 1.879153649234706069e-01 1.982215744709809810e-02 3.417696088410974653e+01 1.976084951282309349e-02
1.863000000000000000e+03 2.057505307737093826e+05 1.875180534412313194e-01 2.070407643404649500e-02 3.417126543756769763e+01 1.976477923512369103e-02
1.864000000000000000e+03 2.060082167894213635e+05 1.871207419589920318e-01 2.109143992430860537e-02 3.416555875146511312e+01 1.976871671245303969e-02
1.865000000000000000e+03 2.062617304777650570e+05 1.867234304767527719e-01 2.136082762509637634e-02 3.415984078135330293e+01 1.977266197547967314e-02
1.866000000000000000e+03 2.065125932843388291e+05 1.863261189945134566e-01 2.213194812979556170e-02 3.415411148251939011e+01 1.977661505505441328e-02
1.867000000000000000e+03 2.067550685651062522e+05 1.859288075122741968e-01 2.258619403723897273e-02 3.414837080998421470e+01 1.978057598221181004e-02
1.868000000000000000e+03 2.069932141680423520e+05 1.855314960300348814e-01 2.255807542131397017e-02 3.414261871850019503e+01 1.978454478817160897e-02
1.869000000000000000e+03 2.072321891746289039e+05 1.851341845477956216e-01 2.245831646738321447e-02 3.413685516254921737e+01 1.978852150434023266e-02
1.870000000000000000e+03 2.074727433558052580e+05 1.847387725561372429e-01 2.254178448404219395e-02 3.413108009634044038e+01 1.979250616231226570e-02
1.871000000000000000e+03 2.077129248223300674e+05 1.843455361937379466e-01 2.374746653213963277e-02 3.412533781028201929e+01 1.979505943593493772e-02
1.872000000000000000e+03 2.079414412208656722e+05 1.839525759700167962e-01 2.334077151458681387e-02 3.411959048067910061e+01 1.979740836484420591e-02
1.873000000000000000e+03 2.081743955493936373e+05 1.835596157462957012e-01 2.278386189504168907e-02 3.411383162373638100e+01 1.979976200496782329e-02
1.874000000000000000e+03 2.084135290026350413e+05 1.831666555225746063e-01 2.338724019452833106e-02 3.410806119312046292e+01 1.980212037524221522e-02
1.875000000000000000e+03 2.086469542366992100e+05 1.827736952988534558e-01 2.318168314930655477e-02 3.410227914221803758e+01 1.980448349471819816e-02
1.876000000000000000e+03 2.088829617656260671e+05 1.823807350751323608e-01 2.437203200544832415e-02 3.409648542413361128e+01 1.980685138256192690e-02
1.877000000000000000e+03 2.091080740123938594e+05 1.819877748514112659e-01 2.478360213820243393e-02 3.409067999168726004e+01 1.980922405805579656e-02
1.878000000000000000e+03 2.093298411672967777e+05 1.815948146276901431e-01 2.455543182339299524e-02 3.408486279741225644e+01 1.981160154059941753e-02
1.879000000000000000e+03 2.095541362838192144e+05 1.812018544039690204e-01 2.465247596474153327e-02 3.407903379355283136e+01 1.981398384971053486e-02
1.880000000000000000e+03 2.097780382261074556e+05 1.808078074720483874e-01 2.486648149276647971e-02 3.407319293206174393e+01 1.981637100502601709e-02
1.881000000000000000e+03 2.100006137843045290e+05 1.804126208180646951e-01 2.568691276592382361e-02 3.406738853196711858e+01 1.981869743484531918e-02
1.882000000000000000e+03 2.102164567497681128e+05 1.800173811502174814e-01 2.604561402403755832e-02 3.406157465853664945e+01 1.982102540523566700e-02
1.883000000000000000e+03 2.104297844132647442e+05 1.796221414823702678e-01 2.564365900334757489e-02 3.405574890677090849e+01 1.982335813190650928e-02
1.884000000000000000e+03 2.106468922354883689e+05 1.792269018145230541e-01 2.570254468919308533e-02 3.404991122803321701e+01 1.982569563433277463e-02
1.885000000000000000e+03 2.108640359625398414e+05 1.788316621466758682e-01 2.608495765347996695e-02 3.404406157338755179e+01 1.982803793210924717e-02
1.886000000000000000e+03 2.110784049383958045e+05 1.784364224788286546e-01 2.656166518382729533e-02 3.403819989359610076e+01 1.983038504495155188e-02
1.887000000000000000e+03 2.112894058332231652e+05 1.780411828109814687e-01 2.791329840137813170e-02 3.403232613911679039e+01 1.983273699269715723e-02
1.888000000000000000e+03 2.114908154513785557e+05 1.776459431431342550e-01 2.781704117276253760e-02 3.402644026010072054e+01 1.983509379530637093e-02
1.889000000000000000e+03 2.116933169219378615e+05 1.772513261761750614e-01 2.720646778118939943e-02 3.402054220638969184e+01 1.983745547286337035e-02
1.890000000000000000e+03 2.119006897377202404e+05 1.768596313175888612e-01 2.582080952277472988e-02 3.401464298311410772e+01 1.983981761873322008e-02
1.891000000000000000e+03 2.121197655814396858e+05 1.764702358664876625e-01 2.677636291471899646e-02 3.400877238719556317e+01 1.984216830173922419e-02
1.892000000000000000e+03 2.123316515337582387e+05 1.760808404153864637e-01 2.652649950020111169e-02 3.400288959494334051e+01 1.984452386835751023e-02
1.893000000000000000e+03 2.125458555648742476e+05 1.756914449642852372e-01 2.687583098833465703e-02 3.399699455557543359e+01 1.984688433892202453e-02
1.894000000000000000e+03 2.127576977957471972e+05 1.753020495131840661e-01 2.630131705769921113e-02 3.399108721799203181e+01 1.984924973389396927e-02
1.895000000000000000e+03 2.129746553946029453e+05 1.749126540620828396e-01 2.614089264114834860e-02 3.398516753077282715e+01 1.985162007386287800e-02
1.896000000000000000e+03 2.131934914982539776e+05 1.745232586109816408e-01 2.610611351490373794e-02 3.397923544217435676e+01 1.985399537954768770e-02
1.897000000000000000e+03 2.134129914917536662e+05 1.741338631598804421e-01 2.559147606351095880e-02 3.397329090012727448e+01 1.985637567179782126e-02
1.898000000000000000e+03 2.136375171063084272e+05 1.737444677087792155e-01 2.486176612239299547e-02 3.396733385223360102e+01 1.985876097159428380e-02
1.899000000000000000e+03 2.138690459815198847e+05 1.733547309953867299e-01 2.596993340568657868e-02 3.396136424576396706e+01 1.986115130005077986e-02
1.900000000000000000e+03 2.140912290670902585e+05 1.729644676265734704e-01 2.587912220257860066e-02 3.395541634000115039e+01 1.986353293918792853e-02
1.901000000000000000e+03 2.143146441908840789e+05 1.725740188646307516e-01 2.620988370902672948e-02 3.394947452205890670e+01 1.986591214066174907e-02
1.902000000000000000e+03 2.145357468527258607e+05 1.721835701026880883e-01 2.594363781606118247e-02 3.394352012239416894e+01 1.986829638006385942e-02
1.903000000000000000e+03 2.147595998836256913e+05 1.717931213407453972e-01 2.500490335128875696e-02 3.393755308761060263e+01 1.987068567877502828e-02
1.904000000000000000e+03 2.149924906410737894e+05 1.714026725788027061e-01 2.563605562818778438e-02 3.393157336397119650e+01 1.987308005831243604e-02
1.905000000000000000e+03 2.152203740877058881e+05 1.710122238168600428e-01 2.646668977632620282e-02 3.392558089739542027e+01 1.987547954033081973e-02
1.906000000000000000e+03 2.154414281760641315e+05 1.706217750549173240e-01 2.563657228964049545e-02 3.391957563345624038e+01 1.987788414662364916e-02
1.907000000000000000e+03 2.156700665176405164e+05 1.702313262929746607e-01 2.591370501822775479e-02 3.391355751737720681e+01 1.988029389912432388e-02
1.908000000000000000e+03 2.158968373968304950e+05 1.698396987047130768e-01 2.660173002535935402e-02 3.390752649402940477e+01 1.988270881990735969e-02
1.909000000000000000e+03 2.161182284250746889e+05 1.694434320267581562e-01 2.768736939045742668e-02 3.390149552894364859e+01 1.988466532200271197e-02
1.910000000000000000e+03 2.163314621475041495e+05 1.690437050854288192e-01 2.818411383164274100e-02 3.389548985175721896e+01 1.988526371699924841e-02
1.911000000000000000e+03 2.165414092577129195e+05 1.686439781440994268e-01 2.812006918390203003e-02 3.388947123634002878e+01 1.988586340113809511e-02
1.912000000000000000e+03 2.167523129856361193e+05 1.682442512027700898e-01 2.741521691623816440e-02 3.388343962682517940e+01 1.988646437998572991e-02
1.913000000000000000e+03 2.169691052832896821e+05 1.678445242614406974e-01 2.672019157130945885e-02 3.387739496698314667e+01 1.988706665914476146e-02
1.914000000000000000e+03 2.171920789811490977e+05 1.674447973201113604e-01 2.595450383751681314e-02 3.387133720021861194e+01 1.988767024425424496e-02
1.915000000000000000e+03 2.174221706431034545e+05 1.670450703787819680e-01 2.487596112639837986e-02 3.386526626956730723e+01 1.988827514099000132e-02
1.916000000000000000e+03 2.176629183886347164e+05 1.666453434374526310e-01 2.443096894722864357e-02 3.385918211769281783e+01 1.988888135506492599e-02
1.917000000000000000e+03 2.179085520199191815e+05 1.662456454882006995e-01 2.434780433877218112e-02 3.385308468688327821e+01 1.988948889222933239e-02
1.918000000000000000e+03 2.181556838576876908e+05 1.658469839867752760e-01 2.301778672644997845e-02 3.384697529358204093e+01 1.989008750038436663e-02
1.919000000000000000e+03 2.184177204488998395e+05 1.654493299410990104e-01 2.199176541359341985e-02 3.384090033831741096e+01 1.989033057448791331e-02
1.920000000000000000e+03 2.186925691238670843e+05 1.650516758954226892e-01 2.218300249074702662e-02 3.383481206416198717e+01 1.989057418151348594e-02
1.921000000000000000e+03 2.189657724379437277e+05 1.646540218497463681e-01 2.119051483673244085e-02 3.382871041258604095e+01 1.989081832380299592e-02
1.922000000000000000e+03 2.192525439302827290e+05 1.642563678040701025e-01 2.098745068572375333e-02 3.382259532467320184e+01 1.989106300371384223e-02
1.923000000000000000e+03 2.195426853387637530e+05 1.638587137583937814e-01 1.947654204889196286e-02 3.381646674111701145e+01 1.989130822361901904e-02
1.924000000000000000e+03 2.198561173348468437e+05 1.634610597127174603e-01 1.971220991304983156e-02 3.381032460221750569e+01 1.989155398590727181e-02
1.925000000000000000e+03 2.201665006865853502e+05 1.630634056670411947e-01 2.016630309701687371e-02 3.380416884787766918e+01 1.989180029298323257e-02
1.926000000000000000e+03 2.204706717538267258e+05 1.626657516213648735e-01 1.995201162391333286e-02 3.379799941759998205e+01 1.989204714726755877e-02
1.927000000000000000e+03 2.207790216254261322e+05 1.622691078932767539e-01 1.995317469571306762e-02 3.379181625048278903e+01 1.989229455119707543e-02
1.928000000000000000e+03 2.210879622072306229e+05 1.618735100281563644e-01 1.866748475860902437e-02 3.378566690106354287e+01 1.989253129634805869e-02
1.929000000000000000e+03 2.214190188771741814e+05 1.614779477084154480e-01 1.848932021146730206e-02 3.377950550490196946e+01 1.989276817499161312e-02
1.930000000000000000e+03 2.217539790007788106e+05 1.610823853886745871e-01 1.763664453503060309e-02 3.377333032776190436e+01 1.989300558345331177e-02
1.931000000000000000e+03 2.221060327450204350e+05 1.606868230689336707e-01 1.728957997823913489e-02 3.376714130785826740e+01 1.989324352410852537e-02
1.932000000000000000e+03 2.224659598249250848e+05 1.602912607491928099e-01 1.670849323533712613e-02 3.376093838298952932e+01 1.989348199934862227e-02
1.933000000000000000e+03 2.228394387747912260e+05 1.598956984294519212e-01 1.534472173742820050e-02 3.375472149053398141e+01 1.989372101158113845e-02
1.934000000000000000e+03 2.232476073896325834e+05 1.595001361097110326e-01 1.608875361759327938e-02 3.374849056744592701e+01 1.989396056322990242e-02
1.935000000000000000e+03 2.236375893967316661e+05 1.591045502875712003e-01 1.528761724659508277e-02 3.374224555025184458e+01 1.989420065673518784e-02
1.936000000000000000e+03 2.240488910824515333e+05 1.587085979074280007e-01 1.496107515408307519e-02 3.373598963678973917e+01 1.989444116915416519e-02
1.937000000000000000e+03 2.244701139827292645e+05 1.583123024716804050e-01 1.490684698699666806e-02 3.372976718930633666e+01 1.989468039495312368e-02
1.938000000000000000e+03 2.248939068871022610e+05 1.579160070359328094e-01 1.475575784815844928e-02 3.372353060166225447e+01 1.989492016437920813e-02
1.939000000000000000e+03 2.253231617319932848e+05 1.575197116001852138e-01 1.459919578562319728e-02 3.371727980944564962e+01 1.989516047990877098e-02
1.940000000000000000e+03 2.257580500140333897e+05 1.571234161644376182e-01 1.486104448157686900e-02 3.371101474780357421e+01 1.989540134403512336e-02
1.941000000000000000e+03 2.261864083075588278e+05 1.567271207286900225e-01 1.549319541292457601e-02 3.370473535143790400e+01 1.989564275926868769e-02
1.942000000000000000e+03 2.265982987301912217e+05 1.563308252929424269e-01 1.584672789408270513e-02 3.369844155460128832e+01 1.989588472813716771e-02
1.943000000000000000e+03 2.270021897454567079e+05 1.559345298571948313e-01 1.760958144427640995e-02 3.369213329109299337e+01 1.989612725318568379e-02
1.944000000000000000e+03 2.273664604150385130e+05 1.555391590190846329e-01 1.947078949621826316e-02 3.368581049425473140e+01 1.989637033697696372e-02
1.945000000000000000e+03 2.276971218030653836e+05 1.551466823795457362e-01 1.870020977442244173e-02 3.367948947390421210e+01 1.989661335247008139e-02
1.946000000000000000e+03 2.280418334049081313e+05 1.547561753409407437e-01 1.829631814747829238e-02 3.367318877279130618e+01 1.989685558677768348e-02
1.947000000000000000e+03 2.283948938773307891e+05 1.543656683023357512e-01 1.739309276225565332e-02 3.366687348891211684e+01 1.989709838172865411e-02
1.948000000000000000e+03 2.287674425126173883e+05 1.539751612637307310e-01 1.594029803682117316e-02 3.366054355460735792e+01 1.989734173992419378e-02
1.949000000000000000e+03 2.291747201763045450e+05 1.535846542251257385e-01 1.544348914428701064e-02 3.365419890174575812e+01 1.989758566398365514e-02
1.950000000000000000e+03 2.295964615902572114e+05 1.531941471865207460e-01 1.471771887826646419e-02 3.364783946171969120e+01 1.989783015654469564e-02
1.951000000000000000e+03 2.300400509839883016e+05 1.528036401479157536e-01 1.517961433887509391e-02 3.364146516544068533e+01 1.989807522026346490e-02
1.952000000000000000e+03 2.304717368395451340e+05 1.524131331093107611e-01 1.722624573184119295e-02 3.363507594333496797e+01 1.989832085781477466e-02
1.953000000000000000e+03 2.308538897615997994e+05 1.520283592628611236e-01 1.815222312229771567e-02 3.362867172533886162e+01 1.989856707189225846e-02
1.954000000000000000e+03 2.312172167030941637e+05 1.516514609765883259e-01 1.658282730072885985e-02 3.362227200555389572e+01 1.988360662468137766e-02
1.955000000000000000e+03 2.316157549511901743e+05 1.512767050583370132e-01 1.536774640898423347e-02 3.361586454443420990e+01 1.986292168075850031e-02
1.956000000000000000e+03 2.320460569076042739e+05 1.509019491400857560e-01 1.578986483205828059e-02 3.360944197353755669e+01 1.984218795856240378e-02
1.957000000000000000e+03 2.324658033665714611e+05 1.505271932218344433e-01 1.667109896040053912e-02 3.360300422143311039e+01 1.982140522749587658e-02
1.958000000000000000e+03 2.328641710154903703e+05 1.501524373035831306e-01 1.757519463487765624e-02 3.359655121618232698e+01 1.980057325532263643e-02
1.959000000000000000e+03 2.332429753237648983e+05 1.497776813853318734e-01 1.762734333933361000e-02 3.359008288533409115e+01 1.977969180815173852e-02
1.960000000000000000e+03 2.336216536791418330e+05 1.494029254670805607e-01 1.745203812610789454e-02 3.358359915591986322e+01 1.975876065042184160e-02
1.961000000000000000e+03 2.340051132683892502e+05 1.490297917289008511e-01 1.773267491784902283e-02 3.357709995444872675e+01 1.973777954488523112e-02
1.962000000000000000e+03 2.343835335044174863e+05 1.486623124418365860e-01 1.890072676806748078e-02 3.357058144983556502e+01 1.971588772749665805e-02
1.963000000000000000e+03 2.347395039532186638e+05 1.482988654258161898e-01 1.931447984185521646e-02 3.356403799015939882e+01 1.969180192798635973e-02
1.964000000000000000e+03 2.350886344357304042e+05 1.479354184097957936e-01 1.916109930179189097e-02 3.355747884200062003e+01 1.966765838079124681e-02
1.965000000000000000e+03 2.354414099164135696e+05 1.475719713937753697e-01 1.985440025040491677e-02 3.355090392994952708e+01 1.964345680833603711e-02
1.966000000000000000e+03 2.357829698286804778e+05 1.472085243777549457e-01 2.138840461145320379e-02 3.354431317805141788e+01 1.961919693103929274e-02
1.967000000000000000e+03 2.361006125005809008e+05 1.468450773617345495e-01 2.169549235245919402e-02 3.353770650980130341e+01 1.959487846729403987e-02
1.968000000000000000e+03 2.364145313651068136e+05 1.464816303457141533e-01 2.131841057011685248e-02 3.353108384813858578e+01 1.957050113344816974e-02
1.969000000000000000e+03 2.367348586309799866e+05 1.461181833296937294e-01 2.292681512499446239e-02 3.352444511544165806e+01 1.954606464378457961e-02
1.970000000000000000e+03 2.370335504330013064e+05 1.457528754963385853e-01 2.298206791582213179e-02 3.351779023352245446e+01 1.952156871050106726e-02
1.971000000000000000e+03 2.373321772224812303e+05 1.453856930146336102e-01 2.348912944498944208e-02 3.351110390836946351e+01 1.949688511270138841e-02
1.972000000000000000e+03 2.376250650953450240e+05 1.450184967019134685e-01 2.285725598408012288e-02 3.350440116690826642e+01 1.947214037753906835e-02
1.973000000000000000e+03 2.379268145378446789e+05 1.446513003891932991e-01 2.349022994197809758e-02 3.349768204254799997e+01 1.944733516107947230e-02
1.974000000000000000e+03 2.382211795792910852e+05 1.442841040764731575e-01 2.303591649267378721e-02 3.349094645500593259e+01 1.942246916694019901e-02
1.975000000000000000e+03 2.385220831689226616e+05 1.439169077637530159e-01 2.413697508285675419e-02 3.348419432340777746e+01 1.939754209655491363e-02
1.976000000000000000e+03 2.388099815410901210e+05 1.435497114510328465e-01 2.345007816032001688e-02 3.347742556628183763e+01 1.937255364915183367e-02
1.977000000000000000e+03 2.391070925163580105e+05 1.431825151383127048e-01 2.429225441316906070e-02 3.347064010155312275e+01 1.934750352173195131e-02
1.978000000000000000e+03 2.393946792256713379e+05 1.428181038656068935e-01 2.502659075144725645e-02 3.346383784653735916e+01 1.932239140904698504e-02
1.979000000000000000e+03 2.396744355272472312e+05 1.424570005053805155e-01 2.427066321787953521e-02 3.345700265331169021e+01 1.929715769726924809e-02
1.980000000000000000e+03 2.399637163788480975e+05 1.420964200176192682e-01 2.388752368858238287e-02 3.345014748346360989e+01 1.927185023712540968e-02
1.981000000000000000e+03 2.402583664632606960e+05 1.417358395298580209e-01 2.618456734798227381e-02 3.344327526839626330e+01 1.924647985057468397e-02
1.982000000000000000e+03 2.405282623229857418e+05 1.413752590420968014e-01 2.658200182259254710e-02 3.343638592313323699e+01 1.922104622390680487e-02
1.983000000000000000e+03 2.407943759026571643e+05 1.410146785543355819e-01 2.685458425927472054e-02 3.342947936206108039e+01 1.919554904105970003e-02
1.984000000000000000e+03 2.410585033899062837e+05 1.406540980665743346e-01 2.679599603140003089e-02 3.342255549892291100e+01 1.916998798359594372e-02
1.985000000000000000e+03 2.413239708041241975e+05 1.402935175788130873e-01 2.810527348335679909e-02 3.341561424681194126e+01 1.914436273067887662e-02
1.986000000000000000e+03 2.415777904228464758e+05 1.399314331642834697e-01 2.939875248865236532e-02 3.340865551816497003e+01 1.911867295904845152e-02
1.987000000000000000e+03 2.418212895048285136e+05 1.395675410204274547e-01 3.090730517508364847e-02 3.340166274514488265e+01 1.909285750466547735e-02
1.988000000000000000e+03 2.420534514437080652e+05 1.392033450740134681e-01 3.162876440871815326e-02 3.339464898698108897e+01 1.906696457872456354e-02
1.989000000000000000e+03 2.422809629559479363e+05 1.388391491275994816e-01 3.518620428320846233e-02 3.338761748306922783e+01 1.904100614021112664e-02
1.990000000000000000e+03 2.424865625379862904e+05 1.384749531811854673e-01 3.689869408109622967e-02 3.338056814338323619e+01 1.901498185677291675e-02
1.991000000000000000e+03 2.426825196381788119e+05 1.381107572347714529e-01 3.682703852866915650e-02 3.337350087721024039e+01 1.898889139352216357e-02
1.992000000000000000e+03 2.428790717392704100e+05 1.377465612883574941e-01 3.753309244373516373e-02 3.336641559314353600e+01 1.896273441300972556e-02
1.993000000000000000e+03 2.430721149419214926e+05 1.373823653419434798e-01 3.620914100631855703e-02 3.335931219907553924e+01 1.893651057519888867e-02
1.994000000000000000e+03 2.432724470091488038e+05 1.370098585322739315e-01 3.532909572508299151e-02 3.335219060219054654e+01 1.891021953743884931e-02
1.995000000000000000e+03 2.434783263741518022e+05 1.366286906195481876e-01 3.545576421087128643e-02 3.334511524181831277e+01 1.894656495175928504e-02
1.996000000000000000e+03 2.436844007560333412e+05 1.362471724670217266e-01 3.308637244258686577e-02 3.333802442940606170e+01 1.898564961492410150e-02
1.997000000000000000e+03 2.439062613597770978e+05 1.358656543144952378e-01 3.301822752245645726e-02 3.333091535631371727e+01 1.902483493122833491e-02
1.998000000000000000e+03 2.441295047518487263e+05 1.354841361619687767e-01 3.294216004207899812e-02 3.332378792824643199e+01 1.906412142042662045e-02
1.999000000000000000e+03 2.443541002942968043e+05 1.351026180094422879e-01 3.043356945346765291e-02 3.331664205017708014e+01 1.910350960630991662e-02
2.000000000000000000e+03 2.445977221180288470e+05 1.347210998569158269e-01 2.763842463748665546e-02 3.330947762633865494e+01 1.914300001674736074e-02
2.001000000000000000e+03 2.448672566499430104e+05 1.343385228279959931e-01 2.535901311322604629e-02 3.330229456021656631e+01 1.918259318372875916e-02
2.002000000000000000e+03 2.451610219013265742e+05 1.339511715507736289e-01 2.462459363282048369e-02 3.329513307102197928e+01 1.922350492753216109e-02
2.003000000000000000e+03 2.454644724741569080e+05 1.335601049016421071e-01 2.326714403207902002e-02 3.328809452862777363e+01 1.926879323126522159e-02
2.004000000000000000e+03 2.457864113837144687e+05 1.331690382525105854e-01 2.190631322671649645e-02 3.328103757990396616e+01 1.931419996739509176e-02
2.005000000000000000e+03 2.461294421339109540e+05 1.327779716033790358e-01 2.082958854215586145e-02 3.327396212833015454e+01 1.935972575696584888e-02
2.006000000000000000e+03 2.464912170092715824e+05 1.323869049542475140e-01 1.955441549478969393e-02 3.326686807662473200e+01 1.940537122591944053e-02
2.007000000000000000e+03 2.468778322644479631e+05 1.319958383051159923e-01 1.759315021155661782e-02 3.325975532673686530e+01 1.945113700514729260e-02
2.008000000000000000e+03 2.473090083250792522e+05 1.316047716559844705e-01 1.655240277093132650e-02 3.325262377983835194e+01 1.949702373054265289e-02
2.009000000000000000e+03 2.477681304070405604e+05 1.312156425390613168e-01 1.778620174010423285e-02 3.324547333631539203e+01 1.954303204305360420e-02
2.010000000000000000e+03 2.481969340803616215e+05 1.308296602971166234e-01 1.833752005889320927e-02 3.323841642406573271e+01 1.958852525319848201e-02
2.011000000000000000e+03 2.486137822605104302e+05 1.304448873979420220e-01 1.894373103433127578e-02 3.323141108728516713e+01 1.963374103265994736e-02
2.012000000000000000e+03 2.490185194502384693e+05 1.300601144987673652e-01 1.838884128089466816e-02 3.322438709433971127e+01 1.967907722789351971e-02
2.013000000000000000e+03 2.494367051374932344e+05 1.296753415995927639e-01 1.784433545276813485e-02 3.321734434559616034e+01 1.972453448197935763e-02
2.014000000000000000e+03 2.498689127783238364e+05 1.292905687004181070e-01 1.691497410456484218e-02 3.321028274062103236e+01 1.977011344316296354e-02
2.015000000000000000e+03 2.503264122213107476e+05 1.289057958012435057e-01 1.604158444368571426e-02 3.320320217817197772e+01 1.981581476491066363e-02
2.016000000000000000e+03 2.508101337787644588e+05 1.285211967642101716e-01 1.602598595593168057e-02 3.319610255618907502e+01 1.986163910596579901e-02
2.017000000000000000e+03 2.512957791829972412e+05 1.281378534467927377e-01 1.630479675593694139e-02 3.318900855941055283e+01 1.990742713927315388e-02
2.018000000000000000e+03 2.517745851566022029e+05 1.277555919868498258e-01 1.607240478404242667e-02 3.318204984550347802e+01 1.995234199250770987e-02
2.019000000000000000e+03 2.522622132955292764e+05 1.273733305269069138e-01 1.496162608298258652e-02 3.317507230424251929e+01 1.999737836644963421e-02
2.020000000000000000e+03 2.527871155905218620e+05 1.269910690669640296e-01 1.542671393654559964e-02 3.316807583347343069e+01 2.004253692045112820e-02
2.021000000000000000e+03 2.532977229668557993e+05 1.266088076070211454e-01 1.542294457630298196e-02 3.316106033020827226e+01 2.008781831924532149e-02
2.022000000000000000e+03 2.538099033213136718e+05 1.262265461470782335e-01 1.546285523674833205e-02 3.315402569061635774e+01 2.013322323300495431e-02
2.023000000000000000e+03 2.543225100089836051e+05 1.258442846871353216e-01 1.642358322009815005e-02 3.314697181001501036e+01 2.017875233740191315e-02
2.024000000000000000e+03 2.548062672256032529e+05 1.254622595415709196e-01 1.583108284182756578e-02 3.313989858286019796e+01 2.022440631366754712e-02
2.025000000000000000e+03 2.553097053390732035e+05 1.250805345528483159e-01 1.615651711718094075e-02 3.313294409478832137e+01 2.026929389134943596e-02
2.026000000000000000e+03 2.558042559949023998e+05 1.246988734065890836e-01 1.588050302089222265e-02 3.312600786533815267e+01 2.031406361919218043e-02
2.027000000000000000e+03 2.563087880073334964e+05 1.243172122603298235e-01 1.592692677545092320e-02 3.311905251330811950e+01 2.035895677327142356e-02
2.028000000000000000e+03 2.568134462950488087e+05 1.239355511140705635e-01 1.695423317179287070e-02 3.311207793296808433e+01 2.040397403601974802e-02
2.029000000000000000e+03 2.572892752951370203e+05 1.235538899678113173e-01 1.691071292783964675e-02 3.310508401770861298e+01 2.044911609554526943e-02
2.030000000000000000e+03 2.577683037389693491e+05 1.231722288215520711e-01 1.664236911632382618e-02 3.309807066003116205e+01 2.049438364569471788e-02
2.031000000000000000e+03 2.582572941811664787e+05 1.227951973720749212e-01 1.720859300265245584e-02 3.309103775153818816e+01 2.053977738611746998e-02
2.032000000000000000e+03 2.587316802504338557e+05 1.224264395221776047e-01 1.783816479470686639e-02 3.308405386646379753e+01 2.055417062077138923e-02
2.033000000000000000e+03 2.591905207973490178e+05 1.220613255750780390e-01 1.733882397975001696e-02 3.307710458593421521e+01 2.054407041516571886e-02
2.034000000000000000e+03 2.596637760252538428e+05 1.216962116279784456e-01 1.615716559769297608e-02 3.307013583141490898e+01 2.053394190572350661e-02
2.035000000000000000e+03 2.601720456964688783e+05 1.213310976808788522e-01 1.625723977982107896e-02 3.306314749345504822e+01 2.052378493336701193e-02
2.036000000000000000e+03 2.606785259024874831e+05 1.209659837337792865e-01 1.590171650116228158e-02 3.305613946167847672e+01 2.051359933767360130e-02
2.037000000000000000e+03 2.611984132648979139e+05 1.206008697866796930e-01 1.566048014693006626e-02 3.304911162477326059e+01 2.050338495686055557e-02
2.038000000000000000e+03 2.617282628060288844e+05 1.202368268414666375e-01 1.701126289184598170e-02 3.304206387048103721e+01 2.049314162776962392e-02
2.039000000000000000e+03 2.622175507322578924e+05 1.198751497441905567e-01 1.661115065128741103e-02 3.303499462599665293e+01 2.047301643125227014e-02
2.040000000000000000e+03 2.627203311332640587e+05 1.195147674929649129e-01 1.583335622247753621e-02 3.302790351247154632e+01 2.044090507467271126e-02
2.041000000000000000e+03 2.632490830128691741e+05 1.191543852417392413e-01 1.646768666882942114e-02 3.302079219517540309e+01 2.040870222745576334e-02
2.042000000000000000e+03 2.637586547806742019e+05 1.187940029905135975e-01 1.668527966558359596e-02 3.301366055865130988e+01 2.037640736676709155e-02
2.043000000000000000e+03 2.642630051060584956e+05 1.184336207392879536e-01 1.786255422633791293e-02 3.300650848644986013e+01 2.034401996527784168e-02
2.044000000000000000e+03 2.647364759060805663e+05 1.180732384880622821e-01 1.836059994856390626e-02 3.299933586111770012e+01 2.031153949111293155e-02
2.045000000000000000e+03 2.651978583017647616e+05 1.177145631828323546e-01 1.767032487256370299e-02 3.299214256418596136e+01 2.027896540779866585e-02
2.046000000000000000e+03 2.656787064564156462e+05 1.173595654231850832e-01 1.732759166326353073e-02 3.298492039460238345e+01 2.024596749537357215e-02
2.047000000000000000e+03 2.661705273316089879e+05 1.170065382631247514e-01 1.682232917325625701e-02 3.297766799689675565e+01 2.021249301053766254e-02
2.048000000000000000e+03 2.666787197509850957e+05 1.166535111030644195e-01 1.666418152483769427e-02 3.297039458460549355e+01 2.017892152985891266e-02
2.049000000000000000e+03 2.671931892402518424e+05 1.163004839430040877e-01 1.556289000187510013e-02 3.296310003559066359e+01 2.014525248959208453e-02
2.050000000000000000e+03 2.677461256544456701e+05 1.159474567829437558e-01 1.490906063233556934e-02 3.295578422664640783e+01 2.011148532106284137e-02
2.051000000000000000e+03 2.683250271744284546e+05 1.155944296228834239e-01 1.548467600423551402e-02 3.294844703348647386e+01 2.007761945061011313e-02
2.052000000000000000e+03 2.688840499292798340e+05 1.152418449423463498e-01 1.463020559239524600e-02 3.294108833073153875e+01 2.004365429952760166e-02
2.053000000000000000e+03 2.694772951269391924e+05 1.148900082438032710e-01 1.500229093977386956e-02 3.293369628659645798e+01 2.000953525650903814e-02
2.054000000000000000e+03 2.700575485915296013e+05 1.145384770477309855e-01 1.478991199352154215e-02 3.292627441091028118e+01 1.997527852167522294e-02
2.055000000000000000e+03 2.706479023116944009e+05 1.141869458516586860e-01 1.442483396728175792e-02 3.291883066069459574e+01 1.994092082180390704e-02
2.056000000000000000e+03 2.712549669323851122e+05 1.138354146555863866e-01 1.417299242428688225e-02 3.291136490662634628e+01 1.990646155998591904e-02
2.057000000000000000e+03 2.718747900206829654e+05 1.134838834595141011e-01 1.442465265862220153e-02 3.290387701823222244e+01 1.987190013400295593e-02
2.058000000000000000e+03 2.724859091585786664e+05 1.131323522634417877e-01 1.378518225297002860e-02 3.289636686387500220e+01 1.983723593626445653e-02
2.059000000000000000e+03 2.731276274240141502e+05 1.127799365990602154e-01 1.364229284603698036e-02 3.288883431073964658e+01 1.980246835374347564e-02
2.060000000000000000e+03 2.737778021689333254e+05 1.124264574711524717e-01 1.350518336818237915e-02 3.288125968827050372e+01 1.976750659416094333e-02
2.061000000000000000e+03 2.744365956995461020e+05 1.120727993480278573e-01 1.352040333512250815e-02 3.287365845074602078e+01 1.973242198896203031e-02
2.062000000000000000e+03 2.750967102820161963e+05 1.117191412249032290e-01 1.365723168319461951e-02 3.286603441655837088e+01 1.969723216248503786e-02
2.063000000000000000e+03 2.757522077920231386e+05 1.113654831017786284e-01 1.370025767668017584e-02 3.285838744855842464e+01 1.966193648169849151e-02
2.064000000000000000e+03 2.764076909276438528e+05 1.110118249786540001e-01 1.401161661489798427e-02 3.285071740835566345e+01 1.962653430784100719e-02
2.065000000000000000e+03 2.770504636855699355e+05 1.106583251332000639e-01 1.398812926908521784e-02 3.284302415630312311e+01 1.959102499635192313e-02
2.066000000000000000e+03 2.776964272462308290e+05 1.103056900848532196e-01 1.483703155002687180e-02 3.283530399028337143e+01 1.955847981071660510e-02
2.067000000000000000e+03 2.783074911222709343e+05 1.099537615559427195e-01 1.410550690993228780e-02 3.282754444641472702e+01 1.953956894114124501e-02
2.068000000000000000e+03 2.789525986346236896e+05 1.096018330270322194e-01 1.404041331659350474e-02 3.281976128751371391e+01 1.952060051911116631e-02
2.069000000000000000e+03 2.796039310353979818e+05 1.092499044981217471e-01 1.503485971563804820e-02 3.281195436940366505e+01 1.950157419325184924e-02
2.070000000000000000e+03 2.802134666773360223e+05 1.088979759692112470e-01 1.421540460148080186e-02 3.280412354658353280e+01 1.948248960896105039e-02
2.071000000000000000e+03 2.808596891704061418e+05 1.085460474403007608e-01 1.460264680016319476e-02 3.279626867221156772e+01 1.946334640836915736e-02
2.072000000000000000e+03 2.814899433748351876e+05 1.081948287782901058e-01 1.560434863707727340e-02 3.278838959808882692e+01 1.944414423029890843e-02
2.073000000000000000e+03 2.820822806993987761e+05 1.078447136464390776e-01 1.762738428064868426e-02 3.278053911230544770e+01 1.944951381448101202e-02
2.074000000000000000e+03 2.826082589653000468e+05 1.074949921778478173e-01 1.666974296448996487e-02 3.277269376697672243e+01 1.946858046082710486e-02
2.075000000000000000e+03 2.831663462148624239e+05 1.071452707092565709e-01 1.599882304087748772e-02 3.276482411662588845e+01 1.948770617598934857e-02
2.076000000000000000e+03 2.837505231391895213e+05 1.067955492406653245e-01 1.694233269761750635e-02 3.275693001019003958e+01 1.950689132709794091e-02
2.077000000000000000e+03 2.843036306592467008e+05 1.064458277720740781e-01 1.746641593310803778e-02 3.274901129519351883e+01 1.952613628471648599e-02
2.078000000000000000e+03 2.848418863467948395e+05 1.060947931284967755e-01 1.810517273527617599e-02 3.274106781773024721e+01 1.954544142288494948e-02
2.079000000000000000e+03 2.853628068483286770e+05 1.057374816096590953e-01 1.810245464598225079e-02 3.273312435591088843e+01 1.956499295578290748e-02
2.080000000000000000e+03 2.858854940263036406e+05 1.053752063905471215e-01 1.849530344268401558e-02 3.272525034638715624e+01 1.958530942862541160e-02
2.081000000000000000e+03 2.863986880434377817e+05 1.050129311714351754e-01 1.829286413750655371e-02 3.271735157019234208e+01 1.960568980428629288e-02
2.082000000000000000e+03 2.869193623419702053e+05 1.046506559523232294e-01 1.888093465244354216e-02 3.270942787103404470e+01 1.962613448603026459e-02
2.083000000000000000e+03 2.874254047229935532e+05 1.042883807332112556e-01 1.962855717300094477e-02 3.270147909113573093e+01 1.964664388095142128e-02
2.084000000000000000e+03 2.879139542343160720e+05 1.039261055140992540e-01 1.966078138319741000e-02 3.269350507121788496e+01 1.966721840002181448e-02
2.085000000000000000e+03 2.884033184388844529e+05 1.035705952139058111e-01 1.973575251690332100e-02 3.268550565047887346e+01 1.968785845814089580e-02
2.086000000000000000e+03 2.888925627978827688e+05 1.032227726344804170e-01 2.090613167898092498e-02 3.267758913033638635e+01 1.970828461663069742e-02
2.087000000000000000e+03 2.893561880346085527e+05 1.028758728569045267e-01 2.062800926442450236e-02 3.266966214279275249e+01 1.972873778304707823e-02
2.088000000000000000e+03 2.898276458626370295e+05 1.025289730793286502e-01 2.062396758964919752e-02 3.266170976012497107e+01 1.974925647381273186e-02
2.089000000000000000e+03 2.903005804874149035e+05 1.021820733017527738e-01 2.122725408906580430e-02 3.265373181909684774e+01 1.976984111010869627e-02
2.090000000000000000e+03 2.907620648674986442e+05 1.018351735241768835e-01 2.241365513057149220e-02 3.264572815489324142e+01 1.979049211719003526e-02
2.091000000000000000e+03 2.912003573322192533e+05 1.014840405381385313e-01 2.145000408527563199e-02 3.263769860109961485e+01 1.981120992443855325e-02
2.092000000000000000e+03 2.916599024693488609e+05 1.011264141181252157e-01 2.013983142702253579e-02 3.262972225569658491e+01 1.983179044371208982e-02
2.093000000000000000e+03 2.921520860512513318e+05 1.007665274725994126e-01 1.890110605359225301e-02 3.262176241171503932e+01 1.985232838611541636e-02
2.094000000000000000e+03 2.926772963811671943e+05 1.004066408270736094e-01 1.772746713586115241e-02 3.261377666456477442e+01 1.987293316372159419e-02
2.095000000000000000e+03 2.932392795729525387e+05 1.000467541815478062e-01 1.746492388989029365e-02 3.260576484510544759e+01 1.989360521294554832e-02
2.096000000000000000e+03 2.938117658498142264e+05 9.968686753602200301e-02 1.617410386932907618e-02 3.259772678253462885e+01 1.991434497449069696e-02
2.097000000000000000e+03 2.944321019899646635e+05 9.933208461025200275e-02 1.648301537749884485e-02 3.258966230436595168e+01 1.993515289340534735e-02
2.098000000000000000e+03 2.950433748338700971e+05 9.898703223407231966e-02 1.601427810299985502e-02 3.258163666055510532e+01 1.995586061213940401e-02
2.099000000000000000e+03 2.956742438301300863e+05 9.864660668772715080e-02 1.737915696132434976e-02 3.257364395809360502e+01 1.997648333579852414e-02
2.100000000000000000e+03 2.962584401795918820e+05 9.830618114138195418e-02 1.882004504178053442e-02 3.256562483542337816e+01 1.999717422872409819e-02
2.101000000000000000e+03 2.967991565922346199e+05 9.796575559503678532e-02 1.696676215020842537e-02 3.255757911729877918e+01 2.001793374308385304e-02
2.102000000000000000e+03 2.974016156522886595e+05 9.762533004869158870e-02 1.667027883900255511e-02 3.254950662672478501e+01 2.003876233555935624e-02
2.103000000000000000e+03 2.980168871826256509e+05 9.728063301091666171e-02 1.604091955161727340e-02 3.254140718493356133e+01 2.005966046740627340e-02
2.104000000000000000e+03 2.986588182070217445e+05 9.692729033195873756e-02 1.712744595042918830e-02 3.253333170184524192e+01 2.007050049542611833e-02
2.105000000000000000e+03 2.992617638175533502e+05 9.656957350324757439e-02 1.754323562422824279e-02 3.252528156171803886e+01 2.007098798696568820e-02
2.106000000000000000e+03 2.998521279008626589e+05 9.621185667453643897e-02 1.880904758403110708e-02 3.251720437981420986e+01 2.007147711607145529e-02
2.107000000000000000e+03 3.004048872821921832e+05 9.585413984582528968e-02 1.896399535264444575e-02 3.250909997384547978e+01 2.007196789378222490e-02
2.108000000000000000e+03 3.009554789977744222e+05 9.549642301711414039e-02 1.726295378132831210e-02 3.250096815967413022e+01 2.007246033124880993e-02
2.109000000000000000e+03 3.015620925314199994e+05 9.514533008350323229e-02 1.697469385809392481e-02 3.249280875128791735e+01 2.007295443973553667e-02
2.110000000000000000e+03 3.021812998582724831e+05 9.480606857695586531e-02 1.805812344140754477e-02 3.248465854958565302e+01 2.007038554371696343e-02
2.111000000000000000e+03 3.027654760723545915e+05 9.447201460237183990e-02 1.875900654790728719e-02 3.247650971913279960e+01 2.006539442882107269e-02
2.112000000000000000e+03 3.033301898646582267e+05 9.413796062778778673e-02 1.955036540933960398e-02 3.246833306551805265e+01 2.006038627238793115e-02
2.113000000000000000e+03 3.038736018048259430e+05 9.380390665320376131e-02 2.024373076245135003e-02 3.246012839809289119e+01 2.005536095764632806e-02
2.114000000000000000e+03 3.044003480495555559e+05 9.346985267861972202e-02 2.013171225143167709e-02 3.245189552424250223e+01 2.005031836662073130e-02
2.115000000000000000e+03 3.049318863367906888e+05 9.313408225601477186e-02 2.164414602481207900e-02 3.244363424935866647e+01 2.004525838011465833e-02
2.116000000000000000e+03 3.054283527072094148e+05 9.279592674000468333e-02 2.022388624379032468e-02 3.243539028432267912e+01 2.004009945538373638e-02
2.117000000000000000e+03 3.059617688353518024e+05 9.245710257861040893e-02 1.953708189596698591e-02 3.242713570162649006e+01 2.003489090297193298e-02
2.118000000000000000e+03 3.065156270011969027e+05 9.211827841721613452e-02 1.730048420221120056e-02 3.241885246824739397e+01 2.002966427228905499e-02
2.119000000000000000e+03 3.071436849293903797e+05 9.177945425582186012e-02 1.741874436590945541e-02 3.241054038460619324e+01 2.002441943740278923e-02
2.120000000000000000e+03 3.077692277554203174e+05 9.144063009442758572e-02 1.843595351741539323e-02 3.240219924903099269e+01 2.001915627106035794e-02
2.121000000000000000e+03 3.083626046233010129e+05 9.110380367057441253e-02 1.871354602754559532e-02 3.239382885772789678e+01 2.001387464467000929e-02
2.122000000000000000e+03 3.089492598996749730e+05 9.076903526590014704e-02 1.828991770993019378e-02 3.238549176358128534e+01 2.000861402842530820e-02
2.123000000000000000e+03 3.095518518860001350e+05 9.043432714286367413e-02 1.852707229703762920e-02 3.237712723939912962e+01 2.000333610412481991e-02
2.124000000000000000e+03 3.101487628496168181e+05 9.009961901982718735e-02 1.885613885144018370e-02 3.236873318956496348e+01 1.999803954945722148e-02
2.125000000000000000e+03 3.107376809498968651e+05 8.976491089679070057e-02 1.943532318909350909e-02 3.236030940489698082e+01 1.999272423243105348e-02
2.126000000000000000e+03 3.113109216607084381e+05 8.943208014031728270e-02 1.960711345717216364e-02 3.235185567398246320e+01 1.998739001964717696e-02
2.127000000000000000e+03 3.118812878873344744e+05 8.910526426131301636e-02 1.994110342797649621e-02 3.234339224330049944e+01 1.998204968641494050e-02
2.128000000000000000e+03 3.124441142206629156e+05 8.878258589321483263e-02 2.080891939499290508e-02 3.233494376692702588e+01 1.997671878918963820e-02
2.129000000000000000e+03 3.129855928092485992e+05 8.845990752511664890e-02 2.176956234064150036e-02 3.232646506224416783e+01 1.997136881822801982e-02
2.130000000000000000e+03 3.135050802074146923e+05 8.813722915701846516e-02 2.243874016086357809e-02 3.231795591216361885e+01 1.996599963654971041e-02
2.131000000000000000e+03 3.140108155082768062e+05 8.781455078892028143e-02 2.246577690179842393e-02 3.230941609725005037e+01 1.996061110569339117e-02
2.132000000000000000e+03 3.145177854069935856e+05 8.748968825637218338e-02 2.339744445880463306e-02 3.230084539568718327e+01 1.995520308569539297e-02
2.133000000000000000e+03 3.150067594309443957e+05 8.716188200946616005e-02 2.265246838079787092e-02 3.229229342525000845e+01 1.995011340773652012e-02
2.134000000000000000e+03 3.155137723435148946e+05 8.683331621265208411e-02 2.452086917548432221e-02 3.228372778146958666e+01 1.994512300168110180e-02
2.135000000000000000e+03 3.159838470937152160e+05 8.650475041583799429e-02 2.633592795971402556e-02 3.227513095502080631e+01 1.994011442837742912e-02
2.136000000000000000e+03 3.164229745657512685e+05 8.617618461902391835e-02 2.363109101868283296e-02 3.226650271803693215e+01 1.993508755506869651e-02
2.137000000000000000e+03 3.169143588094591978e+05 8.584797328297136265e-02 2.271248059294601537e-02 3.225784284014437731e+01 1.993004224753758616e-02
2.138000000000000000e+03 3.174272275177620468e+05 8.552113425931151536e-02 2.204190687959829698e-02 3.224917047293457273e+01 1.992640335170844587e-02
2.139000000000000000e+03 3.179576367991919396e+05 8.519531308728289787e-02 2.158930501327281995e-02 3.224052192578596987e+01 1.992685047760755362e-02
2.140000000000000000e+03 3.185017074565148796e+05 8.486949191525428038e-02 1.951676033194004248e-02 3.223184145685358715e+01 1.992729925384816025e-02
2.141000000000000000e+03 3.191058233422821504e+05 8.454367074322564901e-02 1.986652292812665643e-02 3.222312882961757907e+01 1.992774969265823440e-02
2.142000000000000000e+03 3.197013327836190583e+05 8.421784957119701764e-02 2.002801173737226922e-02 3.221438380491962761e+01 1.992820180640214947e-02
2.143000000000000000e+03 3.202943082845991012e+05 8.389044336975012839e-02 2.072056531607736896e-02 3.220560614092357810e+01 1.992865560758272717e-02
2.144000000000000000e+03 3.208696768601607182e+05 8.356119133313633096e-02 2.194984929161904533e-02 3.219686698408436598e+01 1.992925508472208687e-02
2.145000000000000000e+03 3.214151899938200950e+05 8.323167849077392488e-02 2.310739189917684552e-02 3.218810687087297140e+01 1.992988054116967903e-02
2.146000000000000000e+03 3.219352960323102889e+05 8.290216564841150493e-02 2.347367213955174614e-02 3.217931384117516558e+01 1.993050834779564601e-02
2.147000000000000000e+03 3.224491986042180797e+05 8.257265280604908497e-02 2.438576425739933870e-02 3.217048764668754757e+01 1.993113852232841418e-02
2.148000000000000000e+03 3.229459598542735330e+05 8.224195533602313146e-02 2.547811938959987366e-02 3.216162803628647282e+01 1.993177108269775580e-02
2.149000000000000000e+03 3.234232945260871202e+05 8.190907313959902569e-02 2.596789314332442408e-02 3.215278078496259440e+01 1.993240276065104746e-02
2.150000000000000000e+03 3.238936837643575855e+05 8.157519084444028734e-02 2.689607742257417097e-02 3.214393883449173472e+01 1.993303406013289744e-02
2.151000000000000000e+03 3.243495217161297332e+05 8.124130854928154899e-02 2.750027285496180543e-02 3.213506317947048530e+01 1.993366776605948534e-02
2.152000000000000000e+03 3.247972072737551061e+05 8.090742625412281064e-02 2.918397423210269612e-02 3.212615356195914984e+01 1.993430389684724621e-02
2.153000000000000000e+03 3.252207956683912780e+05 8.057617393537847006e-02 2.855425429035381157e-02 3.211720972104566130e+01 1.993494247112483422e-02
2.154000000000000000e+03 3.256554116719635203e+05 8.025348386398983846e-02 2.909272721854295335e-02 3.210825717487156794e+01 1.993558166694249512e-02
2.155000000000000000e+03 3.260837025226106052e+05 7.993672606354257359e-02 3.026754778554477388e-02 3.209932834677128000e+01 1.993621916933201871e-02
2.156000000000000000e+03 3.264971050542818848e+05 7.961996826309528097e-02 3.183557555558302193e-02 3.209036498375838420e+01 1.993685913745266158e-02
2.157000000000000000e+03 3.268916583641536999e+05 7.930321046264801610e-02 3.110730914091390173e-02 3.208136681764705855e+01 1.993750159045241596e-02
2.158000000000000000e+03 3.272971607983325375e+05 7.898512243881999906e-02 3.131498454478003068e-02 3.207233357711534438e+01 1.993814654770317829e-02
2.159000000000000000e+03 3.277016097010264639e+05 7.865827309984679827e-02 3.110596552833562109e-02 3.206327823465613847e+01 1.993879308299211645e-02
2.160000000000000000e+03 3.281104322882462875e+05 7.832399266910916591e-02 3.241445728297498441e-02 3.205426156177976083e+01 1.993943685734186205e-02
2.161000000000000000e+03 3.285046666286186082e+05 7.798971223837154743e-02 3.257348223371574203e-02 3.204520949534009588e+01 1.994008315872885032e-02
2.162000000000000000e+03 3.288983648238489404e+05 7.765543180763392894e-02 3.196455575296259372e-02 3.203612175637777426e+01 1.994073200707028801e-02
2.163000000000000000e+03 3.293012353582975920e+05 7.732205504981576327e-02 3.320563092484065532e-02 3.202699806262241822e+01 1.994138342251977267e-02
2.164000000000000000e+03 3.296906855932254693e+05 7.700078718023456448e-02 3.136268917649481097e-02 3.201784466762273951e+01 1.994204209926394092e-02
2.165000000000000000e+03 3.301048898496348411e+05 7.669072452597086587e-02 3.101884928303374339e-02 3.200873610813471259e+01 1.994276146436275640e-02
2.166000000000000000e+03 3.305252722756659496e+05 7.638066187170713950e-02 3.176382910984344721e-02 3.199959125441976227e+01 1.994348369586433634e-02
2.167000000000000000e+03 3.309374894630122581e+05 7.607059921744344089e-02 3.242612655465815230e-02 3.199040981608236933e+01 1.994420881670320653e-02
2.168000000000000000e+03 3.313429994743558927e+05 7.576019369481490351e-02 3.132903580958901896e-02 3.198119149922773374e+01 1.994493685009023770e-02
2.169000000000000000e+03 3.317644071230950649e+05 7.544515529319598124e-02 2.996558707171554856e-02 3.197194259007123662e+01 1.994568930234360063e-02
2.170000000000000000e+03 3.322069202931650216e+05 7.512582688095149897e-02 3.082663469907657994e-02 3.196273887049668971e+01 1.994671413087965514e-02
2.171000000000000000e+03 3.326390779414999997e+05 7.480649846870700281e-02 3.380577669834643889e-02 3.195349791509153903e+01 1.994774310560263469e-02
2.172000000000000000e+03 3.330346131588005228e+05 7.448717005646252054e-02 3.664924407880598700e-02 3.194421942133869052e+01 1.994877626019762873e-02
2.173000000000000000e+03 3.334012052826946601e+05 7.416796852574093768e-02 3.997489805612302466e-02 3.193490308301938541e+01 1.994981362876191780e-02
2.174000000000000000e+03 3.337386284641037928e+05 7.384962165287159430e-02 4.066681620808599434e-02 3.192556221077955669e+01 1.995085510812964757e-02
2.175000000000000000e+03 3.340718375708261156e+05 7.353200255633157711e-02 4.323199050195728615e-02 3.191626132156578777e+01 1.995190006682667772e-02
2.176000000000000000e+03 3.343864855054108193e+05 7.321438345979155993e-02 4.138308593427042492e-02 3.190692221707774934e+01 1.995294931902536276e-02
2.177000000000000000e+03 3.347165720714590861e+05 7.289676436325154274e-02 4.327803047858549967e-02 3.189754458198332898e+01 1.995400290015339126e-02
2.178000000000000000e+03 3.350337923352008220e+05 7.258163971067618792e-02 4.172088332506572461e-02 3.188812809703130924e+01 1.995506084607876623e-02
2.179000000000000000e+03 3.353641237363848486e+05 7.227492723203829406e-02 3.972348276520609733e-02 3.187869938940131220e+01 1.995612016522699608e-02
2.180000000000000000e+03 3.357130053311546799e+05 7.197413248337317104e-02 3.683919368378305720e-02 3.186929549113777327e+01 1.995717669703278921e-02
2.181000000000000000e+03 3.360902042728262022e+05 7.167333773470806191e-02 3.384021040746248987e-02 3.185985234226935603e+01 1.995823763866004519e-02
2.182000000000000000e+03 3.365030868139799568e+05 7.137254298604293890e-02 3.052057748558765354e-02 3.185036961376878040e+01 1.995930302707512108e-02
2.183000000000000000e+03 3.369625381942091044e+05 7.106736026300941589e-02 2.746397615218745814e-02 3.184084697245414119e+01 1.996037289971113945e-02
2.184000000000000000e+03 3.374753595436364412e+05 7.075368717964189424e-02 2.563760438807141662e-02 3.183133295216221370e+01 1.996144180377173658e-02
2.185000000000000000e+03 3.380270329690114595e+05 7.043591171030874620e-02 2.412232726542600653e-02 3.182182448973137667e+01 1.996251008340437644e-02
2.186000000000000000e+03 3.386161058099544025e+05 7.011813624097559816e-02 2.168715310995878234e-02 3.181227570069592403e+01 1.996358289374749323e-02
2.187000000000000000e+03 3.392745523089725175e+05 6.980036077164247788e-02 1.939726437325691583e-02 3.180268624153785950e+01 1.996466027339547505e-02
2.188000000000000000e+03 3.400132756920304382e+05 6.949248966690591001e-02 1.774740798494370275e-02 3.179305576433107916e+01 1.996574226143796316e-02
2.189000000000000000e+03 3.408246437064271886e+05 6.919687664495510759e-02 1.569379547483728404e-02 3.178345926992214743e+01 1.996682043149924923e-02
2.190000000000000000e+03 3.417478640410045045e+05 6.890361734119343495e-02 1.389799635575432804e-02 3.177383951127619710e+01 1.996790121530705314e-02
2.191000000000000000e+03 3.427921877966803149e+05 6.861035803743179007e-02 1.389863781900681737e-02 3.176417828524093423e+01 1.996898665799295980e-02
2.192000000000000000e+03 3.438414507905024802e+05 6.831503998834842495e-02 1.440186295250162930e-02 3.175447523276544715e+01 1.997007679989648912e-02
2.193000000000000000e+03 3.448582638881985331e+05 6.800751733088858386e-02 1.440425343025012947e-02 3.174474674323639434e+01 1.997116082197500711e-02
2.194000000000000000e+03 3.458795745184344123e+05 6.768984881037393153e-02 1.479205807232080415e-02 3.173505864485694516e+01 1.997219592728656512e-02
2.195000000000000000e+03 3.468784670753684477e+05 6.737218028985929308e-02 1.491573473913194656e-02 3.172532828318755094e+01 1.997323554813401278e-02
2.196000000000000000e+03 3.478735895437533618e+05 6.705451176934465463e-02 1.537508931903165156e-02 3.171555528787385825e+01 1.997427972408710728e-02
2.197000000000000000e+03 3.488439697195051704e+05 6.674406015441494699e-02 1.538091346391359457e-02 3.170573928367193517e+01 1.997532849523803514e-02
2.198000000000000000e+03 3.498209160043834709e+05 6.644570664930526949e-02 1.661970937775954227e-02 3.169593663756624480e+01 1.997617748237328142e-02
2.199000000000000000e+03 3.507265342504784348e+05 6.615223434843066352e-02 1.605256113666260129e-02 3.168612911836191870e+01 1.997689165752782742e-02
2.200000000000000000e+03 3.516686770630952087e+05 6.585876204755605756e-02 1.579560304669353973e-02 3.167627809244164894e+01 1.997760900080419386e-02
2.201000000000000000e+03 3.526300992525145994e+05 6.556494165409174069e-02 1.579492052383301912e-02 3.166638317208829534e+01 1.997832954043560899e-02
2.202000000000000000e+03 3.535958879860374727e+05 6.526730783424519733e-02 1.598075506315521990e-02 3.165645294511167762e+01 1.997905170225216728e-02
2.203000000000000000e+03 3.545549153844858520e+05 6.496620868060612453e-02 1.606089129275410643e-02 3.164656780745126596e+01 1.997976110969297212e-02
2.204000000000000000e+03 3.555139748573275865e+05 6.466510952696702397e-02 1.432649035274495379e-02 3.163663826415045577e+01 1.998047370390697297e-02
2.205000000000000000e+03 3.565936789073201944e+05 6.436401037332795116e-02 1.427190430402922039e-02 3.162666391445364411e+01 1.998118951365441404e-02
2.206000000000000000e+03 3.576824542123891879e+05 6.406294408580838484e-02 1.443917042393787729e-02 3.161664435215547186e+01 1.998190856808664331e-02
2.207000000000000000e+03 3.587636478286702186e+05 6.376192822314771802e-02 1.410607126544300566e-02 3.160664281827648736e+01 1.998262632870839370e-02
2.208000000000000000e+03 3.598756028321566409e+05 6.346092991922640258e-02 1.432805246381097831e-02 3.159662981981929164e+01 1.998334491208622263e-02
2.209000000000000000e+03 3.609755606433977955e+05 6.315993161530510103e-02 1.483749906124512755e-02 3.158657105499778694e+01 1.998406677988966845e-02
2.210000000000000000e+03 3.620426364621506655e+05 6.286084462068544654e-02 1.508055892832467146e-02 3.157646610352200867e+01 1.998479196228086785e-02
2.211000000000000000e+03 3.630975540936409961e+05 6.256865951209235333e-02 1.565123836015454295e-02 3.156634286133595779e+01 1.998551845730588139e-02
2.212000000000000000e+03 3.641191479906639433e+05 6.228146498022414657e-02 1.602683847954542579e-02 3.155624699610661921e+01 1.998624298762211038e-02
2.213000000000000000e+03 3.651221964483804768e+05 6.199427044835593981e-02 1.642726250175536792e-02 3.154610439229709939e+01 1.998697087213508611e-02
2.214000000000000000e+03 3.661042726841122494e+05 6.170707591648773305e-02 1.565544583641662393e-02 3.153591461514348637e+01 1.998770214204565951e-02
2.215000000000000000e+03 3.671406707232613699e+05 6.141333146221149286e-02 1.610067981752852026e-02 3.152567722378721982e+01 1.998843682899206775e-02
2.216000000000000000e+03 3.681525256441504462e+05 6.111279598902387422e-02 1.598494118061257949e-02 3.151549207492431393e+01 1.998916776675310758e-02
2.217000000000000000e+03 3.691762660165808629e+05 6.081201941933291055e-02 1.626633418619943469e-02 3.150526285360215084e+01 1.998990186737657423e-02
2.218000000000000000e+03 3.701874425199324032e+05 6.051124284964193301e-02 1.598353905452367524e-02 3.149498543115769422e+01 1.999063942715620032e-02
2.219000000000000000e+03 3.712222897182779852e+05 6.021424542219674936e-02 1.596775374147012261e-02 3.148465935118235492e+01 1.999138047884617408e-02
2.220000000000000000e+03 3.722630817236296134e+05 5.992254496971963912e-02 1.692127794608306104e-02 3.147435620922173882e+01 1.999211988438827359e-02
2.221000000000000000e+03 3.732494475292871357e+05 5.963236234996484308e-02 1.771586791898191460e-02 3.146403306255035659e+01 1.999286072556952926e-02
2.222000000000000000e+03 3.741960796274642344e+05 5.934217973021004011e-02 1.804640324594462830e-02 3.145366061029248783e+01 1.999360510516887818e-02
2.223000000000000000e+03 3.751302594383877586e+05 5.905466814026252842e-02 1.950345773080021730e-02 3.144323837919854725e+01 1.999435305714909739e-02
2.224000000000000000e+03 3.759989865739325760e+05 5.877225598252251021e-02 1.791632693376379870e-02 3.143281816455803579e+01 1.999192739070318470e-02
2.225000000000000000e+03 3.769497169941317406e+05 5.849227222718268726e-02 1.593407977565262923e-02 3.142239532002745861e+01 1.998659445928402736e-02
2.226000000000000000e+03 3.780229002026317175e+05 5.821228847184285737e-02 1.643961457595013997e-02 3.141192201741149859e+01 1.998123571058359887e-02
2.227000000000000000e+03 3.790680246588964947e+05 5.793188485407675670e-02 1.741199794847831175e-02 3.140139776578680397e+01 1.997585089341705894e-02
2.228000000000000000e+03 3.800597889288129518e+05 5.765041410779414566e-02 1.787592107372761377e-02 3.139085961891996490e+01 1.997016408643829607e-02
2.229000000000000000e+03 3.810302157700082171e+05 5.736829609542133668e-02 1.827096298889963749e-02 3.138032795117494089e+01 1.996402345177227325e-02
2.230000000000000000e+03 3.819849410175558878e+05 5.708617808304852770e-02 1.958044775695749057e-02 3.136974460316215740e+01 1.995785268421073830e-02
2.231000000000000000e+03 3.828802333228210919e+05 5.680404900430768844e-02 2.016365421839660596e-02 3.135910906517575825e+01 1.995165148656263474e-02
2.232000000000000000e+03 3.837534072196795605e+05 5.652188542151666273e-02 2.113076800458584675e-02 3.134844919577790989e+01 1.994543046318064672e-02
2.233000000000000000e+03 3.845908079694938497e+05 5.623969840104348084e-02 2.044775544333203229e-02 3.133779667637826805e+01 1.993920172489715634e-02
2.234000000000000000e+03 3.854609463606233476e+05 5.595751138057028506e-02 1.911741977615782212e-02 3.132709113344334284e+01 1.993294198270635295e-02
2.235000000000000000e+03 3.863965523201379692e+05 5.567589676152915473e-02 1.925619512634373434e-02 3.131633203647598052e+01 1.992665092641607641e-02
2.236000000000000000e+03 3.873299612770871609e+05 5.539614945922053529e-02 2.057003266959898588e-02 3.130554902330294809e+01 1.992034588584844571e-02
2.237000000000000000e+03 3.882076144039430073e+05 5.511769707221236825e-02 2.187861569758060842e-02 3.129478018485112756e+01 1.991404913351999678e-02
2.238000000000000000e+03 3.890374590970588615e+05 5.483924468520419426e-02 2.157219035668364940e-02 3.128395699953199127e+01 1.990772060350588096e-02
2.239000000000000000e+03 3.898845019555892795e+05 5.456054662772648334e-02 1.876912550828930409e-02 3.127307891601964940e+01 1.990135997343497193e-02
2.240000000000000000e+03 3.908622828662185930e+05 5.428114081688935333e-02 1.714649146315800482e-02 3.126217830074579140e+01 1.989498616859851701e-02
2.241000000000000000e+03 3.919374515037697856e+05 5.400127292316236893e-02 1.836271721863408368e-02 3.125128413358591928e+01 1.988861613410154022e-02
2.242000000000000000e+03 3.929473807107434841e+05 5.372140502943538454e-02 1.939737383168570542e-02 3.124033417878767693e+01 1.988221347947163528e-02
2.243000000000000000e+03 3.939069224379126681e+05 5.344908213571762656e-02 2.023415716615234797e-02 3.122932786204611944e+01 1.987577786890136478e-02
2.244000000000000000e+03 3.948317167920997599e+05 5.319376270651782201e-02 2.193877638831091478e-02 3.121830796127796859e+01 1.986933431548271178e-02
2.245000000000000000e+03 3.956887131843067473e+05 5.294790174182675141e-02 2.353780883680012259e-02 3.120728550105116028e+01 1.986288926549808001e-02
2.246000000000000000e+03 3.964911399903187412e+05 5.270204077713568080e-02 2.436359764195868832e-02 3.119620577120096883e+01 1.985641072883463989e-02
2.247000000000000000e+03 3.972706219738868531e+05 5.243877769863849320e-02 2.597382067102261410e-02 3.118506817350391813e+01 1.984989835569931846e-02
2.248000000000000000e+03 3.980055480259726173e+05 5.214622521631993857e-02 2.651523099482289147e-02 3.117393051675387383e+01 1.984344225042292825e-02
2.249000000000000000e+03 3.987291749704530230e+05 5.184178544398612698e-02 2.805683591703063764e-02 3.116277437091725844e+01 1.983701419043193068e-02
2.250000000000000000e+03 3.994166379899978056e+05 5.153734567165230845e-02 2.888961701293401088e-02 3.115155939443506838e+01 1.983055223280956458e-02
2.251000000000000000e+03 4.000880926505940733e+05 5.124820596096406333e-02 2.783921366852216278e-02 3.114028496354328368e+01 1.982405601814922480e-02
2.252000000000000000e+03 4.007893399172350764e+05 5.097824638775527023e-02 2.990049520226879462e-02 3.112903067000147317e+01 1.981763701485680235e-02
2.253000000000000000e+03 4.014454801754328073e+05 5.071216689038034880e-02 2.980699289375636149e-02 3.111773680800822461e+01 1.981121224457111848e-02
2.254000000000000000e+03 4.021073100656547467e+05 5.044618983038844096e-02 3.203320216444827118e-02 3.110638248314286969e+01 1.980475307860534925e-02
2.255000000000000000e+03 4.027266570173063083e+05 5.018212756881373915e-02 3.191340809615297869e-02 3.109497254465524207e+01 1.979826240858220676e-02
2.256000000000000000e+03 4.033513405175197404e+05 4.991987766827321593e-02 3.343994280221599530e-02 3.108359863680672319e+01 1.979179459583793252e-02
2.257000000000000000e+03 4.039503287818006356e+05 4.965762776773269965e-02 3.385432911276761714e-02 3.107216323214687392e+01 1.978529181271537415e-02
2.258000000000000000e+03 4.045452237708671018e+05 4.939261102514838631e-02 3.499251235986720193e-02 3.106066566205304014e+01 1.977875367899990453e-02
2.259000000000000000e+03 4.051241424600708415e+05 4.911991798978722346e-02 3.542579621453688377e-02 3.104914294281401155e+01 1.977220124413446925e-02
2.260000000000000000e+03 4.056988717300778371e+05 4.884231550369300123e-02 3.480866428303926868e-02 3.103762423983973306e+01 1.976565109313212568e-02
2.261000000000000000e+03 4.062870184829524951e+05 4.856471301759877901e-02 3.482527305438643667e-02 3.102604228839933143e+01 1.975906497566683531e-02
2.262000000000000000e+03 4.068784267595334677e+05 4.828617307705962425e-02 3.492606651968871434e-02 3.101439639006943239e+01 1.975244249457767942e-02
2.263000000000000000e+03 4.074716024549921276e+05 4.800632639535232227e-02 3.663940460954247941e-02 3.100275776215940837e+01 1.974582414783838252e-02
2.264000000000000000e+03 4.080403926713894471e+05 4.772611042692179173e-02 3.553705133874977135e-02 3.099108291382369273e+01 1.973918520422649273e-02
2.265000000000000000e+03 4.086301796121148509e+05 4.744944355497034139e-02 3.691926250477534088e-02 3.097934292647327936e+01 1.973250921908454442e-02
2.266000000000000000e+03 4.092009175969305797e+05 4.720128659862098119e-02 3.659985458596311941e-02 3.096755099501201514e+01 1.972580369574107248e-02
2.267000000000000000e+03 4.097794026811206131e+05 4.697809046139461708e-02 3.618390277998879273e-02 3.095579100014334983e+01 1.971911633325343013e-02
2.268000000000000000e+03 4.103676878113111015e+05 4.675489432416825297e-02 3.559107728827735906e-02 3.094396473187787677e+01 1.971239128416534675e-02
2.269000000000000000e+03 4.109692689253790886e+05 4.650459350610092191e-02 3.621508704667012607e-02 3.093207143901335243e+01 1.970562812130303293e-02
2.270000000000000000e+03 4.115637492014361196e+05 4.620744910405717720e-02 3.505936542118569255e-02 3.092016905950606542e+01 1.969891218411540593e-02
2.271000000000000000e+03 4.121815502479106071e+05 4.589056579887797194e-02 3.427311044511063831e-02 3.090824164575861488e+01 1.969222057343813365e-02
2.272000000000000000e+03 4.128171727139460854e+05 4.557663165147805839e-02 3.365687666045422133e-02 3.089624588020360463e+01 1.968549061549673684e-02
2.273000000000000000e+03 4.134685517399949604e+05 4.529861710669025321e-02 3.298464125368730931e-02 3.088419066879155395e+01 1.967883415768583236e-02
2.274000000000000000e+03 4.141383418344053789e+05 4.505357300673529242e-02 3.102175575497082005e-02 3.087217452688231489e+01 1.967339822738329094e-02
2.275000000000000000e+03 4.148540259621881996e+05 4.480852890678033162e-02 3.162398700671477381e-02 3.086008881910645130e+01 1.966793082648017957e-02
2.276000000000000000e+03 4.155601001996271079e+05 4.456099314150215734e-02 3.107104168560885157e-02 3.084793273528647717e+01 1.966243158846382039e-02
2.277000000000000000e+03 4.162826889915570500e+05 4.430950527494949970e-02 3.047306815028132110e-02 3.083577563564299595e+01 1.965695766032038438e-02
2.278000000000000000e+03 4.170232153333942406e+05 4.405655697244558605e-02 3.085262112804980014e-02 3.082358854412599669e+01 1.965148546359780923e-02
2.279000000000000000e+03 4.177588751287901541e+05 4.379908249689516697e-02 3.091270587331898523e-02 3.081132969234023733e+01 1.964598104538030354e-02
2.280000000000000000e+03 4.184977848991156206e+05 4.352152639615531476e-02 3.183179673603350746e-02 3.079902278444217956e+01 1.964045504920879440e-02
2.281000000000000000e+03 4.192199122781101614e+05 4.322841484327253486e-02 3.124925246514982310e-02 3.078672746680655692e+01 1.963493425724831612e-02
2.282000000000000000e+03 4.199601722449909430e+05 4.293530329038975496e-02 3.051585810355975439e-02 3.077435891386809530e+01 1.962938058147929363e-02
2.283000000000000000e+03 4.207234335443731397e+05 4.265516343215827733e-02 2.989794896586994016e-02 3.076191624796527790e+01 1.962379362781782946e-02
2.284000000000000000e+03 4.215078349530157866e+05 4.238998857699335931e-02 2.924442694579993188e-02 3.074950897840022890e+01 1.961822256767150469e-02
2.285000000000000000e+03 4.223148247898661066e+05 4.212680703024372642e-02 2.811456764084547047e-02 3.073704401140752651e+01 1.961262560046818718e-02
2.286000000000000000e+03 4.231597319539479795e+05 4.187660360535450099e-02 2.643050152768934916e-02 3.072450356714087860e+01 1.960699474277586077e-02
2.287000000000000000e+03 4.240629144205308985e+05 4.165000729650458755e-02 2.651832778922093986e-02 3.071194908407077051e+01 1.960135758143887949e-02
2.288000000000000000e+03 4.249682167005307274e+05 4.143403998183357861e-02 2.702532713361430888e-02 3.069936926270837318e+01 1.959570904280816261e-02
2.289000000000000000e+03 4.258623919759540586e+05 4.120721375799574204e-02 3.163653827573831984e-02 3.068671236458022022e+01 1.959002589549132742e-02
2.290000000000000000e+03 4.266306542086852132e+05 4.094123384667913701e-02 2.934578966780420489e-02 3.067400981630636636e+01 1.958432225053751904e-02
2.291000000000000000e+03 4.274648860104007181e+05 4.064695915705059115e-02 2.567750100832666763e-02 3.066131342759729606e+01 1.957862137132565863e-02
2.292000000000000000e+03 4.284237786687608459e+05 4.035404302822985512e-02 2.278707013521942201e-02 3.064853831260126071e+01 1.957288514276658842e-02
2.293000000000000000e+03 4.295151846127480967e+05 4.008901415766120968e-02 1.960448491580984651e-02 3.063568974424443070e+01 1.956725176394982779e-02
2.294000000000000000e+03 4.307876716240024543e+05 3.985051398453687277e-02 1.646465644724204314e-02 3.062288334928614830e+01 1.956429883112286577e-02
2.295000000000000000e+03 4.323156351504310733e+05 3.961201381141253586e-02 1.485762566825172756e-02 3.060999664323171032e+01 1.956132737994839554e-02
2.296000000000000000e+03 4.340157468073549680e+05 3.935970917445050232e-02 1.515957874721352537e-02 3.059702861243173189e+01 1.955833717669642341e-02
2.297000000000000000e+03 4.356933897828935878e+05 3.909136239401901636e-02 1.476727127607635470e-02 3.058409488783695451e+01 1.955815798369118716e-02
2.298000000000000000e+03 4.374272477271363605e+05 3.882077793395576071e-02 1.476745839283648103e-02 3.057109801481113820e+01 1.955843784070998570e-02
2.299000000000000000e+03 4.391720364016466774e+05 3.855657341106855096e-02 1.424942853163417393e-02 3.055801813553796364e+01 1.955871948507262315e-02
2.300000000000000000e+03 4.409925651632847148e+05 3.830131293143743121e-02 1.450345677892329530e-02 3.054495076685607557e+01 1.955907184605879326e-02
2.301000000000000000e+03 4.427923359353673295e+05 3.804861655788632779e-02 1.486283422867395142e-02 3.053183829995634824e+01 1.955945425541094629e-02
2.302000000000000000e+03 4.445612695047231391e+05 3.778377723693471246e-02 1.541276831289770978e-02 3.051864104095119501e+01 1.955983913762303697e-02
2.303000000000000000e+03 4.462809547795211547e+05 3.749894430801591072e-02 1.583691248614491065e-02 3.050544065322940313e+01 1.956022411108038900e-02
2.304000000000000000e+03 4.479655049224150716e+05 3.720626071853043448e-02 1.602152984820479770e-02 3.049220795193707545e+01 1.956061002692422585e-02
2.305000000000000000e+03 4.496441666868708562e+05 3.693070570759169474e-02 1.744096563461194557e-02 3.047888859507659376e+01 1.956099846997365679e-02
2.306000000000000000e+03 4.511968759596980526e+05 3.668676264807162885e-02 1.619826968343005338e-02 3.046556131179739424e+01 1.956138714418757113e-02
2.307000000000000000e+03 4.528797431707778596e+05 3.645730296142351418e-02 1.587001862491439416e-02 3.045221386885186377e+01 1.956177640633394860e-02
2.308000000000000000e+03 4.546094167534094304e+05 3.622164934170458983e-02 1.624728554761901977e-02 3.043877794340431819e+01 1.956216824896625170e-02
2.309000000000000000e+03 4.563105005106172175e+05 3.597395434713145101e-02 1.647390414326108457e-02 3.042532766181754411e+01 1.956256051027811457e-02
2.310000000000000000e+03 4.579983447035624995e+05 3.572041191077491434e-02 1.595614029195442998e-02 3.041185886581858355e+01 1.956295331154057557e-02
2.311000000000000000e+03 4.597561332132890238e+05 3.546603839236964206e-02 1.406716659332248563e-02 3.039829966193009270e+01 1.956334874944057681e-02
2.312000000000000000e+03 4.617609123020937550e+05 3.521008039313382187e-02 1.420138542870280109e-02 3.038472452087246367e+01 1.956374465212898026e-02
2.313000000000000000e+03 4.637615606902487925e+05 3.495336899511619633e-02 1.522810316207810245e-02 3.037112637347598820e+01 1.956414122576963233e-02
2.314000000000000000e+03 4.656426519469235209e+05 3.469662260587012825e-02 1.567714713602769497e-02 3.035743574713725579e+01 1.956454049644758622e-02
2.315000000000000000e+03 4.674817258827283513e+05 3.443981512932407091e-02 1.440415648721704751e-02 3.034373413573732137e+01 1.956379987670664802e-02
2.316000000000000000e+03 4.694979511252283701e+05 3.418298155670649457e-02 1.451847810258231550e-02 3.033000053040904831e+01 1.956219911387580349e-02
2.317000000000000000e+03 4.715131841401372803e+05 3.392134226722620660e-02 1.610925741343605111e-02 3.031617227714154694e+01 1.956058731906176740e-02
2.318000000000000000e+03 4.733463948556554387e+05 3.365240531050800454e-02 1.887789063517577789e-02 3.030234152551476257e+01 1.955847388567843320e-02
2.319000000000000000e+03 4.749285327050834312e+05 3.338097640341458616e-02 1.972956707462038967e-02 3.028846334634696191e+01 1.955609057514463844e-02
2.320000000000000000e+03 4.764519434851902188e+05 3.312260550508265566e-02 1.690087252209414997e-02 3.027448822641526505e+01 1.955369061689784388e-02
2.321000000000000000e+03 4.782394593365148176e+05 3.288095470655792718e-02 1.964878785820330098e-02 3.026052882720114923e+01 1.955127621988425601e-02
2.322000000000000000e+03 4.797901587283682893e+05 3.264296599907889201e-02 1.991145238762002598e-02 3.024650328508729302e+01 1.954884552020374686e-02
2.323000000000000000e+03 4.813331677684099996e+05 3.240717549521135443e-02 1.842947921538827874e-02 3.023237842630518557e+01 1.954639760842606308e-02
2.324000000000000000e+03 4.830088697682850179e+05 3.217372491152585556e-02 1.955524699950161871e-02 3.021829336512638520e+01 1.954395659378082781e-02
2.325000000000000000e+03 4.845984439034353127e+05 3.193835383728311356e-02 2.086954370867714903e-02 3.020411698936009870e+01 1.954149975384079571e-02
2.326000000000000000e+03 4.860995555721173878e+05 3.168742159570663713e-02 2.182722347052807807e-02 3.018985945129196224e+01 1.953902884805007456e-02
2.327000000000000000e+03 4.875460514409645111e+05 3.142299039392421056e-02 2.236419699455558310e-02 3.017563460852399970e+01 1.953656360852558740e-02
2.328000000000000000e+03 4.889692190760247177e+05 3.116492812801984619e-02 2.384470592998909691e-02 3.016130700610236914e+01 1.953408056021657679e-02
2.329000000000000000e+03 4.903147947034628596e+05 3.092460124288474999e-02 2.498837237685871265e-02 3.014692925278966129e+01 1.953158882049628800e-02
2.330000000000000000e+03 4.916093463232378708e+05 3.069564080264086670e-02 2.442011948948726030e-02 3.013254357060842992e+01 1.952909570666169076e-02
2.331000000000000000e+03 4.929440456526873750e+05 3.046384573754291891e-02 2.284811835834223842e-02 3.011805248199470597e+01 1.952658432534197519e-02
2.332000000000000000e+03 4.943812534976975876e+05 3.022747738638643933e-02 2.232731088895856253e-02 3.010354872131883752e+01 1.952407074788772151e-02
2.333000000000000000e+03 4.958628154589071637e+05 2.998937037402550285e-02 2.177428380923850451e-02 3.008899583300403435e+01 1.952154865635712805e-02
2.334000000000000000e+03 4.973944689721320756e+05 2.974407573246128783e-02 2.179559800820507487e-02 3.007433476605558198e+01 1.951900781690448644e-02
2.335000000000000000e+03 4.989374086220061872e+05 2.949091733842750668e-02 2.165391019838912301e-02 3.005970370193212204e+01 1.951240552815568935e-02
2.336000000000000000e+03 5.005032301143442746e+05 2.923832042636225967e-02 2.131527124983766466e-02 3.004497626499704310e+01 1.950537211702881024e-02
2.337000000000000000e+03 5.021083229057427961e+05 2.899085734879742332e-02 2.056424118761993741e-02 3.003017288686524111e+01 1.949810362302165784e-02
2.338000000000000000e+03 5.037858957055177889e+05 2.874729050049815160e-02 2.083275585627985052e-02 3.001536862059749211e+01 1.949020493122006342e-02
2.339000000000000000e+03 5.054558245122332592e+05 2.850740779615933140e-02 2.044672953551610745e-02 3.000045187568652238e+01 1.948224622738403342e-02
2.340000000000000000e+03 5.071740427279106225e+05 2.827366177510773348e-02 1.996165620288451945e-02 2.998551061364739567e+01 1.947426151513609663e-02
2.341000000000000000e+03 5.089466940177190700e+05 2.804236829338291326e-02 1.909591561441949942e-02 2.997051474796135295e+01 1.946623893177608020e-02
2.342000000000000000e+03 5.108200297524770722e+05 2.781097672517392899e-02 1.823177215274641993e-02 2.995540322682724366e+01 1.945815447433072581e-02
2.343000000000000000e+03 5.127925614497396164e+05 2.757948620924691174e-02 1.820526793071863131e-02 2.994032454304222668e+01 1.945008758441871266e-02
2.344000000000000000e+03 5.147845324943273445e+05 2.735024862646947413e-02 1.910229785562534560e-02 2.992513001695002473e+01 1.944195872045428528e-02
2.345000000000000000e+03 5.166996014847874176e+05 2.712646366886888732e-02 2.037390810572024119e-02 2.990987909305442827e+01 1.943379968443520456e-02
2.346000000000000000e+03 5.185104126595422858e+05 2.690587754206168886e-02 2.117023604076521959e-02 2.989459767098736975e+01 1.942562433231087571e-02
2.347000000000000000e+03 5.202676051624887041e+05 2.667563074365369297e-02 2.231195912998923392e-02 2.987919567016399114e+01 1.941738447219852268e-02
2.348000000000000000e+03 5.219483772630278254e+05 2.643422751003282611e-02 2.247486706592818906e-02 2.986380676859919348e+01 1.940915162001062913e-02
2.349000000000000000e+03 5.236315269124264596e+05 2.619443596036514707e-02 2.202147173594086113e-02 2.984831651612224590e+01 1.940086454646877331e-02
2.350000000000000000e+03 5.253654401787911775e+05 2.596356054069853814e-02 2.023850478817133466e-02 2.983275633572806740e+01 1.939254006244612791e-02
2.351000000000000000e+03 5.272690173132634955e+05 2.573849380346773796e-02 2.016687914171821222e-02 2.981717290440549561e+01 1.938420313949430415e-02
2.352000000000000000e+03 5.291960028144064127e+05 2.551500829806442258e-02 1.992101091334357726e-02 2.980146359156320912e+01 1.937579887164845791e-02
2.353000000000000000e+03 5.311636697329421295e+05 2.529336016083682387e-02 2.063950064237431159e-02 2.978576861806926246e+01 1.937326449544024554e-02
2.354000000000000000e+03 5.330801029059877619e+05 2.507122520970018337e-02 1.855323810067030857e-02 2.976996892004703099e+01 1.937167529289591378e-02
2.355000000000000000e+03 5.352400035200584680e+05 2.484724053528528792e-02 1.566896871957770485e-02 2.975411021043485604e+01 1.937055105456813447e-02
2.356000000000000000e+03 5.378087126135987928e+05 2.462214908784941120e-02 1.620534348979968398e-02 2.973822674727525239e+01 1.937013257520863244e-02
2.357000000000000000e+03 5.403171566929458641e+05 2.438235424289287093e-02 1.638366308113769002e-02 2.972221184028916952e+01 1.936971063271720681e-02
2.358000000000000000e+03 5.428239635253075976e+05 2.412742016409637202e-02 1.562900305392178613e-02 2.970623471696840667e+01 1.936931897950361359e-02
2.359000000000000000e+03 5.454760474538075505e+05 2.389343174936623543e-02 1.586750439505949656e-02 2.969012937406134611e+01 1.936892506447609325e-02
2.360000000000000000e+03 5.481122408892480889e+05 2.369703391751700958e-02 1.554676874412385876e-02 2.967399228267558797e+01 1.936853037292348215e-02
2.361000000000000000e+03 5.508304880326996790e+05 2.350946269963321775e-02 1.731821110686787221e-02 2.965779816840096572e+01 1.936813428666769518e-02
2.362000000000000000e+03 5.532956389319157461e+05 2.328383163408748874e-02 1.747672107592855573e-02 2.964150198358655430e+01 1.936773570390378299e-02
2.363000000000000000e+03 5.557562022384143202e+05 2.302752318940965229e-02 2.127030750437959583e-02 2.962521449000355744e+01 1.936733733371570274e-02
2.364000000000000000e+03 5.578075988751151599e+05 2.278279979463338975e-02 2.117417177030546035e-02 2.960878762956609833e+01 1.936693555480179657e-02
2.365000000000000000e+03 5.598873787291503977e+05 2.255176607076943285e-02 1.795171351409860158e-02 2.959237541496557000e+01 1.936653413410536692e-02
2.366000000000000000e+03 5.623636623499077978e+05 2.232985381262796859e-02 1.963657997181325263e-02 2.957584999698321226e+01 1.936612994460645831e-02
2.367000000000000000e+03 5.646469036676336545e+05 2.212130002017882041e-02 2.232394736185216305e-02 2.955927961405252447e+01 1.936572465532539200e-02
2.368000000000000000e+03 5.666739532892643474e+05 2.191843266488378850e-02 2.474601582074253611e-02 2.954265443952225567e+01 1.936531802591548446e-02
2.369000000000000000e+03 5.685188447969156550e+05 2.171272437521475085e-02 2.550118940649627117e-02 2.952592528501409674e+01 1.936392754448348560e-02
2.370000000000000000e+03 5.703253182796171168e+05 2.150483033499814289e-02 2.597801812393119025e-02 2.950918954824806306e+01 1.935924014561698006e-02
2.371000000000000000e+03 5.721155744738915237e+05 2.129182190461006638e-02 2.592203114790748997e-02 2.949230549806156887e+01 1.935451120665166239e-02
2.372000000000000000e+03 5.739275777075692313e+05 2.107349670925338925e-02 2.578586519766144086e-02 2.947545131923410366e+01 1.934845118943934877e-02
2.373000000000000000e+03 5.757683733688284410e+05 2.085214844007368673e-02 2.651055030191531992e-02 2.945845365622308165e+01 1.934228577360628046e-02
2.374000000000000000e+03 5.775785623753134860e+05 2.062686935542047684e-02 2.540762534723327651e-02 2.944144141050757213e+01 1.933608680241347480e-02
2.375000000000000000e+03 5.794872673723297194e+05 2.041215379756512738e-02 2.735633842013881351e-02 2.942433043761187150e+01 1.932984059133241797e-02
2.376000000000000000e+03 5.812783013121524127e+05 2.022093140662932498e-02 2.506368987686648231e-02 2.940715478966214746e+01 1.932357077118824346e-02
2.377000000000000000e+03 5.832645456565996865e+05 2.003452828902370711e-02 1.885265862691000091e-02 2.938991505436881724e+01 1.931727755651950137e-02
2.378000000000000000e+03 5.859363511545535875e+05 1.982485222149581866e-02 1.763894711884582064e-02 2.937257351352793222e+01 1.931094717862555030e-02
2.379000000000000000e+03 5.887986786977454321e+05 1.960129390900385016e-02 1.893994940667583296e-02 2.935520412163585036e+01 1.930460663394881898e-02
2.380000000000000000e+03 5.915087192579421680e+05 1.939627251758380480e-02 2.014620560854987752e-02 2.933769739824876410e+01 1.929821595761031447e-02
2.381000000000000000e+03 5.940829396038861014e+05 1.920739759262138704e-02 2.006095223142408818e-02 2.932018837282980783e+01 1.929182444093519022e-02
2.382000000000000000e+03 5.966820236296548974e+05 1.901104712698739596e-02 1.936124035236884422e-02 2.930251546583017230e+01 1.928537310072160268e-02
2.383000000000000000e+03 5.994175059678439284e+05 1.880707716088944603e-02 1.775343514301117726e-02 2.928485905301318226e+01 1.927892778156520964e-02
2.384000000000000000e+03 6.024172791505052010e+05 1.859753234520023987e-02 1.964883677638647533e-02 2.926703927918578074e+01 1.927242282889997729e-02
2.385000000000000000e+03 6.051570179803053616e+05 1.838164981844044032e-02 1.998825401201523994e-02 2.924921243082217970e+01 1.926268917620353738e-02
2.386000000000000000e+03 6.078793748842554633e+05 1.819028993585488155e-02 2.163236953463794701e-02 2.923124260737923663e+01 1.925233127006430872e-02
2.387000000000000000e+03 6.104221242520990781e+05 1.803256205690070141e-02 2.434268407019533551e-02 2.921324356177083459e+01 1.923958247841724839e-02
2.388000000000000000e+03 6.127021082688635215e+05 1.785251394927496460e-02 2.618701394621740855e-02 2.919511748455646583e+01 1.922596810768442688e-02
2.389000000000000000e+03 6.148445316756800748e+05 1.762738088659830671e-02 2.627262074521100402e-02 2.917695729210875655e+01 1.921226411664933922e-02
2.390000000000000000e+03 6.170038338995591039e+05 1.741884194365949518e-02 2.668216186650252189e-02 2.915868843242622788e+01 1.919844720296600207e-02
2.391000000000000000e+03 6.191526854973885929e+05 1.726077463232703751e-02 2.599743056640909170e-02 2.914034998722895509e+01 1.918457766109089163e-02
2.392000000000000000e+03 6.213833105630206410e+05 1.709728746842742453e-02 2.489412709259884726e-02 2.912189943990997421e+01 1.917062333530664131e-02
2.393000000000000000e+03 6.237357591843752889e+05 1.689114972803875542e-02 2.513202992683613926e-02 2.910337061477337173e+01 1.915660980725864340e-02
2.394000000000000000e+03 6.260909885161181446e+05 1.668078780057969182e-02 2.388607097120790806e-02 2.908473371082869718e+01 1.914251453817217632e-02
2.395000000000000000e+03 6.285991363449802157e+05 1.649466818061044726e-02 2.283921900277628356e-02 2.906601516840649424e+01 1.912835752512264884e-02
2.396000000000000000e+03 6.312723029441199033e+05 1.630719764814351005e-02 1.539493268628889903e-02 2.904718988050401407e+01 1.911411977944324492e-02
2.397000000000000000e+03 6.353130484175791498e+05 1.609889934200252337e-02 1.378357619503304404e-02 2.902828290906547437e+01 1.909982025572258893e-02
2.398000000000000000e+03 6.398215406342716888e+05 1.590250010893552376e-02 1.380044165051397265e-02 2.900926602435596635e+01 1.908543760354159194e-02
2.399000000000000000e+03 6.443758375688355882e+05 1.574087450675587530e-02 1.536634111995592925e-02 2.899019674751489006e+01 1.907724103848631655e-02
2.400000000000000000e+03 6.485157873394108610e+05 1.557895759236427140e-02 1.588658184772020338e-02 2.897102782561886158e+01 1.907322429600520272e-02
2.401000000000000000e+03 6.525578730959454551e+05 1.539486721746692599e-02 1.572810020613637019e-02 2.895181739505082774e+01 1.908705576497287185e-02
2.402000000000000000e+03 6.566913769232379273e+05 1.519418460790848864e-02 1.585140894016467961e-02 2.893249552982950945e+01 1.911104869135513487e-02
2.403000000000000000e+03 6.608566077147106407e+05 1.498124855614907380e-02 1.478535221893949834e-02 2.891315759170676714e+01 1.913566987731340693e-02
2.404000000000000000e+03 6.653746842304496095e+05 1.477861666845441818e-02 1.383937979847876809e-02 2.889369448231333593e+01 1.916070671614874751e-02
2.405000000000000000e+03 6.702681336908891099e+05 1.459353278942544796e-02 1.601602104090051049e-02 2.887423671169824857e+01 1.918573668731817297e-02
2.406000000000000000e+03 6.745540817926155869e+05 1.440476543281773991e-02 1.571073190334708672e-02 2.885462829325217626e+01 1.921096044794790361e-02
2.407000000000000000e+03 6.789790949300533393e+05 1.420784676305228075e-02 1.741692485533803333e-02 2.883511481920441710e+01 1.923606207456754827e-02
2.408000000000000000e+03 6.830253339382106205e+05 1.401078985777549565e-02 1.770966754392763742e-02 2.881543243187966752e+01 1.926138098684324063e-02
2.409000000000000000e+03 6.870781311640619533e+05 1.381455597329886084e-02 1.816236161685288314e-02 2.879581565962029899e+01 1.928661549360160404e-02
2.410000000000000000e+03 6.910755578888853779e+05 1.361923163843059732e-02 2.042256245648496268e-02 2.877602932974555472e+01 1.931206811487619357e-02
2.411000000000000000e+03 6.946739005464522634e+05 1.343036796425895428e-02 2.207618461211635283e-02 2.875625792373190848e+01 1.933750153848315390e-02
2.412000000000000000e+03 6.980481030866608489e+05 1.325952573692840662e-02 2.439957598203838438e-02 2.873635607986709317e+01 1.936310275395685537e-02
2.413000000000000000e+03 7.011442392498316476e+05 1.310621574580922086e-02 2.536042601684945774e-02 2.871642263939916973e+01 1.938874461448082676e-02
2.414000000000000000e+03 7.041530713487524772e+05 1.296342827568234754e-02 2.462692408531912472e-02 2.869642796066550972e+01 1.938172597775919201e-02
2.415000000000000000e+03 7.072857561157008167e+05 1.280369222657853912e-02 2.417149244537348737e-02 2.867637565061329852e+01 1.934078198162089007e-02
2.416000000000000000e+03 7.105213566236175830e+05 1.261139720370113917e-02 2.177058045142378495e-02 2.865618601490685435e+01 1.929048883953124113e-02
2.417000000000000000e+03 7.141630325616253540e+05 1.244747243008693591e-02 2.050924910225132916e-02 2.863581025499757260e+01 1.923549857479331729e-02
2.418000000000000000e+03 7.180825261303765001e+05 1.232618143553338569e-02 1.733458347050579815e-02 2.861531005691685436e+01 1.917985933255142786e-02
2.419000000000000000e+03 7.227854638186525553e+05 1.220398433407129946e-02 1.790429421791777526e-02 2.859461337006570503e+01 1.912364882862482157e-02
2.420000000000000000e+03 7.273639864718307508e+05 1.206540324520698898e-02 1.949664162506912005e-02 2.857385232973944511e+01 1.906726354593813941e-02
2.421000000000000000e+03 7.316358795470960904e+05 1.189510419532539484e-02 1.925588801274009942e-02 2.855291509923916848e+01 1.901039974519011175e-02
2.422000000000000000e+03 7.360214859379610280e+05 1.172678512270998105e-02 1.418199816514727207e-02 2.853184633908286827e+01 1.895317872068450621e-02
2.423000000000000000e+03 7.420384422539400402e+05 1.159433378840787204e-02 1.403590673954699906e-02 2.851060193073810467e+01 1.889548065010586420e-02
2.424000000000000000e+03 7.481889822265753755e+05 1.146454854575661153e-02 1.406797217800023585e-02 2.848915265171152811e+01 1.883722616755907631e-02
2.425000000000000000e+03 7.543968944376497529e+05 1.132429576088702164e-02 1.642391406572699802e-02 2.846760014050695986e+01 1.877869131488406687e-02
2.426000000000000000e+03 7.598287174197651912e+05 1.119280938414724327e-02 1.672892307371011064e-02 2.844585356066552961e+01 1.872543169283702458e-02
2.427000000000000000e+03 7.651845942672989331e+05 1.104606295153165441e-02 1.819591373221892197e-02 2.842403740496574827e+01 1.869796652734866116e-02
2.428000000000000000e+03 7.701770735547589138e+05 1.085081668659697123e-02 1.808428485545549025e-02 2.840207259260727923e+01 1.869336972471285704e-02
2.429000000000000000e+03 7.753055754179585492e+05 1.067666176646163943e-02 1.981629615541723871e-02 2.837996389487711468e+01 1.871357385887244262e-02
2.430000000000000000e+03 7.800333029089240590e+05 1.055406813223421468e-02 2.251552594739008803e-02 2.835784775839713490e+01 1.873495684189484603e-02
2.431000000000000000e+03 7.842512733940163162e+05 1.040041447025700713e-02 2.369773491408363325e-02 2.833558370794584036e+01 1.875677397902053220e-02
2.432000000000000000e+03 7.883071442188696237e+05 1.021022987818096146e-02 2.631223632992712308e-02 2.831340035591727755e+01 1.877851203760845175e-02
2.433000000000000000e+03 7.920353779287408106e+05 1.002000921192063715e-02 2.381018130060461035e-02 2.829107300116169199e+01 1.880039120831111105e-02
2.434000000000000000e+03 7.962579775371352443e+05 9.852616497393605274e-03 1.721031745221965684e-02 2.826860960825348457e+01 1.882240368642953271e-02
2.435000000000000000e+03 8.022255023820338538e+05 9.711724612443135840e-03 1.372746763181017376e-02 2.824616452728539784e+01 1.884439822018920199e-02
2.436000000000000000e+03 8.097293744250227464e+05 9.572094952419582178e-03 1.714680832521422657e-02 2.822358460175906458e+01 1.886652489172965450e-02
2.437000000000000000e+03 8.159650292619722895e+05 9.415018838477472174e-03 1.889971817512458435e-02 2.820104337941462447e+01 1.888861363698942156e-02
2.438000000000000000e+03 8.215901443387570325e+05 9.232760501174218024e-03 1.892201413485222403e-02 2.817837936113804886e+01 1.891082271325974368e-02
2.439000000000000000e+03 8.273134289147129748e+05 9.083624163062766627e-03 1.893989080934722555e-02 2.815553801641704013e+01 1.893320555644470438e-02
2.440000000000000000e+03 8.331193649066527141e+05 8.959754448197824669e-03 1.895318569156747776e-02 2.813281334983001969e+01 1.894657606224974672e-02
2.441000000000000000e+03 8.390121164190721465e+05 8.791759982169701157e-03 1.896626353234368359e-02 2.810994395057325335e+01 1.895979532088520880e-02
2.442000000000000000e+03 8.450022524913217640e+05 8.619180160364205145e-03 1.897922056170755697e-02 2.808699207749699411e+01 1.897273174380215838e-02
2.443000000000000000e+03 8.511217978588305414e+05 8.475983847776667746e-03 1.899223135071184676e-02 2.806395440463615287e+01 1.898570937961295557e-02
2.444000000000000000e+03 8.573400942065319978e+05 8.349847991948596698e-03 1.900525588408950167e-02 2.804079638021800491e+01 1.899875332181073448e-02
2.445000000000000000e+03 8.636341292433635099e+05 8.214832422837443915e-03 1.901829156858977216e-02 2.801770727207124878e+01 1.901175844636827234e-02
2.446000000000000000e+03 8.700357369207403390e+05 8.057135526092140329e-03 1.903140480062471759e-02 2.799450965257275925e+01 1.902482469081126851e-02
2.447000000000000000e+03 8.765550001193085918e+05 7.909519074119956972e-03 1.904457015833503283e-02 2.797114519090565565e+01 1.903798491043816668e-02
2.448000000000000000e+03 8.831979254916622303e+05 7.758840894700686289e-03 1.905774411705760465e-02 2.794776248508208383e+01 1.905115540623189899e-02
2.449000000000000000e+03 8.899668060395906214e+05 7.585858291647353847e-03 1.907051053551160613e-02 2.792436748319195772e+01 1.906433282788331032e-02
2.450000000000000000e+03 8.968678227428065147e+05 7.455139325067689296e-03 1.907917692749314803e-02 2.790086174235943872e+01 1.907668824313990194e-02
2.451000000000000000e+03 9.039051711686501512e+05 7.364136690949388275e-03 1.907995263828786425e-02 2.787726052379764852e+01 1.908166561184639065e-02
2.452000000000000000e+03 9.110215988965519937e+05 7.256753262300522783e-03 1.907362652906699485e-02 2.785362865181547321e+01 1.907823966472933785e-02
2.453000000000000000e+03 9.182425934134004638e+05 7.095881654991980855e-03 1.906419088521498287e-02 2.782989915207578946e+01 1.906901339340464838e-02
2.454000000000000000e+03 9.256422205123666208e+05 6.925187515228128574e-03 1.905451853127086009e-02 2.780610649413358715e+01 1.905936837702531736e-02
2.455000000000000000e+03 9.332193461808281718e+05 6.808526290363851527e-03 1.904478961885508470e-02 2.778217896170232848e+01 1.904966868551640283e-02
2.456000000000000000e+03 9.409501863193322206e+05 6.683362966570053146e-03 1.903505002478313862e-02 2.775810726299609854e+01 1.903991055219376657e-02
2.457000000000000000e+03 9.488015544827627018e+05 6.545455840180377030e-03 1.902528824949397887e-02 2.773412703081160302e+01 1.903018949737250720e-02
2.458000000000000000e+03 9.568361510782121914e+05 6.433385656786363808e-03 1.901545224348195201e-02 2.770994589732723412e+01 1.902038700161545054e-02
2.459000000000000000e+03 9.650219643364137737e+05 6.339433633222696721e-03 1.900560820095446857e-02 2.768559943534518908e+01 1.901051748534845695e-02
2.460000000000000000e+03 9.733033601301142480e+05 6.208642080413194660e-03 1.899575938305308673e-02 2.766137865235564774e+01 1.900069891656048018e-02
2.461000000000000000e+03 9.817996660640885821e+05 6.033408903354797737e-03 1.898547665540124135e-02 2.763700863026065591e+01 1.899081984954569327e-02
2.462000000000000000e+03 9.905227436727284221e+05 5.914360216139849524e-03 1.897366143483414369e-02 2.761247949779190947e+01 1.898013346125678596e-02
2.463000000000000000e+03 9.994460527026139898e+05 5.820762719805736007e-03 1.896015469680088425e-02 2.758791090273968294e+01 1.896718940841150489e-02
2.464000000000000000e+03 1.008507613319605938e+06 5.696547478743813411e-03 1.894589017536948278e-02 2.756334885041533411e+01 1.895311998519026361e-02
2.465000000000000000e+03 1.017762512099391315e+06 5.585689374657231906e-03 1.893136227889772802e-02 2.753861875114368729e+01 1.893866036554822316e-02
2.466000000000000000e+03 1.027244729296247126e+06 5.462352160767251254e-03 1.891683156058289461e-02 2.751370026083769460e+01 1.892406419224769432e-02
2.467000000000000000e+03 1.036912585321810446e+06 5.320968927459747595e-03 1.890230502207054103e-02 2.748900525916631565e+01 1.890959892891809144e-02
2.468000000000000000e+03 1.046859634181687026e+06 5.199465690762122318e-03 1.888765675758778684e-02 2.746410104032330324e+01 1.889501111522299409e-02
2.469000000000000000e+03 1.057062467615255620e+06 5.118995941525896626e-03 1.887300707216888959e-02 2.743899041911232572e+01 1.888030239995257958e-02
2.470000000000000000e+03 1.067386407671350054e+06 5.025570039792841802e-03 1.885837006040545771e-02 2.741408134864378709e+01 1.886571174438519960e-02
2.471000000000000000e+03 1.077947021124434192e+06 4.875882174991319831e-03 1.884365009227246396e-02 2.738901400019400256e+01 1.885102837642571236e-02
2.472000000000000000e+03 1.088830295905836392e+06 4.734830145148749558e-03 1.882890661799561591e-02 2.736380765953122207e+01 1.883627180811921209e-02
2.473000000000000000e+03 1.100067788273615297e+06 4.638795209127483804e-03 1.882793439856115386e-02 2.733860210788973077e+01 1.882154142787201972e-02
2.474000000000000000e+03 1.111490922061151359e+06 4.552431515530124678e-03 1.884376178565525320e-02 2.731345695324671397e+01 1.883432736925028800e-02
2.475000000000000000e+03 1.123157956033796072e+06 4.431139757031085126e-03 1.886297422703391707e-02 2.728820192160156211e+01 1.885319620206021840e-02
2.476000000000000000e+03 1.135136755061585922e+06 4.286939604116095717e-03 1.888239287365106600e-02 2.726282779295832270e+01 1.887275225200761575e-02
2.477000000000000000e+03 1.147474332170837093e+06 4.163556983554536975e-03 1.890175277777537619e-02 2.723781022811881769e+01 1.889203349529451972e-02
2.478000000000000000e+03 1.160205076802116353e+06 4.073184271092511813e-03 1.892121742786416483e-02 2.721258853716868487e+01 1.891147206025623265e-02
2.479000000000000000e+03 1.173213646169824526e+06 3.990424242297395049e-03 1.894057881617386419e-02 2.718729915490339977e+01 1.893096279547209354e-02
2.480000000000000000e+03 1.186392506058505736e+06 3.867107795181751878e-03 1.895985595208614372e-02 2.716234542989461431e+01 1.895019483687563483e-02
2.481000000000000000e+03 1.200091729136599228e+06 3.724866523104157501e-03 1.897917683531512648e-02 2.713727468392617226e+01 1.896951706729665260e-02
2.482000000000000000e+03 1.214236557768259663e+06 3.635074785222720470e-03 1.899838616561232152e-02 2.711220743394225252e+01 1.898883660333360035e-02
2.483000000000000000e+03 1.228742536405026447e+06 3.542234338083245435e-03 1.901131632968941498e-02 2.708722067117865961e+01 1.900793572789104616e-02
2.484000000000000000e+03 1.243615641516276635e+06 3.426334449089490919e-03 1.900612513236462492e-02 2.706236674465877456e+01 1.901469693148778034e-02
2.485000000000000000e+03 1.258965891341940966e+06 3.330290493765640861e-03 1.898113078231411510e-02 2.703747236248111818e+01 1.899755333324146950e-02
2.486000000000000000e+03 1.274824761481484398e+06 3.220321013940080374e-03 1.894789778604306918e-02 2.701255199120954487e+01 1.896470823138676071e-02
2.487000000000000000e+03 1.291195813227009960e+06 3.124295123840527266e-03 1.891420445022370250e-02 2.698776767442980073e+01 1.893108734069937418e-02
2.488000000000000000e+03 1.308140740274620242e+06 3.056097968390006879e-03 1.888047314681652600e-02 2.696287654887353469e+01 1.889732155974803429e-02
2.489000000000000000e+03 1.325506490495554172e+06 2.962745378201161496e-03 1.884690230807704869e-02 2.693803625494955511e+01 1.886362473388502117e-02
2.490000000000000000e+03 1.343340048976810183e+06 2.848790727169529802e-03 1.881336604674135188e-02 2.691338170891719273e+01 1.883017988226907274e-02
2.491000000000000000e+03 1.362124914452235214e+06 2.754355235067991112e-03 1.877984541428582427e-02 2.688859239385256217e+01 1.879655221121363101e-02
2.492000000000000000e+03 1.381431581227481365e+06 2.690395120400609560e-03 1.874650850637873956e-02 2.686396089010784749e+01 1.876313861735802099e-02
2.493000000000000000e+03 1.401268079302100930e+06 2.591557525475272211e-03 1.871325610162331843e-02 2.683944244754634312e+01 1.872987839539946159e-02
2.494000000000000000e+03 1.421991581918662414e+06 2.481471642697638882e-03 1.868789307193594734e-02 2.681493553020233023e+01 1.869663380784717874e-02
2.495000000000000000e+03 1.443537893505892251e+06 2.414869373063326802e-03 1.867733056365953465e-02 2.679054470263208643e+01 1.867915233602471248e-02
2.496000000000000000e+03 1.465786450002480764e+06 2.328422653434364040e-03 1.868458990516888574e-02 2.676622109116613402e+01 1.867550879129435334e-02
2.497000000000000000e+03 1.488711144084192812e+06 2.218510551242047595e-03 1.870304822122463573e-02 2.674220844773320138e+01 1.869367101904341466e-02
2.498000000000000000e+03 1.512972473806319758e+06 2.121634937622155978e-03 1.872185616199085675e-02 2.671822967849676189e+01 1.871242542340585333e-02
2.499000000000000000e+03 1.538233398245768156e+06 2.047133205344026530e-03 1.874049027887515068e-02 2.669438711680557219e+01 1.873128690057586018e-02
2.500000000000000000e+03 1.564161529988536146e+06 1.970319114285309838e-03 1.875886136574700380e-02 2.667111936180522846e+01 1.874969365717443770e-02
2.501000000000000000e+03 1.591341139726041816e+06 1.875112578345313873e-03 1.877717480873383749e-02 2.664794178613201225e+01 1.876802907431956990e-02
2.502000000000000000e+03 1.619824896755026653e+06 1.790848349986367410e-03 1.879530092999015523e-02 2.662481976498616376e+01 1.878632054314810854e-02
2.503000000000000000e+03 1.649582855467492715e+06 1.711337168476153442e-03 1.881310561870980572e-02 2.660211577151181928e+01 1.880428131683219845e-02
2.504000000000000000e+03 1.680656260616902262e+06 1.622136696141786294e-03 1.883072004263065813e-02 2.657980638821143771e+01 1.882192992058741299e-02
2.505000000000000000e+03 1.713413673933723010e+06 1.536358091951917472e-03 1.884819099077834556e-02 2.655758341752890317e+01 1.883951016467390674e-02
2.506000000000000000e+03 1.748291273349112831e+06 1.463621482295297468e-03 1.886398669343000017e-02 2.653563676615478073e+01 1.885687181688278438e-02
2.507000000000000000e+03 1.784568231947973836e+06 1.404475169466363332e-03 1.887688185517772538e-02 2.651412883909797102e+01 1.887110156997721597e-02
2.508000000000000000e+03 1.822239700602341909e+06 1.337656548494439972e-03 1.888717353824432080e-02 2.649296525979814021e+01 1.888266214037823826e-02
2.509000000000000000e+03 1.861896551425603684e+06 1.255697400884852070e-03 1.889604270545283335e-02 2.647234426973211185e+01 1.889168493611019170e-02
2.510000000000000000e+03 1.904267348592346068e+06 1.174172884095213290e-03 1.890463816096238023e-02 2.645174782953472814e+01 1.890040047479547500e-02
2.511000000000000000e+03 1.949881755178135820e+06 1.100500009411178566e-03 1.891302303510038890e-02 2.643158306675346125e+01 1.890887584712928546e-02
2.512000000000000000e+03 1.998175803461143747e+06 1.039526192944114280e-03 1.892121484210550555e-02 2.641184893393788968e+01 1.891717022307167276e-02
2.513000000000000000e+03 2.049112357024348807e+06 9.815389709650346184e-04 1.892917621276657414e-02 2.639260286895248342e+01 1.892525946113916141e-02
2.514000000000000000e+03 2.103256657104665413e+06 9.183398142569216584e-04 1.893697004926404512e-02 2.637396525296798444e+01 1.893309296439415340e-02
2.515000000000000000e+03 2.161035849933017045e+06 8.545387502476640799e-04 1.894456991116889172e-02 2.635551638875176295e+01 1.894084713413393684e-02
2.516000000000000000e+03 2.223366242277133279e+06 7.920720380138159466e-04 1.895200367705791172e-02 2.633780178865144350e+01 1.894829268820384660e-02
2.517000000000000000e+03 2.290682298888990190e+06 7.317557857497046167e-04 1.895923288407273810e-02 2.632014328186760821e+01 1.895571466591197338e-02
2.518000000000000000e+03 2.363748736896664370e+06 6.737015320724944276e-04 1.896625637822537888e-02 2.630340206228919442e+01 1.896275110223350630e-02
2.519000000000000000e+03 2.443123797824017238e+06 6.185500986928629558e-04 1.897306074140805293e-02 2.628672242720649876e+01 1.896976165421725147e-02
2.520000000000000000e+03 2.529946909769108519e+06 5.667456833528265910e-04 1.897960975853046559e-02 2.627102392855014656e+01 1.897635982859885093e-02
2.521000000000000000e+03 2.624735586345518008e+06 5.169842326521606208e-04 1.898160682780438910e-02 2.625555934161624450e+01 1.898285968846208024e-02
2.522000000000000000e+03 2.729228023135228083e+06 4.695690575418610632e-04 1.897486911794272341e-02 2.624085944255842051e+01 1.898035396714669795e-02
2.523000000000000000e+03 2.843913027453363407e+06 4.234230711035003947e-04 1.896378175856026915e-02 2.622687935652212943e+01 1.896938426873874539e-02
2.524000000000000000e+03 2.974457949348586146e+06 3.798019510775523574e-04 1.895128798725196489e-02 2.621289593426224229e+01 1.895817924838179638e-02
2.525000000000000000e+03 3.122906843983947299e+06 nan nan 2.620070320612936854e+01 1.894439672612213341e-02
