# depth age thinning accu x_origin accu_steady
0.000000000000000000e+00 -1.711421663658199677e+01 9.999335307633425707e-01 2.963397689016253680e-02 6.299992230625941048e+00 1.983067036259961169e-02
1.000000000000000000e+00 -5.118575796559627911e+00 9.998007622880755729e-01 2.974543539692258917e-02 6.299832083074178080e+00 1.983068888906491106e-02
2.000000000000000000e+00 6.803163641195282274e+00 9.996623838772339399e-01 2.982463263914451879e-02 6.299672323905574522e+00 1.983070737060059832e-02
3.000000000000000000e+00 1.973157929782624009e+01 9.995102356245271213e-01 2.982466453968329878e-02 6.299498612984393731e+00 1.983072746612699055e-02
4.000000000000000000e+00 3.409527580988924456e+01 9.993421075553350352e-01 2.983343276066559302e-02 6.299305617012744385e+00 1.983074979261985338e-02
5.000000000000000000e+00 4.989036117427798445e+01 9.991639496013275945e-01 2.950824647238415102e-02 6.299093326728737452e+00 1.983077435115063875e-02
6.000000000000000000e+00 6.623254178286524052e+01 9.989891916082744849e-01 2.945191315606239882e-02 6.298876079813449991e+00 1.983079948308298993e-02
7.000000000000000000e+00 8.161990624552738893e+01 9.988159635976507911e-01 2.953883164094273789e-02 6.298671914002214045e+00 1.983082310174449914e-02
8.000000000000000000e+00 9.767334836981065394e+01 9.986372956495002118e-01 2.817886166980240747e-02 6.298458281820972005e+00 1.983084781551095604e-02
9.000000000000000000e+00 1.148037157103094472e+02 9.984584577033017716e-01 2.740822680307739012e-02 6.298240920395202558e+00 1.983087296069030447e-02
1.000000000000000000e+01 1.321445590641689307e+02 9.982779197766262769e-01 2.756009326146011476e-02 6.298026801571752209e+00 1.983089773075334336e-02
1.100000000000000000e+01 1.499878189310834671e+02 9.980980618421416706e-01 2.783533099646027728e-02 6.297805259302860392e+00 1.983092335958819979e-02
1.200000000000000000e+01 1.669380468252131493e+02 9.979163339291321488e-01 2.811431283435229453e-02 6.297592704554475951e+00 1.983094794871320676e-02
1.300000000000000000e+01 1.847923286744748452e+02 9.977281460903093535e-01 2.830189932813008402e-02 6.297366567521101466e+00 1.983097410908753189e-02
1.400000000000000000e+01 2.026926070807689655e+02 9.975389382632002810e-01 2.858743882896689487e-02 6.297138335409732335e+00 1.983100051182828255e-02
1.500000000000000000e+01 2.204494209276583945e+02 9.973504104282819860e-01 2.885283825573102881e-02 6.296909649463833247e+00 1.983102696707030391e-02
1.600000000000000000e+01 2.378880466473203512e+02 9.971579726382664433e-01 2.885369251684134426e-02 6.296682973536237071e+00 1.983105318978592088e-02
1.700000000000000000e+01 2.562145757678770792e+02 9.969592449204851548e-01 2.834907736038266846e-02 6.296444753613904766e+00 1.983108074795384909e-02
1.800000000000000000e+01 2.751611230775123431e+02 9.967571172417495351e-01 2.815084303512047428e-02 6.296202788978502163e+00 1.983110873932412976e-02
1.900000000000000000e+01 2.946003602036058169e+02 9.965524395922982226e-01 2.813438057812521140e-02 6.295956255521727662e+00 1.983113725923268608e-02
2.000000000000000000e+01 3.141846690313205386e+02 9.963424920033676635e-01 2.806087016224849753e-02 6.295708027563112097e+00 1.983116597516752788e-02
2.100000000000000000e+01 3.347023425889120745e+02 9.961298244456735507e-01 2.804631711597653856e-02 6.295448648705620265e+00 1.983119598107988685e-02
2.200000000000000000e+01 3.548770777919593229e+02 9.959171568879796599e-01 2.730124972506963593e-02 6.295193737126053790e+00 1.983122547020089305e-02
2.300000000000000000e+01 3.759766510047238057e+02 9.957002393790925776e-01 2.699989459994332416e-02 6.294934247551120521e+00 1.983125548892145790e-02
2.400000000000000000e+01 3.977876843161153033e+02 9.954802619053467749e-01 2.753774369751966697e-02 6.294668942924698918e+00 1.983128618034883661e-02
2.500000000000000000e+01 4.193147731577419677e+02 9.952582444550283070e-01 2.833355076190701566e-02 6.294401934039445479e+00 1.983131706893122292e-02
2.600000000000000000e+01 4.404952259864398343e+02 9.950355470125189505e-01 2.827792740298635393e-02 6.294131573561569937e+00 1.983134834523833309e-02
2.700000000000000000e+01 4.615928299387557558e+02 9.948106395953892900e-01 2.834890259448843985e-02 6.293862799004823039e+00 1.983137943808017598e-02
2.800000000000000000e+01 4.831903344398190825e+02 9.945813122290190211e-01 2.831308936357347650e-02 6.293586964940248052e+00 1.983141134759218091e-02
2.900000000000000000e+01 5.051107788520957911e+02 9.943492648938851985e-01 2.791829204821350344e-02 6.293307361220324303e+00 1.983144369319195591e-02
3.000000000000000000e+01 5.275759492753415998e+02 9.941155175782743214e-01 2.771994765020141527e-02 6.293024809099542871e+00 1.983147637987372688e-02
3.100000000000000000e+01 5.503056477004595308e+02 9.938812602685201947e-01 2.827888709533639411e-02 6.292740954635653416e+00 1.983150921721539561e-02
3.200000000000000000e+01 5.725964730736857291e+02 9.936451329802411525e-01 2.907196843579736012e-02 6.292457033302374825e+00 1.983154206229276878e-02
3.300000000000000000e+01 5.946254404844785313e+02 9.934071357134373059e-01 2.927862452905485510e-02 6.292168510605895548e+00 1.983157543967297223e-02
3.400000000000000000e+01 6.165052014552084074e+02 9.931679484602994323e-01 2.994675484571677343e-02 6.291879918822222528e+00 1.983160882504544226e-02
3.500000000000000000e+01 6.381156035026293694e+02 9.929272312247321430e-01 2.997145786034361228e-02 6.291588370960053744e+00 1.983164255238808321e-02
3.600000000000000000e+01 6.597773514154686154e+02 9.926824340360195231e-01 2.813184309723566062e-02 6.291295927508079089e+00 1.983167638333588681e-02
3.700000000000000000e+01 6.835891630567264201e+02 9.924338968902571834e-01 2.718665186189755945e-02 6.290994335331147269e+00 1.983171127264227174e-02
3.800000000000000000e+01 7.082187371179340971e+02 9.921855297425425935e-01 2.674825930668053159e-02 6.290692667665430449e+00 1.983174617068148016e-02
3.900000000000000000e+01 7.332255338504655811e+02 9.919361426065417264e-01 2.660150149649657958e-02 6.290391337306119546e+00 1.983178102969982565e-02
4.000000000000000000e+01 7.586189406659468659e+02 9.916845454959204442e-01 2.804281696541612023e-02 6.290087041032350612e+00 1.983181623182620618e-02
4.100000000000000000e+01 7.829219690182839031e+02 9.914305684126312190e-01 2.928275180827493232e-02 6.289780189658540799e+00 1.983185172953607495e-02
4.200000000000000000e+01 8.064379673573456557e+02 9.911748913488647172e-01 3.052120454972340191e-02 6.289469954955226427e+00 1.983188761864210226e-02
4.300000000000000000e+01 8.290806681436550889e+02 9.909176843026687997e-01 3.193220567128873810e-02 6.289158813863738651e+00 1.983192361260249087e-02
4.400000000000000000e+01 8.509151090053566122e+02 9.906577572877095506e-01 3.136231428028078000e-02 6.288844698889131557e+00 1.983195995059275352e-02
4.500000000000000000e+01 8.734248314680301064e+02 9.903974902766546906e-01 2.903729598173424020e-02 6.288526780782692782e+00 1.983199672854347312e-02
4.600000000000000000e+01 8.975150693031380342e+02 9.901360332792659147e-01 2.856839691588135624e-02 6.288211673857298400e+00 1.983203318128630085e-02
4.700000000000000000e+01 9.224550048112450895e+02 9.898710063228750577e-01 2.786872509751275526e-02 6.287890692873784992e+00 1.983207031356204811e-02
4.800000000000000000e+01 9.482581348189169148e+02 9.896056393703887011e-01 2.795502115863572265e-02 6.287566729774407115e+00 1.983210779082006728e-02
4.900000000000000000e+01 9.738245119238960115e+02 9.893373824510911518e-01 2.874858964390334878e-02 6.287244749132896438e+00 1.983214503873997545e-02
5.000000000000000000e+01 9.993947836031153429e+02 9.890653855747437717e-01 2.910825003753723245e-02 6.286913573914167053e+00 1.983218335032282606e-02
5.100000000000000000e+01 1.024656413199837061e+03 9.887942386886351409e-01 2.963005729610440619e-02 6.286582307668775016e+00 1.983222167243597900e-02
5.200000000000000000e+01 1.049324205965301417e+03 9.885222418122878718e-01 2.956184004647945465e-02 6.286253021612869141e+00 1.983225976547343603e-02
5.300000000000000000e+01 1.074367191550026519e+03 9.882490549496065757e-01 2.897923435950451945e-02 6.285919501897748063e+00 1.983229834827636082e-02
5.400000000000000000e+01 1.099825336296857358e+03 9.879733181162095867e-01 2.905376305637906442e-02 6.285587133308521146e+00 1.983233679791275225e-02
5.500000000000000000e+01 1.125795887328062918e+03 9.876926513394286289e-01 2.952376949137222595e-02 6.285247210281093899e+00 1.983237612147469714e-02
5.600000000000000000e+01 1.151702853129901769e+03 9.874119845626478931e-01 2.985496489082788141e-02 6.284902629472342461e+00 1.983241598386613347e-02
5.700000000000000000e+01 1.176992506452804719e+03 9.871313177858669352e-01 3.078332388341938758e-02 6.284562513303819209e+00 1.983245532977135489e-02
5.800000000000000000e+01 1.201854370083304048e+03 9.868501410149429498e-01 3.057418604377238128e-02 6.284217736651826591e+00 1.983249521481866839e-02
5.900000000000000000e+01 1.226653987261779776e+03 9.865672642635417988e-01 2.963956739622837511e-02 6.283876181911303149e+00 1.983253472714325769e-02
6.000000000000000000e+01 1.252802028724511047e+03 9.862797975648522897e-01 2.927596708350208021e-02 6.283527056934994803e+00 1.983257511522092467e-02
6.100000000000000000e+01 1.279564179693844380e+03 9.859911408798287535e-01 2.903121415766761818e-02 6.283174092988965675e+00 1.983261594740490588e-02
6.200000000000000000e+01 1.306496304279216929e+03 9.857016342045665791e-01 2.925403256200821700e-02 6.282821856510813596e+00 1.983265669543269119e-02
6.300000000000000000e+01 1.333453311987676216e+03 9.854099175546842115e-01 2.975853063898730930e-02 6.282466608167124100e+00 1.983269779188430448e-02
6.400000000000000000e+01 1.360146156279217394e+03 9.851185409008971217e-01 3.003605095961519103e-02 6.282108761004137065e+00 1.983273918897700966e-02
6.500000000000000000e+01 1.386354866580966018e+03 9.848273342451577816e-01 3.045073407634916324e-02 6.281754133981120702e+00 1.983278021355193085e-02
6.600000000000000000e+01 1.412426079634376265e+03 9.845315376421300835e-01 2.945599167404590324e-02 6.281396491105939006e+00 1.983282158701186668e-02
6.700000000000000000e+01 1.440035074307845434e+03 9.842335310644820812e-01 2.776990016146448775e-02 6.281030421061934099e+00 1.983286393535807837e-02
6.800000000000000000e+01 1.469074841582704494e+03 9.839362044790249673e-01 2.811208243888998690e-02 6.280667153039657613e+00 1.983290595955597771e-02
6.900000000000000000e+01 1.497868868261286025e+03 9.836376879072338264e-01 2.867764245077935800e-02 6.280302526581956535e+00 1.983294814090275082e-02
7.000000000000000000e+01 1.526230382902600468e+03 9.833383213452040472e-01 2.887890155327930627e-02 6.279936124058992597e+00 1.983299052771136592e-02
7.100000000000000000e+01 1.554434893829546809e+03 9.830372548026972135e-01 2.898155433368170344e-02 6.279569193554517703e+00 1.983303297559884867e-02
7.200000000000000000e+01 1.582835142119510238e+03 9.827331282953314373e-01 2.883091898228007724e-02 6.279198401146493858e+00 1.983307587024572133e-02
7.300000000000000000e+01 1.611681506754509655e+03 9.824273018074884956e-01 2.870894528737125834e-02 6.278823743303978411e+00 1.983311921206045228e-02
7.400000000000000000e+01 1.640692438687322920e+03 9.821194353430728885e-01 2.827475676606660063e-02 6.278448552014112671e+00 1.983316261558636107e-02
7.500000000000000000e+01 1.670517935075446076e+03 9.818134388571821969e-01 2.858251758616706106e-02 6.278068656066550624e+00 1.983320656336459362e-02
7.600000000000000000e+01 1.699320528839737563e+03 9.815055723927665898e-01 2.909584500764371071e-02 6.277697818855497047e+00 1.983324946319444532e-02
7.700000000000000000e+01 1.728672234881604027e+03 9.811924359888718472e-01 2.852331595279671700e-02 6.277313095459862602e+00 1.983329396942985420e-02
7.800000000000000000e+01 1.758559784054060174e+03 9.808815095595972977e-01 2.839710215842808014e-02 6.276929084156321004e+00 1.983333839328779366e-02
7.900000000000000000e+01 1.788229589792087381e+03 9.805697331400842209e-01 2.888879565898769264e-02 6.276549544084974563e+00 1.983338229989694071e-02
8.000000000000000000e+01 1.817916980079099858e+03 9.802553456390734610e-01 2.876333326227284784e-02 6.276163200704710121e+00 1.983342699353820432e-02
8.100000000000000000e+01 1.847776460469873882e+03 9.799426006002438516e-01 2.822571602128355964e-02 6.275776354799188717e+00 1.983345683932587547e-02
8.200000000000000000e+01 1.878048737590254859e+03 9.796281790289385061e-01 2.949954130500759969e-02 6.275391570862508317e+00 1.983344989944077139e-02
8.300000000000000000e+01 1.907636706112275533e+03 9.793151090817977522e-01 3.038259166114062187e-02 6.274998722168271925e+00 1.983344281410133469e-02
8.400000000000000000e+01 1.935533693849535211e+03 9.790011943695540175e-01 2.979295523052724604e-02 6.274617034756463596e+00 1.983343593006452188e-02
8.500000000000000000e+01 1.964989887403202829e+03 9.786827179257546749e-01 2.944601045905001491e-02 6.274221842078669731e+00 1.983342880244947162e-02
8.600000000000000000e+01 1.994644772893953586e+03 9.783647483410169432e-01 2.901737035590231176e-02 6.273828611722798598e+00 1.983342171022646483e-02
8.700000000000000000e+01 2.024811018281980751e+03 9.780452581790940458e-01 2.855561521297157040e-02 6.273434415909175499e+00 1.983341460059065420e-02
8.800000000000000000e+01 2.055705658608345402e+03 9.777227268628005952e-01 2.822915599520799124e-02 6.273037160366786047e+00 1.983340743577019505e-02
8.900000000000000000e+01 2.087327954492744539e+03 9.773995197344249597e-01 2.956436100994941016e-02 6.272635166859452660e+00 1.983340018549676134e-02
9.000000000000000000e+01 2.117314094669935912e+03 9.770769884181315090e-01 2.970045087232379977e-02 6.272235971844666302e+00 1.983339298569637352e-02
9.100000000000000000e+01 2.147264524627105857e+03 9.767514159474675051e-01 2.921808822440988274e-02 6.271835387244518500e+00 1.983338576083370358e-02
9.200000000000000000e+01 2.178197056285889630e+03 9.764249987117006313e-01 2.857630398224898088e-02 6.271428380933229185e+00 1.983337842015035421e-02
9.300000000000000000e+01 2.209510586127367333e+03 9.760987504289544425e-01 2.860020087372738481e-02 6.271025430817806168e+00 1.983337115262373204e-02
9.400000000000000000e+01 2.241108184895992053e+03 9.757681093676731088e-01 3.030826769369398405e-02 6.270618570262236346e+00 1.983336381456920344e-02
9.500000000000000000e+01 2.271457375047500136e+03 9.754352719171240915e-01 3.051482921238609855e-02 6.270204438082491727e+00 1.983335634536513223e-02
9.600000000000000000e+01 2.301481447942479008e+03 9.751036171377192030e-01 3.011289458556397694e-02 6.269791842713430263e+00 1.983334890387867047e-02
9.700000000000000000e+01 2.331826309621282235e+03 9.747743277006024609e-01 2.721076752912250998e-02 6.269380365837168512e+00 1.983334148256511720e-02
9.800000000000000000e+01 2.365082211625292530e+03 9.744450382634857188e-01 2.673860507999874236e-02 6.268973369356681147e+00 1.983333414205907391e-02
9.900000000000000000e+01 2.399282997802785758e+03 9.741123697659572755e-01 2.760662134342035251e-02 6.268561612802603378e+00 1.983332671570130559e-02
1.000000000000000000e+02 2.432717681648312919e+03 9.737781806912435556e-01 2.757309512702998955e-02 6.268145932093504236e+00 1.983331921856827662e-02
1.010000000000000000e+02 2.466203058617094484e+03 9.734429778984063919e-01 2.800459505350907236e-02 6.267730107916118953e+00 1.983331171884768207e-02
1.020000000000000000e+02 2.499388493188041593e+03 9.731069303404663584e-01 2.898445963705962095e-02 6.267311616167352994e+00 1.983330417101530907e-02
1.030000000000000000e+02 2.531429407385171089e+03 9.727700380174233441e-01 3.009566569906358194e-02 6.266893399816896526e+00 1.983329662814996286e-02
1.040000000000000000e+02 2.562487932675288903e+03 9.724321319762569971e-01 3.049307661970776170e-02 6.266472512479674961e+00 1.983328903711124164e-02
1.050000000000000000e+02 2.593146010758107423e+03 9.720942259350904280e-01 2.991181464530400999e-02 6.266051478056986923e+00 1.983328144341971883e-02
1.060000000000000000e+02 2.624409832264692795e+03 9.717544614106974343e-01 3.073201253503094615e-02 6.265630296445992897e+00 1.983327384707353480e-02
1.070000000000000000e+02 2.655191520479165774e+03 9.714140210742222559e-01 3.115302616858198897e-02 6.265204332106424800e+00 1.983326616446702897e-02
1.080000000000000000e+02 2.685355845830906674e+03 9.710742565498293732e-01 2.957076244174761115e-02 6.264781167980179255e+00 1.983325853236460323e-02
1.090000000000000000e+02 2.717244144656790013e+03 9.707351678375188975e-01 2.977418623394085737e-02 6.264356590070756070e+00 1.983325087476347018e-02
1.100000000000000000e+02 2.748702349695514386e+03 9.703938827359406272e-01 3.088826068517977474e-02 6.263934815427616876e+00 1.983324326772148080e-02
1.110000000000000000e+02 2.779638565825436672e+03 9.700492185739508777e-01 3.166204862726226116e-02 6.263504453123776017e+00 1.983323550579418199e-02
1.120000000000000000e+02 2.809830761983378125e+03 9.697035406938374624e-01 3.223464679342601807e-02 6.263073937036376826e+00 1.983322774109327544e-02
1.130000000000000000e+02 2.839669477685294169e+03 9.693612418741358594e-01 3.285685374130058178e-02 6.262640733247136104e+00 1.983321992791752322e-02
1.140000000000000000e+02 2.868211137403576231e+03 9.690194499134958672e-01 3.164027474036946314e-02 6.262218357384254475e+00 1.983321231003205495e-02
1.150000000000000000e+02 2.898566141648090706e+03 9.686742788924443959e-01 2.991970763110844700e-02 6.261786113598245329e+00 1.983320451417072694e-02
1.160000000000000000e+02 2.930562389733824602e+03 9.683296147304545354e-01 3.001461936450917217e-02 6.261354982939778324e+00 1.983319673838553759e-02
1.170000000000000000e+02 2.962466280229599761e+03 9.679849505684647859e-01 2.980311650105356425e-02 6.260923697948042488e+00 1.983318895981682831e-02
1.180000000000000000e+02 2.994611994783042974e+03 9.676402864064750364e-01 2.888546542222280439e-02 6.260492258512504904e+00 1.983318117846260067e-02
1.190000000000000000e+02 3.027787796540125782e+03 9.672934258552174924e-01 2.938487151683370421e-02 6.260060664522511864e+00 1.983317339432085977e-02
1.200000000000000000e+02 3.060829148500975862e+03 9.669431862435484692e-01 3.013165335399615313e-02 6.259623412189699643e+00 1.983316550812639842e-02
1.210000000000000000e+02 3.093282366638769872e+03 9.665917639607353173e-01 3.098235594150155689e-02 6.259183036503657149e+00 1.983315756559976550e-02
1.220000000000000000e+02 3.124853185471526558e+03 9.662384831946957409e-01 3.115478303362160042e-02 6.258742499793195968e+00 1.983314962016893140e-02
1.230000000000000000e+02 3.156592751905890509e+03 9.658843576635532946e-01 3.051869477401329342e-02 6.258297139851598523e+00 1.983314158774727998e-02
1.240000000000000000e+02 3.188843126433527686e+03 9.655305700384519962e-01 2.817736377775381662e-02 6.257854159119632165e+00 1.983313359823656724e-02
1.250000000000000000e+02 3.223913452464207239e+03 9.651761066012682910e-01 2.809813362987531246e-02 6.257409318895288841e+00 1.983312557518842820e-02
1.260000000000000000e+02 3.259078611429691591e+03 9.648197846808582723e-01 2.854836538533356977e-02 6.256964314364430457e+00 1.983311754917689226e-02
1.270000000000000000e+02 3.294066249575343591e+03 9.644634627604482535e-01 2.910263766456392537e-02 6.256514476413418180e+00 1.983310943599076934e-02
1.280000000000000000e+02 3.328043012398353312e+03 9.641071408400381237e-01 2.940519184522317683e-02 6.256069141178990378e+00 1.983310140401472674e-02
1.290000000000000000e+02 3.362034998856618586e+03 9.637496362484840873e-01 2.913472833407048865e-02 6.255618968808207114e+00 1.983309328479707784e-02
1.300000000000000000e+02 3.396228728414845136e+03 9.633933143280739575e-01 2.851043744746978650e-02 6.255170327882678016e+00 1.983308519320026164e-02
1.310000000000000000e+02 3.431082056458379611e+03 9.630363165955815319e-01 2.910811947384323722e-02 6.254722795090167153e+00 1.983307712158951033e-02
1.320000000000000000e+02 3.465460586179627626e+03 9.626781361919450886e-01 2.958823504616897582e-02 6.254272119281656828e+00 1.983306899329195794e-02
1.330000000000000000e+02 3.499293923136654030e+03 9.623180973050822207e-01 3.011126428936809069e-02 6.253821274826666610e+00 1.983306086195273099e-02
1.340000000000000000e+02 3.532896931013401172e+03 9.619580584182192418e-01 3.099032363179696214e-02 6.253365580387743705e+00 1.983305264314018032e-02
1.350000000000000000e+02 3.565223434805568104e+03 9.615993711555210766e-01 3.040374172145752715e-02 6.252914396507467387e+00 1.983304450567914892e-02
1.360000000000000000e+02 3.598286123136866991e+03 9.612393322686580976e-01 2.993936483540595231e-02 6.252461765946302208e+00 1.983303634212607233e-02
1.370000000000000000e+02 3.632032686078083316e+03 9.608781117272597871e-01 3.161023775854600315e-02 6.252006835045647470e+00 1.983302813708454071e-02
1.380000000000000000e+02 3.664069376962096158e+03 9.605167241544352308e-01 3.192946514894445115e-02 6.251550907640234911e+00 1.983301991407025039e-02
1.390000000000000000e+02 3.695758219671170536e+03 9.601565201469550725e-01 3.177405425533869759e-02 6.251095258704978619e+00 1.983301169607839393e-02
1.400000000000000000e+02 3.727435021372551546e+03 9.597959782370286685e-01 3.208342827834425454e-02 6.250641996240386966e+00 1.983300352112843737e-02
1.410000000000000000e+02 3.759054679569409018e+03 9.594337468148722570e-01 3.166489475902377337e-02 6.250185150042547377e+00 1.983299528154299288e-02
1.420000000000000000e+02 3.791171581305873588e+03 9.590718532951618691e-01 3.035255079539812828e-02 6.249727276921346331e+00 1.983298702343616951e-02
1.430000000000000000e+02 3.824556914587500160e+03 9.587087771168902872e-01 2.990103226861668892e-02 6.249270937565278849e+00 1.983297879299202038e-02
1.440000000000000000e+02 3.858808217437756866e+03 9.583457009386187053e-01 3.006575194451321931e-02 6.248809726870435455e+00 1.983297047468939381e-02
1.450000000000000000e+02 3.892538615506502993e+03 9.579834695164621827e-01 3.039629852550559258e-02 6.248353039737246206e+00 1.983296223797280725e-02
1.460000000000000000e+02 3.926101220718631339e+03 9.576203933381906008e-01 2.971678390242811496e-02 6.247893614688945441e+00 1.983295395187574181e-02
1.470000000000000000e+02 3.960413248616037436e+03 9.572564724038037376e-01 2.976245085592220049e-02 6.247434441978037434e+00 1.983294567032977893e-02
1.480000000000000000e+02 3.994876047935853421e+03 9.568932272743091438e-01 3.014092360021194267e-02 6.246972527499504046e+00 1.983293733933385108e-02
1.490000000000000000e+02 4.028605077169213018e+03 9.565301510960375619e-01 3.089450915618094373e-02 6.246514715276267005e+00 1.983292908232537136e-02
1.500000000000000000e+02 4.061800688706467099e+03 9.561653854055358615e-01 3.084226230843623365e-02 6.246052876042946345e+00 1.983292075268654892e-02
1.510000000000000000e+02 4.095094435784899815e+03 9.558004507638109271e-01 3.046719921372360515e-02 6.245590431411434551e+00 1.983291241212889119e-02
1.520000000000000000e+02 4.128810854465519697e+03 9.554355161220862147e-01 3.004220042226470044e-02 6.245127809188565138e+00 1.983290406836822964e-02
1.530000000000000000e+02 4.163017034045478795e+03 9.550705814803612803e-01 3.006309428321025934e-02 6.244665009237882813e+00 1.983289572140210788e-02
1.540000000000000000e+02 4.197211911665922344e+03 9.547056468386365680e-01 3.034188878229208963e-02 6.244202031422780408e+00 1.983288737122805914e-02
1.550000000000000000e+02 4.231106494975436362e+03 9.543407121969116336e-01 3.114981631731217684e-02 6.243738875606489991e+00 1.983287901784361318e-02
1.560000000000000000e+02 4.264134008131525661e+03 9.539757775551869212e-01 3.129309318251034117e-02 6.243275541652085536e+00 1.983287066124631015e-02
1.570000000000000000e+02 4.297021926414079644e+03 9.536108429134619868e-01 3.086744782543075771e-02 6.242812029422485587e+00 1.983286230143366594e-02
1.580000000000000000e+02 4.330383647828869471e+03 9.532457393205142626e-01 2.933939203890671005e-02 6.242348338780447925e+00 1.983285393840321376e-02
1.590000000000000000e+02 4.365525160588237668e+03 9.528789462153361978e-01 3.002193440472127398e-02 6.241884039997280809e+00 1.983284556440445198e-02
1.600000000000000000e+02 4.400167462661775062e+03 9.525123220613811448e-01 3.042688810921424444e-02 6.241415694375992196e+00 1.983283711741773772e-02
1.610000000000000000e+02 4.434043275736938995e+03 9.521473874196564324e-01 3.024616226466384991e-02 6.240951465849532198e+00 1.983282874468611165e-02
1.620000000000000000e+02 4.468136420883806750e+03 9.517805943144783676e-01 3.140426896593147971e-02 6.240487058358676009e+00 1.983282036872672030e-02
1.630000000000000000e+02 4.501324165452549096e+03 9.514138012093003027e-01 3.124368830449770346e-02 6.240017738943037351e+00 1.983281190417684678e-02
1.640000000000000000e+02 4.534369254607483526e+03 9.510470081041222379e-01 2.937394154232143492e-02 6.239552971282805061e+00 1.983280352172151623e-02
1.650000000000000000e+02 4.569877681725393813e+03 9.506802149989441730e-01 2.987249361262789976e-02 6.239083287747170914e+00 1.983279505060444800e-02
1.660000000000000000e+02 4.604450475015632946e+03 9.503140976986581556e-01 3.017442138327895360e-02 6.238618159358473747e+00 1.983278666164308909e-02
1.670000000000000000e+02 4.638910243632552920e+03 9.499473045934800908e-01 3.019904049446658217e-02 6.238149834838964125e+00 1.983277821503696275e-02
1.680000000000000000e+02 4.673260450714886247e+03 9.495798356834099785e-01 2.998501016454017606e-02 6.237682621459847532e+00 1.983276978847113917e-02
1.690000000000000000e+02 4.708092980693975733e+03 9.492128736270089018e-01 2.998172005179070704e-02 6.237212207986579493e+00 1.983276130418906366e-02
1.700000000000000000e+02 4.742623484491362433e+03 9.488460805218308369e-01 2.980822577727234787e-02 6.236745925030970028e+00 1.983275289440417088e-02
1.710000000000000000e+02 4.777659827691695682e+03 9.484781047580916891e-01 2.901694936588674473e-02 6.236275577164921202e+00 1.983274441130537455e-02
1.720000000000000000e+02 4.813598362235140485e+03 9.481113116529136242e-01 2.881858399217487182e-02 6.235805909113344647e+00 1.983273594046757599e-02
1.730000000000000000e+02 4.849631404396285689e+03 9.477440116940665238e-01 2.962701485404223983e-02 6.235338217540010497e+00 1.983272750527713749e-02
1.740000000000000000e+02 4.884968748844670699e+03 9.473768806864424352e-01 3.087256487226112955e-02 6.234866887518332845e+00 1.983271900446438238e-02
1.750000000000000000e+02 4.918600693106860490e+03 9.470100875812643704e-01 3.121242240936191598e-02 6.234399263439473593e+00 1.983271057049126179e-02
1.760000000000000000e+02 4.952094027246652331e+03 9.466417739150791988e-01 3.060098348210517696e-02 6.233928430707361024e+00 1.983270207864751972e-02
1.770000000000000000e+02 4.986339735246579949e+03 9.462731223464477814e-01 2.973992850175688138e-02 6.233456548667536623e+00 1.983269356787867657e-02
1.780000000000000000e+02 5.021584480434626130e+03 9.459054844851546573e-01 2.986583035391235721e-02 6.232984481712496638e+00 1.983268505377474081e-02
1.790000000000000000e+02 5.056500513790160767e+03 9.455381845263075569e-01 2.960947993483527274e-02 6.232514827373250910e+00 1.983267658318425483e-02
1.800000000000000000e+02 5.091863266701792782e+03 9.451702087625684090e-01 2.961675451517867264e-02 6.232043257402007264e+00 1.983266807804381915e-02
1.810000000000000000e+02 5.127235997713668439e+03 9.448020640476062493e-01 3.076632935720444162e-02 6.231571502760093750e+00 1.983265956957270051e-02
1.820000000000000000e+02 5.161330054895773173e+03 9.444335814301978438e-01 3.129936469328957471e-02 6.231099129848273854e+00 1.983265104995058856e-02
1.830000000000000000e+02 5.194884788758366085e+03 9.440649298615666485e-01 3.098935841691445939e-02 6.230626138011483128e+00 1.983264251916567328e-02
1.840000000000000000e+02 5.228798769525777061e+03 9.436962782929354532e-01 2.912501946345685475e-02 6.230152960388497085e+00 1.983263398502995573e-02
1.850000000000000000e+02 5.264885883152369388e+03 9.433276267243040358e-01 2.984383336480923160e-02 6.229679596833308075e+00 1.983262544754080259e-02
1.860000000000000000e+02 5.300121750111316942e+03 9.429589751556728405e-01 3.043042943600593811e-02 6.229206047199737029e+00 1.983261690669557709e-02
1.870000000000000000e+02 5.334688224556128262e+03 9.425906614894875579e-01 3.071706134897809679e-02 6.228732311341431682e+00 1.983260836249163897e-02
1.880000000000000000e+02 5.368881968930194489e+03 9.422226857257482990e-01 3.043936475751414517e-02 6.228259258067493143e+00 1.983259983059865519e-02
1.890000000000000000e+02 5.403401373173118373e+03 9.418547122053231302e-01 2.833681351554420691e-02 6.227786018959083236e+00 1.983259129535399831e-02
1.900000000000000000e+02 5.440563339550491946e+03 9.414867414356357100e-01 2.700163962974708870e-02 6.227312573186503109e+00 1.983258275638198967e-02
1.910000000000000000e+02 5.479514369784251357e+03 9.411187711733720596e-01 2.785063037520409124e-02 6.226838936600476160e+00 1.983257421396850823e-02
1.920000000000000000e+02 5.517288522868710061e+03 9.407489424754404972e-01 2.674193560475495238e-02 6.226365113732268419e+00 1.983256566819527680e-02
1.930000000000000000e+02 5.557046880614527254e+03 9.403791137775088238e-01 2.948042031901735791e-02 6.225886315511024449e+00 1.983255703268758940e-02
1.940000000000000000e+02 5.592841085791207661e+03 9.400111435152451733e-01 3.101944572878698528e-02 6.225412117753169383e+00 1.983254848015292629e-02
1.950000000000000000e+02 5.626800916393355692e+03 9.396431732529815228e-01 2.974214253999184904e-02 6.224937733271365126e+00 1.983253992425054735e-02
1.960000000000000000e+02 5.662229763653154805e+03 9.392736824524441364e-01 2.943493816486197553e-02 6.224463161918502685e+00 1.983253136497779845e-02
1.970000000000000000e+02 5.698334587661288424e+03 9.389038537545125740e-01 2.960221276732601450e-02 6.223984479144793802e+00 1.983252273155229964e-02
1.980000000000000000e+02 5.734021181201541367e+03 9.385355455948547476e-01 3.009369608911680732e-02 6.223508659625291095e+00 1.983251414976787072e-02
1.990000000000000000e+02 5.769079318693852656e+03 9.381675753325910971e-01 3.142110791601467751e-02 6.223033524882044532e+00 1.983250558033393049e-02
2.000000000000000000e+02 5.802670854857175982e+03 9.377985913781449190e-01 3.149796876317653010e-02 6.222558202676064631e+00 1.983249700751894828e-02
2.010000000000000000e+02 5.836372714406468731e+03 9.374287626802133566e-01 3.111738661818847645e-02 6.222080072450613564e+00 1.983248838405909584e-02
2.020000000000000000e+02 5.870468280547742324e+03 9.370599476744642109e-01 3.163135556445752922e-02 6.221602189299414221e+00 1.983247976505542187e-02
2.030000000000000000e+02 5.903869618157075820e+03 9.366918084635035280e-01 3.050630092620886316e-02 6.221126301917818679e+00 1.983247118204704840e-02
2.040000000000000000e+02 5.938580997651277357e+03 9.363219797655719656e-01 2.859829430985319498e-02 6.220649789225001669e+00 1.983246258776068596e-02
2.050000000000000000e+02 5.975893276306220287e+03 9.359523200163374357e-01 2.823572616034211724e-02 6.220169151129737450e+00 1.983245391906940380e-02
2.060000000000000000e+02 6.013356232428942349e+03 9.355831671131942251e-01 3.005754617252251459e-02 6.219692697226896883e+00 1.983244532584336681e-02
2.070000000000000000e+02 6.048809870576610592e+03 9.352136763126567276e-01 3.040997343799260386e-02 6.219212990391534746e+00 1.983243667394809714e-02
2.080000000000000000e+02 6.083690729101691431e+03 9.348450302556047253e-01 2.959010228435978232e-02 6.218735282217013882e+00 1.983242805810027029e-02
2.090000000000000000e+02 6.119544521268604512e+03 9.344763841985527231e-01 2.969406814488357443e-02 6.218257384543179001e+00 1.983241943883467043e-02
2.100000000000000000e+02 6.155286647964713666e+03 9.341065555006211607e-01 3.010555615937112253e-02 6.217779297219627743e+00 1.983241081614858792e-02
2.110000000000000000e+02 6.190781687237862570e+03 9.337370647000836632e-01 3.018114282039504465e-02 6.217297950793500227e+00 1.983240213468199370e-02
2.120000000000000000e+02 6.225910573337267124e+03 9.333677428482433092e-01 2.979759656597775336e-02 6.216820359792013306e+00 1.983239352094747637e-02
2.130000000000000000e+02 6.261767375413038280e+03 9.329979141503117468e-01 2.895743168865372655e-02 6.216339068817735125e+00 1.983238484048099881e-02
2.140000000000000000e+02 6.298511833810177450e+03 9.326292680932597445e-01 2.927094373123071552e-02 6.215859780472729135e+00 1.983237619613353528e-02
2.150000000000000000e+02 6.334811324981777943e+03 9.322594393953280711e-01 2.937372355245492297e-02 6.215381179713735271e+00 1.983236756418723518e-02
2.160000000000000000e+02 6.371299518510106282e+03 9.318897796460936522e-01 2.833502003120827450e-02 6.214898434634394064e+00 1.983235885749481606e-02
2.170000000000000000e+02 6.408793560642770899e+03 9.315206267429503306e-01 2.823390585336698136e-02 6.214419891256357076e+00 1.983235022658342769e-02
2.180000000000000000e+02 6.446675861475211605e+03 9.311507980450186572e-01 2.983714157171432971e-02 6.213938079841483386e+00 1.983234153673038916e-02
2.190000000000000000e+02 6.482462919637378945e+03 9.307821519879667660e-01 3.056240875834482021e-02 6.213457395275040263e+00 1.983233286720095800e-02
2.200000000000000000e+02 6.517292976708095011e+03 9.304123232900352036e-01 2.799605363301736760e-02 6.212978279030630269e+00 1.983232422595746988e-02
2.210000000000000000e+02 6.555714305614596014e+03 9.300424945921035302e-01 2.932336197162166772e-02 6.212494129711494395e+00 1.983231549393846271e-02
2.220000000000000000e+02 6.592036636370802626e+03 9.296735106376573521e-01 2.881947454078584089e-02 6.212014630150999750e+00 1.983230684578156031e-02
2.230000000000000000e+02 6.629219536261486610e+03 9.293036819397257897e-01 2.733916468907503922e-02 6.211532296215095172e+00 1.983229814650443873e-02
2.240000000000000000e+02 6.668368935526382302e+03 9.289331774470057645e-01 2.802435317111705640e-02 6.211050209843653747e+00 1.983228945169233925e-02
2.250000000000000000e+02 6.706754017077473691e+03 9.285633487490740912e-01 2.920914475819358022e-02 6.210565725837651208e+00 1.983228071363699052e-02
2.260000000000000000e+02 6.743295517676972850e+03 9.281947026920220889e-01 2.927300610900156891e-02 6.210085016872503694e+00 1.983227204366750859e-02
2.270000000000000000e+02 6.779833417054513120e+03 9.278248739940905265e-01 2.854283471705701403e-02 6.209603233456005178e+00 1.983226335431944459e-02
2.280000000000000000e+02 6.817498585511732017e+03 9.274555521422501725e-01 2.768901710466717750e-02 6.209119049998488293e+00 1.983225462168472508e-02
2.290000000000000000e+02 6.856059460951657456e+03 9.270857234443186101e-01 2.913342888818631557e-02 6.208638204957352080e+00 1.983224594926100842e-02
2.300000000000000000e+02 6.893101611788672017e+03 9.267158947463869367e-01 3.064700464327939355e-02 6.208152307979562856e+00 1.983223718572158303e-02
2.310000000000000000e+02 6.927971291210778872e+03 9.263460660484552633e-01 3.123889756725818992e-02 6.207671076849994307e+00 1.983222850633445389e-02
2.320000000000000000e+02 6.962544375368804140e+03 9.259762373505237010e-01 2.895021873708935461e-02 6.207184789570690420e+00 1.983221973575563166e-02
2.330000000000000000e+02 6.999488951791154250e+03 9.256064086525921386e-01 2.906550486434694713e-02 6.206703171732182334e+00 1.983221104939389759e-02
2.340000000000000000e+02 7.036662826563308954e+03 9.252365799546604652e-01 2.885790125491043134e-02 6.206216493523831979e+00 1.983220227176435771e-02
2.350000000000000000e+02 7.073749982835840456e+03 9.248669202054259353e-01 2.802308059057615972e-02 6.205734488354379685e+00 1.983219357841680200e-02
2.360000000000000000e+02 7.112300175436480458e+03 9.244970915074943729e-01 2.829725639579920571e-02 6.205247861468074611e+00 1.983218480171289669e-02
2.370000000000000000e+02 7.150179212654605180e+03 9.241270938608656671e-01 2.812877003721559604e-02 6.204765025464032746e+00 1.983217609338057408e-02
2.380000000000000000e+02 7.188651575268252600e+03 9.237572651629339937e-01 2.674306687013688205e-02 6.204277563508934001e+00 1.983216730161553587e-02
2.390000000000000000e+02 7.228760808188785632e+03 9.233874395735899299e-01 2.625968182551275190e-02 6.203794781805563652e+00 1.983215859426257222e-02
2.400000000000000000e+02 7.270021990789232404e+03 9.230176190370307232e-01 2.765239503248198560e-02 6.203306767683244516e+00 1.983214979253875715e-02
2.410000000000000000e+02 7.308810839923242384e+03 9.226478004957074930e-01 2.815589241041690019e-02 6.202823337685656746e+00 1.983214107349328889e-02
2.420000000000000000e+02 7.347324508454631541e+03 9.222776440662696640e-01 3.049715893166692407e-02 6.202334827647002058e+00 1.983213226282522917e-02
2.430000000000000000e+02 7.382617368565506695e+03 9.219078255249462117e-01 2.979102313961633566e-02 6.201850118873982076e+00 1.983212352071602597e-02
2.440000000000000000e+02 7.419015740899461889e+03 9.215373312073940060e-01 2.754820950926822193e-02 6.201362103276286675e+00 1.983211471896560371e-02
2.450000000000000000e+02 7.458228810881063509e+03 9.211675126660705537e-01 2.764401818356774024e-02 6.200875224205619318e+00 1.983210593771335406e-02
2.460000000000000000e+02 7.497291115951350548e+03 9.207970183485182369e-01 2.879922616618204798e-02 6.200388593304195339e+00 1.983209716093703098e-02
2.470000000000000000e+02 7.534974697424690021e+03 9.204271998071948957e-01 2.963410110104692033e-02 6.199899540424952171e+00 1.983208834047841054e-02
2.480000000000000000e+02 7.571308116221504861e+03 9.200572123218142551e-01 3.078041802473223745e-02 6.199414296460751039e+00 1.983207958871660570e-02
2.490000000000000000e+02 7.606629923614316795e+03 9.196873937804910248e-01 3.208472762510969356e-02 6.198924402599923944e+00 1.983207075309021197e-02
2.500000000000000000e+02 7.640181182284857641e+03 9.193175752391675726e-01 3.200247227523618510e-02 6.198439211472895671e+00 1.983206200228136706e-02
2.510000000000000000e+02 7.674172803941298298e+03 9.189458983132146042e-01 3.045902327181485361e-02 6.197948921078029194e+00 1.983205315950316641e-02
2.520000000000000000e+02 7.709925009119228889e+03 9.185742213872614137e-01 3.033741393864577626e-02 6.197458431177387261e+00 1.983204431312671559e-02
2.530000000000000000e+02 7.745834059862455433e+03 9.182025444613084453e-01 3.194424661765041251e-02 6.196967741608540692e+00 1.983203546314908985e-02
2.540000000000000000e+02 7.779927902849411112e+03 9.178308675353552548e-01 3.125365774535618368e-02 6.196476852208862240e+00 1.983202660956735752e-02
2.550000000000000000e+02 7.814789224917844876e+03 9.174591906094021754e-01 3.129707401191140353e-02 6.195985762815525710e+00 1.983201775237857997e-02
2.560000000000000000e+02 7.849615583959932337e+03 9.170875136834490959e-01 3.061755802455209605e-02 6.195494473265505064e+00 1.983200889157981511e-02
2.570000000000000000e+02 7.885242490424572679e+03 9.167158367574959055e-01 3.011053450941826581e-02 6.195002983395576202e+00 1.983200002716812432e-02
2.580000000000000000e+02 7.921478382792148295e+03 9.163441598315429371e-01 3.167886705983206236e-02 6.194511293042312516e+00 1.983199115914055510e-02
2.590000000000000000e+02 7.955927193693595655e+03 9.159724829055897466e-01 3.147843093133818881e-02 6.194019402042090228e+00 1.983198228749415842e-02
2.600000000000000000e+02 7.990608985185504025e+03 9.156008059796366672e-01 3.037468640710296389e-02 6.193527310231084826e+00 1.983197341222597831e-02
2.610000000000000000e+02 8.026577562792077515e+03 9.152291290536835877e-01 2.928498165312818854e-02 6.193035017445269297e+00 1.983196453333305534e-02
2.620000000000000000e+02 8.063887881279284557e+03 9.148574521277303973e-01 2.860786865114029603e-02 6.192542523520416786e+00 1.983195565081243353e-02
2.630000000000000000e+02 8.102097440172170536e+03 9.144857752017774288e-01 2.804494883241083480e-02 6.192049828292099711e+00 1.983194676466113957e-02
2.640000000000000000e+02 8.141087570324062654e+03 9.141140982758242384e-01 2.961895637382082683e-02 6.191556931595687097e+00 1.983193787487621054e-02
2.650000000000000000e+02 8.178029279795081493e+03 9.137424213498711589e-01 2.841958697121203456e-02 6.191063833266347238e+00 1.983192898145466967e-02
2.660000000000000000e+02 8.216580710091910078e+03 9.133707444239180795e-01 2.754323991134644337e-02 6.190570533139045928e+00 1.983192008439354018e-02
2.670000000000000000e+02 8.256333295183072551e+03 9.129990674979648890e-01 2.850068966947388177e-02 6.190077031048545564e+00 1.983191118368984526e-02
2.680000000000000000e+02 8.294769398653023018e+03 9.126273905720119206e-01 2.954765923201761388e-02 6.189583326829406040e+00 1.983190227934060121e-02
2.690000000000000000e+02 8.331852200342429569e+03 9.122557136460587301e-01 2.920488894123513327e-02 6.189089420315982970e+00 1.983189337134281388e-02
2.700000000000000000e+02 8.369386258884926065e+03 9.118840367201056507e-01 2.876881698151177724e-02 6.188595311342431238e+00 1.983188445969349956e-02
2.710000000000000000e+02 8.407505945416127361e+03 9.115123597941525713e-01 2.815248569847006790e-02 6.188100999742697006e+00 1.983187554438966063e-02
2.720000000000000000e+02 8.446476954535799450e+03 9.111406828681993808e-01 2.848459527125513438e-02 6.187606485350526597e+00 1.983186662542829951e-02
2.730000000000000000e+02 8.485016454320522826e+03 9.107690059422464124e-01 2.963223895502474850e-02 6.187111767999458500e+00 1.983185770280640817e-02
2.740000000000000000e+02 8.522071176541432578e+03 9.103973290162932219e-01 3.000207287016246060e-02 6.186616847522826923e+00 1.983184877652098901e-02
2.750000000000000000e+02 8.558683744233769175e+03 9.100256520903401425e-01 2.956366623201454533e-02 6.186121723753761792e+00 1.983183984656902710e-02
2.760000000000000000e+02 8.595854979778818233e+03 9.096539751643870630e-01 3.008419347886091139e-02 6.185626396525186976e+00 1.983183091294751441e-02
2.770000000000000000e+02 8.632401007863454652e+03 9.092822982384338726e-01 3.061263036709957128e-02 6.185130865669819400e+00 1.983182197565342558e-02
2.780000000000000000e+02 8.668326927280349992e+03 9.089106213124809042e-01 3.054700641076841389e-02 6.184635131020169929e+00 1.983181303468374568e-02
2.790000000000000000e+02 8.704346366015632157e+03 9.085389443865277137e-01 2.984930905209462818e-02 6.184139192408542485e+00 1.983180409003544933e-02
2.800000000000000000e+02 8.741223518939914356e+03 9.081672674605746343e-01 2.922459923007404356e-02 6.183643049667035818e+00 1.983179514170550772e-02
2.810000000000000000e+02 8.778903960884314074e+03 9.077955905346215548e-01 2.959258918864914739e-02 6.183146702627538183e+00 1.983178618969088855e-02
2.820000000000000000e+02 8.816134722150089146e+03 9.074239136086683644e-01 2.952799501322580025e-02 6.182650151121731774e+00 1.983177723398855952e-02
2.830000000000000000e+02 8.853472458309950525e+03 9.070522366827153959e-01 2.848288448918130655e-02 6.182153394981090955e+00 1.983176827459547445e-02
2.840000000000000000e+02 8.892204669053189718e+03 9.066805597567622055e-01 3.058550363544598749e-02 6.181656434036882253e+00 1.983175931150859411e-02
2.850000000000000000e+02 8.928279142237992346e+03 9.063088828308091260e-01 3.049306146278880220e-02 6.181159268120159922e+00 1.983175034472487233e-02
2.860000000000000000e+02 8.964465917826926670e+03 9.059372059048560466e-01 3.066035587847231597e-02 6.180661897061773935e+00 1.983174137424125599e-02
2.870000000000000000e+02 9.000471484539997618e+03 9.055655289789028561e-01 3.102898573867026236e-02 6.180164320692361990e+00 1.983173240005469198e-02
2.880000000000000000e+02 9.036062293167455209e+03 9.051938541844308794e-01 3.052417097176012006e-02 6.179666538842351287e+00 1.983172342216212025e-02
2.890000000000000000e+02 9.072255878029351152e+03 9.048221826291364955e-01 3.060933069387948915e-02 6.179168809032342224e+00 1.983171444520813453e-02
2.900000000000000000e+02 9.108363441214081831e+03 9.044505121815390458e-01 3.066333606294144656e-02 6.178671007457613662e+00 1.983170546695981265e-02
2.910000000000000000e+02 9.144422102307038585e+03 9.040788417339415961e-01 2.990307937931315288e-02 6.178173000058969855e+00 1.983169648499929355e-02
2.920000000000000000e+02 9.181432478029502818e+03 9.037071712863440354e-01 2.861381092959532427e-02 6.177674786666137230e+00 1.983168749932350330e-02
2.930000000000000000e+02 9.220108221356813374e+03 9.033355008387464746e-01 3.016355590493210656e-02 6.177176367108632604e+00 1.983167850992937145e-02
2.940000000000000000e+02 9.256819135577274210e+03 9.029638303911490249e-01 3.219921414362812012e-02 6.176677741215758743e+00 1.983166951681381365e-02
2.950000000000000000e+02 9.291232770473005075e+03 9.025921599435515752e-01 3.193942682359008495e-02 6.176178908816609692e+00 1.983166051997375251e-02
2.960000000000000000e+02 9.325947452882939615e+03 9.022204894959540145e-01 3.069297749435672545e-02 6.175679869740062777e+00 1.983165151940610021e-02
2.970000000000000000e+02 9.362061761033215589e+03 9.018488190483564537e-01 3.148132641623177519e-02 6.175180623814787495e+00 1.983164251510776549e-02
2.980000000000000000e+02 9.397284934473471367e+03 9.014771486007590040e-01 3.167805299652455553e-02 6.174681170869235736e+00 1.983163350707565359e-02
2.990000000000000000e+02 9.432303105159953702e+03 9.011054781531615543e-01 3.219054601530790122e-02 6.174181510731648004e+00 1.983162449530666976e-02
3.000000000000000000e+02 9.466780800593851382e+03 9.007338077055639936e-01 3.295242620910519143e-02 6.173681643230051641e+00 1.983161547979770886e-02
3.010000000000000000e+02 9.500474955550802406e+03 9.003621372579665438e-01 3.361561777476819446e-02 6.173181568192258162e+00 1.983160646054566920e-02
3.020000000000000000e+02 9.533520969427363525e+03 8.999904668103690941e-01 3.119781035811530420e-02 6.172681285445865029e+00 1.983159743754743867e-02
3.030000000000000000e+02 9.569175896052967801e+03 8.996187963627715334e-01 3.045310248152301863e-02 6.172180794818255656e+00 1.983158841079990520e-02
3.040000000000000000e+02 9.605684812745694217e+03 8.992471259151739726e-01 3.166433392712378336e-02 6.171680096136596738e+00 1.983157938029994974e-02
3.050000000000000000e+02 9.640810016372857717e+03 8.988754554675765229e-01 3.270352865927683705e-02 6.171179189227840922e+00 1.983157034604445326e-02
3.060000000000000000e+02 9.674830340097527369e+03 8.985037850199790732e-01 3.190800169716209028e-02 6.170678073918723250e+00 1.983156130803028980e-02
3.070000000000000000e+02 9.709716097923759662e+03 8.981321145723815125e-01 3.221216867193625599e-02 6.170176750035763824e+00 1.983155226625432990e-02
3.080000000000000000e+02 9.744296163635664925e+03 8.977604441247839517e-01 3.377669070431842807e-02 6.169675217405265144e+00 1.983154322071344414e-02
3.090000000000000000e+02 9.777272806819375546e+03 8.973887736771865020e-01 3.355978657187901060e-02 6.169173475853313882e+00 1.983153417140449265e-02
3.100000000000000000e+02 9.810476210665457984e+03 8.970171032295890523e-01 3.435848024237039139e-02 6.168671525205776440e+00 1.983152511832433212e-02
3.110000000000000000e+02 9.842928156703535933e+03 8.966454327819914916e-01 3.404293296076199571e-02 6.168169365288305173e+00 1.983151606146982618e-02
3.120000000000000000e+02 9.875727682399925470e+03 8.962737623343939308e-01 3.060576618453379749e-02 6.167666995926331275e+00 1.983150700083782109e-02
3.130000000000000000e+02 9.912207117413781816e+03 8.959020918867965921e-01 3.097896393585106503e-02 6.167164416945069227e+00 1.983149793642516312e-02
3.140000000000000000e+02 9.948240845141468526e+03 8.955304214391990314e-01 3.219443480603167290e-02 6.166661628169513243e+00 1.983148886822869855e-02
3.150000000000000000e+02 9.982930540023784488e+03 8.951587509916014707e-01 3.271657664282796169e-02 6.166158629424440818e+00 1.983147979624526325e-02
3.160000000000000000e+02 1.001707962417610179e+04 8.947870805440040209e-01 3.161415000184758517e-02 6.165655420534405629e+00 1.983147072047170001e-02
3.170000000000000000e+02 1.005243212467677404e+04 8.944154100964065712e-01 3.212226632041149249e-02 6.165152001323744635e+00 1.983146164090483429e-02
3.180000000000000000e+02 1.008723937768454016e+04 8.940437396488090105e-01 3.295800310137728811e-02 6.164648371616574529e+00 1.983145255754149849e-02
3.190000000000000000e+02 1.012118134832354735e+04 8.936720692012114498e-01 3.340847115553575303e-02 6.164144531236789071e+00 1.983144347037851460e-02
3.200000000000000000e+02 1.015467711758613223e+04 8.933003987536140000e-01 3.246860916430205357e-02 6.163640480008062639e+00 1.983143437941269766e-02
3.210000000000000000e+02 1.018915454720132584e+04 8.929287283060165503e-01 3.409736943237166168e-02 6.163136217753848456e+00 1.983142528464087312e-02
3.220000000000000000e+02 1.022201137545275014e+04 8.925570578584189896e-01 3.410640010166134800e-02 6.162631744297375924e+00 1.983141618605984216e-02
3.230000000000000000e+02 1.025486932556001375e+04 8.921853874108214288e-01 3.296881870552966637e-02 6.162127059461654177e+00 1.983140708366642330e-02
3.240000000000000000e+02 1.028886779022703377e+04 8.918137169632239791e-01 3.281461643075272300e-02 6.161622163069468527e+00 1.983139797745741076e-02
3.250000000000000000e+02 1.032303956863179701e+04 8.914420465156265294e-01 3.214644081396750980e-02 6.161117054943383131e+00 1.983138886742960919e-02
3.260000000000000000e+02 1.035793940372337420e+04 8.910703760680289687e-01 3.215481160320225046e-02 6.160611734905735659e+00 1.983137975357981628e-02
3.270000000000000000e+02 1.039284722374697776e+04 8.906987056204315190e-01 3.303571338943899621e-02 6.160106202778643514e+00 1.983137063590481933e-02
3.280000000000000000e+02 1.042683497640114183e+04 8.903270351728340692e-01 3.185559601398599977e-02 6.159600458383997612e+00 1.983136151440140563e-02
3.290000000000000000e+02 1.046209808429304030e+04 8.899553647252365085e-01 3.132978681585913555e-02 6.159094501543465938e+00 1.983135238906636247e-02
3.300000000000000000e+02 1.049796480197775054e+04 8.895836942776389478e-01 3.113427377938573007e-02 6.158588332078490879e+00 1.983134325989647020e-02
3.310000000000000000e+02 1.053407142537203072e+04 8.892120238300414981e-01 3.211954441977892677e-02 6.158081949810290112e+00 1.983133412688849878e-02
3.320000000000000000e+02 1.056912187429520054e+04 8.888403533824440483e-01 3.539800057770811637e-02 6.157575354559853942e+00 1.983132499003922508e-02
3.330000000000000000e+02 1.060091869564790613e+04 8.884686829348464876e-01 3.626010625512187530e-02 6.157068546147949739e+00 1.983131584934541211e-02
3.340000000000000000e+02 1.063196044031993006e+04 8.880970124872489269e-01 3.537575996728660466e-02 6.156561524395115725e+00 1.983130670480382982e-02
3.350000000000000000e+02 1.066382603215040035e+04 8.877253420396514771e-01 3.185485193048961938e-02 6.156054289121665413e+00 1.983129755641122732e-02
3.360000000000000000e+02 1.069920341608875242e+04 8.873536768278599274e-01 3.148770151664048722e-02 6.155546840147683163e+00 1.983128840416437111e-02
3.370000000000000000e+02 1.073499473966987534e+04 8.869820188457619992e-01 3.205777524888289015e-02 6.155039170043741237e+00 1.983127924792925378e-02
3.380000000000000000e+02 1.077016853824605278e+04 8.866103628575514595e-01 3.254637581960818232e-02 6.154531283121484009e+00 1.983127008778364994e-02
3.390000000000000000e+02 1.080482452708148230e+04 8.862387068693411418e-01 3.219103620745730754e-02 6.154023181961520983e+00 1.983126092377409527e-02
3.400000000000000000e+02 1.083988433127537610e+04 8.858670508811306021e-01 3.060238968442025725e-02 6.153514866383036797e+00 1.983125175589733544e-02
3.410000000000000000e+02 1.087677845523342876e+04 8.854953948929202845e-01 3.116394648594058778e-02 6.153006336204984272e+00 1.983124258415009875e-02
3.420000000000000000e+02 1.091302029330620280e+04 8.851237389047097448e-01 3.202913072517232090e-02 6.152497591246089748e+00 1.983123340852911698e-02
3.430000000000000000e+02 1.094829843539518515e+04 8.847520829164994272e-01 3.201466360611692624e-02 6.151988631324847745e+00 1.983122422903111845e-02
3.440000000000000000e+02 1.098361623834765851e+04 8.843804269282891095e-01 3.048735389886658015e-02 6.151479456259523637e+00 1.983121504565282453e-02
3.450000000000000000e+02 1.102071355622707415e+04 8.840087709400785698e-01 3.159116274478003528e-02 6.150970065868151870e+00 1.983120585839095659e-02
3.460000000000000000e+02 1.105652810327797670e+04 8.836371149518682522e-01 3.042492626529428104e-02 6.150460459968537741e+00 1.983119666724222213e-02
3.470000000000000000e+02 1.109375240696169931e+04 8.832654589636577125e-01 3.061145537443399692e-02 6.149950638378251178e+00 1.983118747220333558e-02
3.480000000000000000e+02 1.113077861652145657e+04 8.828938029754473948e-01 3.222530796994425850e-02 6.149440600914633848e+00 1.983117827327100444e-02
3.490000000000000000e+02 1.116592898729580520e+04 8.825221469872368552e-01 3.123510978880236072e-02 6.148930347394793827e+00 1.983116907044192231e-02
3.500000000000000000e+02 1.120220761885760658e+04 8.821504909990265375e-01 3.029542875609486652e-02 6.148419877635608266e+00 1.983115986371279324e-02
3.510000000000000000e+02 1.123962823171625132e+04 8.817788350108159978e-01 2.921751786810874996e-02 6.147909191453718059e+00 1.983115065308031083e-02
3.520000000000000000e+02 1.127844861732087338e+04 8.814071790226056802e-01 3.048480137240221904e-02 6.147398288665534061e+00 1.983114143854115830e-02
3.530000000000000000e+02 1.131572045634811184e+04 8.810355230343953625e-01 3.276947232173744312e-02 6.146887169087232650e+00 1.983113222009202231e-02
3.540000000000000000e+02 1.135036624119250155e+04 8.806638670461848228e-01 3.147767304303341479e-02 6.146375832534754835e+00 1.983112299772958609e-02
3.550000000000000000e+02 1.138644596436665415e+04 8.802922110579745052e-01 3.076955679787653566e-02 6.145864278823808924e+00 1.983111377145052243e-02
3.560000000000000000e+02 1.142336518115449871e+04 8.799205550697639655e-01 3.211585608528962077e-02 6.145352507769866079e+00 1.983110454125150413e-02
3.570000000000000000e+02 1.145879249926984812e+04 8.795488990815536479e-01 3.335367108912914297e-02 6.144840519188164762e+00 1.983109530712920052e-02
3.580000000000000000e+02 1.149289628192313103e+04 8.791772430933431082e-01 3.093525250654349107e-02 6.144328312893705402e+00 1.983108606908027399e-02
3.590000000000000000e+02 1.152966962178465110e+04 8.788055871051327905e-01 3.012140296428669761e-02 6.143815888701253947e+00 1.983107682710138348e-02
3.600000000000000000e+02 1.156744627018702886e+04 8.784339311169223619e-01 3.234504919998092837e-02 6.143303246425339204e+00 1.983106758118918095e-02
3.610000000000000000e+02 1.160266727331842230e+04 8.780622751287119332e-01 3.400649559332241667e-02 6.142790385880253723e+00 1.983105833134032187e-02
3.620000000000000000e+02 1.163615784287505994e+04 8.776906191405016155e-01 3.419152823688739046e-02 6.142277306880050247e+00 1.983104907755145127e-02
3.630000000000000000e+02 1.166948938888884368e+04 8.773189631522910759e-01 3.145123930357673903e-02 6.141764009238547928e+00 1.983103981981921074e-02
3.640000000000000000e+02 1.170575803526009258e+04 8.769473071640807582e-01 3.067670935128358894e-02 6.141250492769324332e+00 1.983103055814023491e-02
3.650000000000000000e+02 1.174292909808817603e+04 8.765756511758702185e-01 3.167317815577142676e-02 6.140736757285719882e+00 1.983102129251116189e-02
3.660000000000000000e+02 1.177896317229718807e+04 8.762039951876599009e-01 3.297349785887072893e-02 6.140222802600836083e+00 1.983101202292861936e-02
3.670000000000000000e+02 1.181357579325096049e+04 8.758323391994493612e-01 3.328650064047593282e-02 6.139708628527534628e+00 1.983100274938923158e-02
3.680000000000000000e+02 1.184787760210659690e+04 8.754606832112390435e-01 3.252304378442814892e-02 6.139194234878438294e+00 1.983099347188961928e-02
3.690000000000000000e+02 1.188300096457983454e+04 8.750890272230287259e-01 3.289886087873528792e-02 6.138679621465929159e+00 1.983098419042639976e-02
3.700000000000000000e+02 1.191773768591129556e+04 8.747173712348181862e-01 3.152317018814444760e-02 6.138164788102147718e+00 1.983097490499618337e-02
3.710000000000000000e+02 1.195404411124816397e+04 8.743457152466078686e-01 2.926047317952367235e-02 6.137649734598996432e+00 1.983096561559557700e-02
3.720000000000000000e+02 1.199313315190250069e+04 8.739740592583973289e-01 2.950029818834874057e-02 6.137134460768132627e+00 1.983095632222118404e-02
3.730000000000000000e+02 1.203191971108634425e+04 8.736024032701870112e-01 2.927646492587307817e-02 6.136618966420974708e+00 1.983094702486960445e-02
3.740000000000000000e+02 1.207102587137555747e+04 8.732307472819764715e-01 2.843782889606150110e-02 6.136103251368697720e+00 1.983093772353743123e-02
3.750000000000000000e+02 1.211131013457691552e+04 8.728590912937661539e-01 2.989514429938302381e-02 6.135587315422234234e+00 1.983092841822125738e-02
3.760000000000000000e+02 1.214964520944796641e+04 8.724874353055556142e-01 2.887934361686871412e-02 6.135071158392272572e+00 1.983091910891766549e-02
3.770000000000000000e+02 1.218934597417777150e+04 8.721157793173452966e-01 2.780945778531341075e-02 6.134554780089260362e+00 1.983090979562323816e-02
3.780000000000000000e+02 1.223058990607632950e+04 8.717441233291349789e-01 2.627778737043102303e-02 6.134038180323398315e+00 1.983090047833455105e-02
3.790000000000000000e+02 1.227425798150837363e+04 8.713724673409244392e-01 2.661219627844143426e-02 6.133521358904645560e+00 1.983089115704817634e-02
3.800000000000000000e+02 1.231739542804371013e+04 8.710008113527141216e-01 2.829998141589783883e-02 6.133004315642713422e+00 1.983088183176068275e-02
3.810000000000000000e+02 1.235797359289884480e+04 8.706291553645035819e-01 2.769959212247553870e-02 6.132487050347071644e+00 1.983087250246863553e-02
3.820000000000000000e+02 1.239945064882066799e+04 8.702574993762932642e-01 2.538218623812385846e-02 6.131969562826941278e+00 1.983086316916859299e-02
3.830000000000000000e+02 1.244475209413521588e+04 8.698858503730202418e-01 2.481860120176950998e-02 6.131451852891299126e+00 1.983085383185710995e-02
3.840000000000000000e+02 1.249107281342039460e+04 8.695142108376162637e-01 2.504229957246152660e-02 6.130933903066407176e+00 1.983084449021903228e-02
3.850000000000000000e+02 1.253700232560658696e+04 8.691425737851438127e-01 2.540189155067792970e-02 6.130415724302401337e+00 1.983083514445185477e-02
3.860000000000000000e+02 1.258230600457401670e+04 8.687709367326713616e-01 2.372244314257266826e-02 6.129897322551304484e+00 1.983082579466292558e-02
3.870000000000000000e+02 1.263088973053443260e+04 8.683992996801989106e-01 2.182671934871918684e-02 6.129378697621119976e+00 1.983081644084878567e-02
3.880000000000000000e+02 1.268366789158939901e+04 8.680276626277264596e-01 2.158615415322412065e-02 6.128859849319600706e+00 1.983080708300596559e-02
3.890000000000000000e+02 1.273704022996505228e+04 8.676560255752540085e-01 2.217824369225174924e-02 6.128340777454252652e+00 1.983079772113099243e-02
3.900000000000000000e+02 1.278901509763781905e+04 8.672843885227815575e-01 2.252741382232155767e-02 6.127821481832333106e+00 1.983078835522039327e-02
3.910000000000000000e+02 1.284020200389232923e+04 8.669127514703089954e-01 2.113206297378251650e-02 6.127301962260847112e+00 1.983077898527068131e-02
3.920000000000000000e+02 1.289480129238377958e+04 8.665411144178365443e-01 2.170945934711207559e-02 6.126782218546553693e+00 1.983076961127837670e-02
3.930000000000000000e+02 1.294797251306511680e+04 8.661694773653640933e-01 2.216201403714873272e-02 6.126262250495959627e+00 1.983076023323998918e-02
3.940000000000000000e+02 1.300007131269848469e+04 8.657978403128916423e-01 2.116714592945511883e-02 6.125742057915320338e+00 1.983075085115202502e-02
3.950000000000000000e+02 1.305465861492357180e+04 8.654262032604191912e-01 2.101898465479035139e-02 6.125221640610641671e+00 1.983074146501098006e-02
3.960000000000000000e+02 1.310964384218258238e+04 8.650545662079467402e-01 2.142884062245319771e-02 6.124700998387678119e+00 1.983073207481335712e-02
3.970000000000000000e+02 1.316359275121656901e+04 8.646829291554742891e-01 2.052056469133911598e-02 6.124180131051931042e+00 1.983072268055564163e-02
3.980000000000000000e+02 1.321997229016693927e+04 8.643112921030018381e-01 2.049946954905626853e-02 6.123659038408649558e+00 1.983071328223432947e-02
3.990000000000000000e+02 1.327642726352542923e+04 8.639396550505293870e-01 2.166366734430100194e-02 6.123137720262830541e+00 1.983070387984589913e-02
4.000000000000000000e+02 1.332986128648221347e+04 8.635680179980569360e-01 2.123580970747858052e-02 6.122616176419216849e+00 1.983069447338682567e-02
4.010000000000000000e+02 1.338439123657127857e+04 8.631963809455844849e-01 2.161732271398366517e-02 6.122094406682299095e+00 1.983068506285358759e-02
4.020000000000000000e+02 1.343798412953471961e+04 8.628247438931120339e-01 2.060596042656748922e-02 6.121572410856311208e+00 1.983067564824265647e-02
4.030000000000000000e+02 1.349427618262645228e+04 8.624531068406395828e-01 1.938452811258055755e-02 6.121050188745235765e+00 1.983066622955048999e-02
4.040000000000000000e+02 1.355409949250712089e+04 8.620814697881670208e-01 1.993965286937262812e-02 6.120527740152796881e+00 1.983065680677354933e-02
4.050000000000000000e+02 1.361228260698036684e+04 8.617098327356945697e-01 2.111121599948283245e-02 6.120005064882466428e+00 1.983064737990829565e-02
4.060000000000000000e+02 1.366728866496410774e+04 8.613381956832221187e-01 2.169971723918806897e-02 6.119482162737457820e+00 1.983063794895117624e-02
4.070000000000000000e+02 1.372080281977422783e+04 8.609665586307496676e-01 2.020453084724065096e-02 6.118959033520730451e+00 1.983062851389863490e-02
4.080000000000000000e+02 1.377829987322481793e+04 8.605949215782772166e-01 1.962642239967837127e-02 6.118435677034983478e+00 1.983061907474711894e-02
4.090000000000000000e+02 1.383750311759156102e+04 8.602232845258047655e-01 2.021664328273430067e-02 6.117912093082662928e+00 1.983060963149305828e-02
4.100000000000000000e+02 1.389501040031991579e+04 8.598516474733323145e-01 2.064093295857952898e-02 6.117388281465953703e+00 1.983060018413289327e-02
4.110000000000000000e+02 1.395136551790595513e+04 8.594800104208598635e-01 2.172129808890675695e-02 6.116864241986784911e+00 1.983059073266304345e-02
4.120000000000000000e+02 1.400494354714624023e+04 8.591083733683874124e-01 2.186809762977006549e-02 6.116339974446825423e+00 1.983058127707993529e-02
4.130000000000000000e+02 1.405817745782427301e+04 8.587367363159149614e-01 2.133859850684323434e-02 6.115815478647485648e+00 1.983057181737999178e-02
4.140000000000000000e+02 1.411275324317062041e+04 8.583650992634423993e-01 2.303158955210283382e-02 6.115290754389917538e+00 1.983056235355961858e-02
4.150000000000000000e+02 1.416338826062946646e+04 8.579934622109699482e-01 2.467766837883834247e-02 6.114765801475011031e+00 1.983055288561522481e-02
4.160000000000000000e+02 1.421063638936447387e+04 8.576218251584974972e-01 2.334917150073726258e-02 6.114240619703397606e+00 1.983054341354322306e-02
4.170000000000000000e+02 1.426059976130051837e+04 8.572501881060250462e-01 2.278748430643295561e-02 6.113715208875446727e+00 1.983053393734000511e-02
4.180000000000000000e+02 1.431180107602618227e+04 8.568785510535525951e-01 2.402861367572580245e-02 6.113189568791265849e+00 1.983052445700196967e-02
4.190000000000000000e+02 1.436038939546430993e+04 8.565069140010801441e-01 2.484491104689140126e-02 6.112663699250703964e+00 1.983051497252550505e-02
4.200000000000000000e+02 1.440738385897769331e+04 8.561352769486076930e-01 2.491832139421899794e-02 6.112137600053342723e+00 1.983050548390699608e-02
4.210000000000000000e+02 1.445432218695158008e+04 8.557636398961352420e-01 2.805720634420045059e-02 6.111611270998506207e+00 1.983049599114282413e-02
4.220000000000000000e+02 1.449601050811273853e+04 8.553920028436627909e-01 2.715572947174718643e-02 6.111084711885252041e+00 1.983048649422936710e-02
4.230000000000000000e+02 1.453908070833692000e+04 8.550203657911903399e-01 2.611189213590086808e-02 6.110557922512374951e+00 1.983047699316299248e-02
4.240000000000000000e+02 1.458389234443285932e+04 8.546487287387178888e-01 2.388330846186532269e-02 6.110030902678406761e+00 1.983046748794006775e-02
4.250000000000000000e+02 1.463293786175562127e+04 8.542770916862454378e-01 2.427446386736303169e-02 6.109503652181612843e+00 1.983045797855695694e-02
4.260000000000000000e+02 1.468118423819298187e+04 8.539054546337729867e-01 2.334417741300455484e-02 6.108976170819994778e+00 1.983044846501001365e-02
4.270000000000000000e+02 1.473137249267309198e+04 8.535338175813004247e-01 2.300091102663505763e-02 6.108448458391288582e+00 1.983043894729559151e-02
4.280000000000000000e+02 1.478231188158937402e+04 8.531621805288279736e-01 2.211965561276932335e-02 6.107920514692964709e+00 1.983042942541003717e-02
4.290000000000000000e+02 1.483533399243022359e+04 8.527905523274365018e-01 2.097883345631500543e-02 6.107392339522227154e+00 1.983041989934969385e-02
4.300000000000000000e+02 1.489124191503827933e+04 8.524189371615902289e-01 2.150962388178194809e-02 6.106863934157661156e+00 1.983041036913761948e-02
4.310000000000000000e+02 1.494578891570649830e+04 8.520473261802081755e-01 2.202384175061258484e-02 6.106335297631974690e+00 1.983040083475637316e-02
4.320000000000000000e+02 1.499909485807396595e+04 8.516757151988263441e-01 2.289147199486708459e-02 6.105806429044424277e+00 1.983039129618970400e-02
4.330000000000000000e+02 1.505038930533780695e+04 8.513041042174442907e-01 2.261212291203749600e-02 6.105277328191177411e+00 1.983038175343393786e-02
4.340000000000000000e+02 1.510233959603455514e+04 8.509324932360624594e-01 2.177836583171136042e-02 6.104747994868135130e+00 1.983037220648539364e-02
4.350000000000000000e+02 1.515633460983481746e+04 8.505608822546804060e-01 2.229089681671688958e-02 6.104218428870926694e+00 1.983036265534038681e-02
4.360000000000000000e+02 1.520914936576024957e+04 8.501892712732985746e-01 2.228224194150116300e-02 6.103688629994914905e+00 1.983035309999522239e-02
4.370000000000000000e+02 1.526204295734719017e+04 8.498176602919165212e-01 2.125199253076085620e-02 6.103158598035190785e+00 1.983034354044620889e-02
4.380000000000000000e+02 1.531743233993151807e+04 8.494460493105345789e-01 2.187096909929915969e-02 6.102628332786573573e+00 1.983033397668964443e-02
4.390000000000000000e+02 1.537125970341904758e+04 8.490744383291526365e-01 2.160680018662221313e-02 6.102097834043613389e+00 1.983032440872182361e-02
4.400000000000000000e+02 1.542577278212457350e+04 8.487028273477705831e-01 2.062776526155886414e-02 6.101567101600588572e+00 1.983031483653903415e-02
4.410000000000000000e+02 1.548291572380867001e+04 8.483312163663887517e-01 1.979425961821514382e-02 6.101036135251504788e+00 1.983030526013756373e-02
4.420000000000000000e+02 1.554247138822480338e+04 8.479596053850066983e-01 1.977595133398750080e-02 6.100504934790095035e+00 1.983029567951368963e-02
4.430000000000000000e+02 1.560210460943953694e+04 8.475879944036248670e-01 1.999764230338694354e-02 6.099973500009820526e+00 1.983028609466368913e-02
4.440000000000000000e+02 1.566110804724059199e+04 8.472163834222428136e-01 2.083012903895575807e-02 6.099441830703868028e+00 1.983027650558383259e-02
4.450000000000000000e+02 1.571778271027187293e+04 8.468447724408608712e-01 2.056719950786642381e-02 6.098909926665149861e+00 1.983026691227037994e-02
4.460000000000000000e+02 1.577520203432738526e+04 8.464731614594789288e-01 2.027660195053592254e-02 6.098377787686306561e+00 1.983025731471959804e-02
4.470000000000000000e+02 1.583346672044094885e+04 8.461015504780968755e-01 2.041467772803422925e-02 6.097845413559701555e+00 1.983024771292773644e-02
4.480000000000000000e+02 1.589137605965262628e+04 8.457299394967150441e-01 2.101331564458078921e-02 6.097312804077421156e+00 1.983023810689104813e-02
4.490000000000000000e+02 1.594764425248671796e+04 8.453583285153329907e-01 2.089844873006865486e-02 6.096779959031280782e+00 1.983022849660577916e-02
4.500000000000000000e+02 1.600424609102269096e+04 8.449867175339511594e-01 2.047110083223073473e-02 6.096246878212815190e+00 1.983021888206816519e-02
4.510000000000000000e+02 1.606206041100575931e+04 8.446151065525691060e-01 1.998721923721724983e-02 6.095713561413284687e+00 1.983020926327444880e-02
4.520000000000000000e+02 1.612129313614561215e+04 8.442434955711872746e-01 1.989762489660441835e-02 6.095180008423669804e+00 1.983019964022085177e-02
4.530000000000000000e+02 1.618082251826539868e+04 8.438718845898052212e-01 1.953211643477983234e-02 6.094646219034675738e+00 1.983019001290360628e-02
4.540000000000000000e+02 1.624149235094299183e+04 8.435002736084231678e-01 1.881065702947742890e-02 6.094112193036728797e+00 1.983018038131892716e-02
4.550000000000000000e+02 1.630452568846446593e+04 8.431286626270413365e-01 1.908812287613167319e-02 6.093577930219975514e+00 1.983017074546303271e-02
4.560000000000000000e+02 1.636668010145075641e+04 8.427570516456592831e-01 1.955123234778305061e-02 6.093043430374283531e+00 1.983016110533213430e-02
4.570000000000000000e+02 1.642737431717708023e+04 8.423854406642774517e-01 1.870502236951245706e-02 6.092508693289241606e+00 1.983015146092243636e-02
4.580000000000000000e+02 1.649085566451317209e+04 8.420138296828953983e-01 1.850828230900003479e-02 6.091973718754156053e+00 1.983014181223013289e-02
4.590000000000000000e+02 1.655502831506207440e+04 8.416422187015135670e-01 1.846486142217322948e-02 6.091438506558056076e+00 1.983013215925142486e-02
4.600000000000000000e+02 1.661938478006875084e+04 8.412706077201315136e-01 1.794365654174458549e-02 6.090903056489684886e+00 1.983012250198250281e-02
4.610000000000000000e+02 1.668563530250224721e+04 8.408989967387495712e-01 1.708078678371114864e-02 6.090367368337507692e+00 1.983011284041955036e-02
4.620000000000000000e+02 1.675528125224010000e+04 8.405273857573676288e-01 1.697247798867764640e-02 6.089831441889705488e+00 1.983010317455874416e-02
4.630000000000000000e+02 1.682538541936578622e+04 8.401557747759855754e-01 1.704060289437830597e-02 6.089295276934176826e+00 1.983009350439626090e-02
4.640000000000000000e+02 1.689524801996547831e+04 8.397841637946037441e-01 1.618807418675331788e-02 6.088758873258536930e+00 1.983008382992827029e-02
4.650000000000000000e+02 1.696882627783795760e+04 8.394125528132216907e-01 1.588551780682214906e-02 6.088222230650118583e+00 1.983007415115093514e-02
4.660000000000000000e+02 1.704382331399811301e+04 8.390409418318398593e-01 1.532673023589513003e-02 6.087685348895967685e+00 1.983006446806041823e-02
4.670000000000000000e+02 1.712160139397362582e+04 8.386693308504578059e-01 1.555136159258566249e-02 6.087148227782847698e+00 1.983005478065286847e-02
4.680000000000000000e+02 1.719829785661237111e+04 8.382977198690758636e-01 1.595622341665806770e-02 6.086610867097235200e+00 1.983004508892444173e-02
4.690000000000000000e+02 1.727306210856221151e+04 8.379261088876939212e-01 1.569102147872822317e-02 6.086073266625320777e+00 1.983003539287127651e-02
4.700000000000000000e+02 1.734913216562912567e+04 8.375544979063118678e-01 1.528934530234208472e-02 6.085535426153010796e+00 1.983002569248951130e-02
4.710000000000000000e+02 1.742725020548896282e+04 8.371828869249300364e-01 1.483525872355882444e-02 6.084997345465922969e+00 1.983001598777528116e-02
4.720000000000000000e+02 1.750776937172501857e+04 8.368112759435479830e-01 1.475598438745580679e-02 6.084459024349387235e+00 1.983000627872471763e-02
4.730000000000000000e+02 1.758875872424834961e+04 8.364396649621661517e-01 1.423863467083856874e-02 6.083920462588446654e+00 1.982999656533393842e-02
4.740000000000000000e+02 1.767275796778561926e+04 8.360680634162749314e-01 1.370835783970765151e-02 6.083381659967855626e+00 1.982998684759906122e-02
4.750000000000000000e+02 1.776001228570712919e+04 8.356964797250951982e-01 1.395338233939442257e-02 6.082842674256092153e+00 1.982997712656199216e-02
4.760000000000000000e+02 1.784583825181054999e+04 8.353249044531361189e-01 1.449443535749850645e-02 6.082303499050939699e+00 1.982996740210725417e-02
4.770000000000000000e+02 1.792847914027755905e+04 8.349533291811770397e-01 1.409132555215693999e-02 6.081764082415819672e+00 1.982995767329813822e-02
4.780000000000000000e+02 1.801347877683132901e+04 8.345817539092177384e-01 1.393949341832550169e-02 6.081224424134421547e+00 1.982994794013073769e-02
4.790000000000000000e+02 1.809946384149530786e+04 8.342101786372586592e-01 1.351251514795440492e-02 6.080684523990144363e+00 1.982993820260114601e-02
4.800000000000000000e+02 1.818818242029650719e+04 8.338386033652995799e-01 1.383871972093632732e-02 6.080144381766095840e+00 1.982992846070545656e-02
4.810000000000000000e+02 1.827485576862521339e+04 8.334670280933402786e-01 1.412045237505196553e-02 6.079603997245092373e+00 1.982991871443974541e-02
4.820000000000000000e+02 1.835982782053246774e+04 8.330954528213811994e-01 1.378694151169746265e-02 6.079063370209656370e+00 1.982990896380009208e-02
4.830000000000000000e+02 1.844689601694951125e+04 8.327238775494221201e-01 1.373623556662384101e-02 6.078522500442018028e+00 1.982989920878257262e-02
4.840000000000000000e+02 1.853432179212801202e+04 8.323523022774628188e-01 1.348725057920003093e-02 6.077981387724115336e+00 1.982988944938324921e-02
4.850000000000000000e+02 1.862342710999709379e+04 8.319807270055037396e-01 1.375114641848110969e-02 6.077440031837589629e+00 1.982987968559818751e-02
4.860000000000000000e+02 1.871090628827204637e+04 8.316091517335446603e-01 1.419756918731048673e-02 6.076898432563791808e+00 1.982986991742343927e-02
4.870000000000000000e+02 1.879561042453162736e+04 8.312375764615853591e-01 1.372045147263872486e-02 6.076356589683773457e+00 1.982986014485506321e-02
4.880000000000000000e+02 1.888330349733597177e+04 8.308660011896262798e-01 1.373515565186610339e-02 6.075814502978292175e+00 1.982985036788909722e-02
4.890000000000000000e+02 1.897093136354456146e+04 8.304944259176672006e-01 1.389304062518535547e-02 6.075272172227811573e+00 1.982984058652158613e-02
4.900000000000000000e+02 1.905759992066101040e+04 8.301228506457078993e-01 1.375662047521679365e-02 6.074729597212495058e+00 1.982983080074856436e-02
4.910000000000000000e+02 1.914517132448604025e+04 8.297512753737488200e-01 1.387404350127659051e-02 6.074186777712211160e+00 1.982982101056605939e-02
4.920000000000000000e+02 1.923204989403066065e+04 8.293797001017897408e-01 1.352105919475751761e-02 6.073643713506529984e+00 1.982981121597009871e-02
4.930000000000000000e+02 1.932125334540630865e+04 8.290081248298304395e-01 1.385065116785981487e-02 6.073100404374724093e+00 1.982980141695669940e-02
4.940000000000000000e+02 1.940837078204542195e+04 8.286365495578713602e-01 1.420360701081427486e-02 6.072556850095765846e+00 1.982979161352187852e-02
4.950000000000000000e+02 1.949339807546596057e+04 8.282649742859122810e-01 1.465908870337941441e-02 6.072013050448329174e+00 1.982978180566163928e-02
4.960000000000000000e+02 1.957579714771982617e+04 8.278933990139529797e-01 1.385651947389422711e-02 6.071469005210788694e+00 1.982977199337198487e-02
4.970000000000000000e+02 1.966296980671487472e+04 8.275218237419939005e-01 1.366808547470289154e-02 6.070924714161217040e+00 1.982976217664891849e-02
4.980000000000000000e+02 1.975137872626868193e+04 8.271502484700348212e-01 1.338167578316418367e-02 6.070380177077387529e+00 1.982975235548842599e-02
4.990000000000000000e+02 1.984172465155169266e+04 8.267786731980755199e-01 1.334193958187841061e-02 6.069835393736771501e+00 1.982974252988649322e-02
5.000000000000000000e+02 1.993237585819603555e+04 8.264070979261164407e-01 1.352817423014939999e-02 6.069290363916538311e+00 1.982973269983910949e-02
5.010000000000000000e+02 2.002185297152880594e+04 8.260355226541573614e-01 1.451014054683653388e-02 6.068745087393552673e+00 1.982972286534223985e-02
5.020000000000000000e+02 2.010530572266719173e+04 8.256639473821980602e-01 1.404491688052452412e-02 6.068199563944379982e+00 1.982971302639186320e-02
5.030000000000000000e+02 2.019162729414620480e+04 8.252923721102389809e-01 1.335084106062550333e-02 6.067653793345279212e+00 1.982970318298393764e-02
5.040000000000000000e+02 2.028240116947803472e+04 8.249207968382799017e-01 1.394615960272191195e-02 6.067107775372205580e+00 1.982969333511442819e-02
5.050000000000000000e+02 2.036934345561708324e+04 8.245492215663206004e-01 1.418340321558450405e-02 6.066561509800810548e+00 1.982968348277928602e-02
5.060000000000000000e+02 2.045485273061164844e+04 8.241776462943615211e-01 1.392323747444074514e-02 6.066014996406438264e+00 1.982967362597445535e-02
5.070000000000000000e+02 2.054199988712167396e+04 8.238060710224024419e-01 1.373433620491615326e-02 6.065468234964129124e+00 1.982966376469588385e-02
5.080000000000000000e+02 2.063039023856347558e+04 8.234344957504431406e-01 1.339173203326491854e-02 6.064921225248615322e+00 1.982965389893950880e-02
5.090000000000000000e+02 2.072107754935307821e+04 8.230629204784840613e-01 1.406837225409963456e-02 6.064373967034323520e+00 1.982964402870125709e-02
5.100000000000000000e+02 2.080749087889691509e+04 8.226913452065249821e-01 1.417643517361024015e-02 6.063826460095372184e+00 1.982963415397705903e-02
5.110000000000000000e+02 2.089325470907602357e+04 8.223197699345656808e-01 1.369631748811526994e-02 6.063278704205571579e+00 1.982962427476283457e-02
5.120000000000000000e+02 2.098204925230854860e+04 8.219481946626066016e-01 1.396509409818014538e-02 6.062730699138421997e+00 1.982961439105450016e-02
5.130000000000000000e+02 2.106918650008589975e+04 8.215766193906475223e-01 1.399482965063896141e-02 6.062182444667118197e+00 1.982960450284795839e-02
5.140000000000000000e+02 2.115616739768536718e+04 8.212050441186882210e-01 1.374243501035798259e-02 6.061633940564540524e+00 1.982959461013912225e-02
5.150000000000000000e+02 2.124478783792873219e+04 8.208334688467291418e-01 1.358054521343791607e-02 6.061085186603262009e+00 1.982958471292388045e-02
5.160000000000000000e+02 2.133450619144886150e+04 8.204618935747700625e-01 1.410844680998728576e-02 6.060536182555543938e+00 1.982957481119813209e-02
5.170000000000000000e+02 2.142090957731337039e+04 8.200903183028107613e-01 1.398747991604975226e-02 6.059986928193336730e+00 1.982956490495776242e-02
5.180000000000000000e+02 2.150812417739984812e+04 8.197187488263989463e-01 1.352631431587674252e-02 6.059437423288277280e+00 1.982955499419865319e-02
5.190000000000000000e+02 2.159833320154446119e+04 8.193472010694091701e-01 1.471511723957904562e-02 6.058887765542040782e+00 1.982954508068293306e-02
5.200000000000000000e+02 2.168130564790564677e+04 8.189756692362943902e-01 1.416254502286395760e-02 6.058338125999681800e+00 1.982953516749553363e-02
5.210000000000000000e+02 2.176759433107505538e+04 8.186041374031796103e-01 1.381534547746608374e-02 6.057788235433648971e+00 1.982952524978072104e-02
5.220000000000000000e+02 2.185602112120720267e+04 8.182326055700646084e-01 1.356929348704927901e-02 6.057238093614548013e+00 1.982951532753435622e-02
5.230000000000000000e+02 2.194610101718808437e+04 8.178610737369498285e-01 1.400149048111269494e-02 6.056687700312672007e+00 1.982950540075230361e-02
5.240000000000000000e+02 2.203348600968133542e+04 8.174895419038350486e-01 1.469553151163251539e-02 6.056137055297998728e+00 1.982949546943040681e-02
5.250000000000000000e+02 2.211674036920977233e+04 8.171180100707201577e-01 1.415558227522862797e-02 6.055586158340188874e+00 1.982948553356451635e-02
5.260000000000000000e+02 2.220321757000705838e+04 8.167464782376052668e-01 1.373010120651596035e-02 6.055035009208589614e+00 1.982947559315047237e-02
5.270000000000000000e+02 2.229240020594355519e+04 8.163749464044904869e-01 1.332913189113623526e-02 6.054483607672228374e+00 1.982946564818410459e-02
5.280000000000000000e+02 2.238431272895689472e+04 8.160034145713755960e-01 1.362523857080731940e-02 6.053931953499816387e+00 1.982945569866124275e-02
5.290000000000000000e+02 2.247431234501186191e+04 8.156318827382607051e-01 1.343970722296860924e-02 6.053380046459746033e+00 1.982944574457771308e-02
5.300000000000000000e+02 2.256559376807001172e+04 8.152603509051459252e-01 1.420970341713152091e-02 6.052827886320092610e+00 1.982943578592933145e-02
5.310000000000000000e+02 2.265198699229354679e+04 8.148888190720311453e-01 1.414590231758853026e-02 6.052275472848610782e+00 1.982942582271190676e-02
5.320000000000000000e+02 2.273875438013407620e+04 8.145172872389161434e-01 1.395956587403532519e-02 6.051722805812736361e+00 1.982941585492124792e-02
5.330000000000000000e+02 2.282672375907369860e+04 8.141457554058013635e-01 1.351325753285278694e-02 6.051169884979582747e+00 1.982940588255315342e-02
5.340000000000000000e+02 2.291761889116237944e+04 8.137742235726865836e-01 1.338198061842428913e-02 6.050616710115946262e+00 1.982939590560341483e-02
5.350000000000000000e+02 2.300944654546111997e+04 8.134026917395716927e-01 1.338744646038559499e-02 6.050063280988297265e+00 1.982938592406782025e-02
5.360000000000000000e+02 2.310127709487516040e+04 8.130311599064568018e-01 1.336438522346943686e-02 6.049509597362786373e+00 1.982937593794215428e-02
5.370000000000000000e+02 2.319331067311401057e+04 8.126596280733420219e-01 1.390958118455863299e-02 6.048955659005241792e+00 1.982936594722219462e-02
5.380000000000000000e+02 2.328179925765289227e+04 8.122880962402271310e-01 1.449017791080953535e-02 6.048401465681166655e+00 1.982935595190371200e-02
5.390000000000000000e+02 2.336675678944086758e+04 8.119165644071122401e-01 1.418781070901572149e-02 6.047847017155741689e+00 1.982934595198246677e-02
5.400000000000000000e+02 2.345357926128830877e+04 8.115450325739974602e-01 1.362396101493876417e-02 6.047292313193822544e+00 1.982933594745422273e-02
5.410000000000000000e+02 2.354405428452130582e+04 8.111735007408826803e-01 1.321994737131531455e-02 6.046737353559939798e+00 1.982932593831472981e-02
5.420000000000000000e+02 2.363732585827627190e+04 8.108019689077676784e-01 1.362743219806921390e-02 6.046182138018297181e+00 1.982931592455973446e-02
5.430000000000000000e+02 2.372783060930984720e+04 8.104304370746528985e-01 1.388133957025678399e-02 6.045626666332773347e+00 1.982930590618498315e-02
5.440000000000000000e+02 2.381672130577204371e+04 8.100589052415381186e-01 1.384939775934060369e-02 6.045070938266920102e+00 1.982929588318620498e-02
5.450000000000000000e+02 2.390585469753457437e+04 8.096873734084232277e-01 1.357491676022487027e-02 6.044514953583961514e+00 1.982928585555913600e-02
5.460000000000000000e+02 2.399686159611498078e+04 8.093158415753083368e-01 1.277490546139210467e-02 6.043958712046792137e+00 1.982927582329949492e-02
5.470000000000000000e+02 2.409363328538134374e+04 8.089443097421935569e-01 1.245581056708509882e-02 6.043402213417980562e+00 1.982926578640300044e-02
5.480000000000000000e+02 2.419289048833723427e+04 8.085727779090787770e-01 1.252114134748284237e-02 6.042845457459762315e+00 1.982925574486536779e-02
5.490000000000000000e+02 2.429169757223474517e+04 8.082012460759637751e-01 1.251145127441705661e-02 6.042288443934046960e+00 1.982924569868229486e-02
5.500000000000000000e+02 2.439064400121177096e+04 8.078297142428489952e-01 1.324421542800679683e-02 6.041731172602410105e+00 1.982923564784948994e-02
5.510000000000000000e+02 2.448412275142091312e+04 8.074581824097342153e-01 1.299641768906814772e-02 6.041173643226097845e+00 1.982922559236264398e-02
5.520000000000000000e+02 2.457943291460135879e+04 8.070866505766193244e-01 1.252540476525285974e-02 6.040615855566024095e+00 1.982921553221744446e-02
5.530000000000000000e+02 2.467838247626699376e+04 8.067151187435044335e-01 1.330145134136132001e-02 6.040057809382770593e+00 1.982920546740957191e-02
5.540000000000000000e+02 2.477176578532297935e+04 8.063435869103896536e-01 1.311649385656096616e-02 6.039499504436586008e+00 1.982919539793470340e-02
5.550000000000000000e+02 2.486653742367546874e+04 8.059720550772747627e-01 1.215131826970561497e-02 6.038940940487385056e+00 1.982918532378850907e-02
5.560000000000000000e+02 2.496865012650347489e+04 8.056005232441598718e-01 1.228097113729172303e-02 6.038382117294746720e+00 1.982917524496665557e-02
5.570000000000000000e+02 2.506973388057229749e+04 8.052289914110450919e-01 1.250751663540167202e-02 6.037823034617918694e+00 1.982916516146479569e-02
5.580000000000000000e+02 2.516902712951718422e+04 8.048574595779303120e-01 1.255390084533469612e-02 6.037263692215810273e+00 1.982915507327858221e-02
5.590000000000000000e+02 2.526799966116126598e+04 8.044859277448153101e-01 1.232070737502757342e-02 6.036704089846995025e+00 1.982914498040366097e-02
5.600000000000000000e+02 2.536889205644497997e+04 8.041143959117005302e-01 1.271570114327546554e-02 6.036144227269710782e+00 1.982913488283567435e-02
5.610000000000000000e+02 2.546670214667047185e+04 8.037428640785857503e-01 1.223516762991726410e-02 6.035584104241856096e+00 1.982912478057025432e-02
5.620000000000000000e+02 2.556845956918051525e+04 8.033710880690869693e-01 1.200191874841253191e-02 6.035023720520993784e+00 1.982911467360302937e-02
5.630000000000000000e+02 2.567219664157249281e+04 8.029990330054823655e-01 1.241137673474798468e-02 6.034462977968373387e+00 1.982914849318345024e-02
5.640000000000000000e+02 2.577254160376236177e+04 8.026269430641559399e-01 1.253832506548585753e-02 6.033901960252850749e+00 1.982918860503970690e-02
5.650000000000000000e+02 2.587191804495269025e+04 8.022548531228296254e-01 1.275110146262793676e-02 6.033340681114253812e+00 1.982922873558728982e-02
5.660000000000000000e+02 2.596967951788805294e+04 8.018827631815033108e-01 1.251345449561098826e-02 6.032779140308833554e+00 1.982926888484362604e-02
5.670000000000000000e+02 2.606934325666275981e+04 8.015106732401768852e-01 1.249715245339151799e-02 6.032217337592499007e+00 1.982930905282616688e-02
5.680000000000000000e+02 2.616918405134587374e+04 8.011385832988504596e-01 1.290014291554833839e-02 6.031655272720819028e+00 1.982934923955239140e-02
5.690000000000000000e+02 2.626595715503505926e+04 8.007664933575240340e-01 1.268720210791255201e-02 6.031092945449017861e+00 1.982938944503979603e-02
5.700000000000000000e+02 2.636439317972039862e+04 8.003944034161977195e-01 1.270428605976279060e-02 6.030530355531977804e+00 1.982942966930591189e-02
5.710000000000000000e+02 2.646275812971947744e+04 8.000223134748712939e-01 1.264597958540389193e-02 6.029967502724239203e+00 1.982946991236828396e-02
5.720000000000000000e+02 2.656161316239211010e+04 7.996502235335449793e-01 1.243272187379123109e-02 6.029404386779995129e+00 1.982951017424448847e-02
5.730000000000000000e+02 2.666227192791303605e+04 7.992781335922185537e-01 1.281156312849276481e-02 6.028841007453095813e+00 1.982955045495212593e-02
5.740000000000000000e+02 2.675993445610212075e+04 7.989060436508921281e-01 1.269658206651950658e-02 6.028277364497045099e+00 1.982959075450882111e-02
5.750000000000000000e+02 2.685853478209058812e+04 7.985339537095657025e-01 1.223047414697410115e-02 6.027713457665002217e+00 1.982963107293222310e-02
5.760000000000000000e+02 2.696094014468693422e+04 7.981618637682393880e-01 1.244132099456260118e-02 6.027149286709775566e+00 1.982967141024000179e-02
5.770000000000000000e+02 2.706167895778084858e+04 7.977897738269129624e-01 1.267635516564811528e-02 6.026584851383831598e+00 1.982971176644985831e-02
5.780000000000000000e+02 2.716057148895356295e+04 7.974176838855866478e-01 1.235037523926109035e-02 6.026020151439283268e+00 1.982975214157951457e-02
5.790000000000000000e+02 2.726210959741217812e+04 7.970455939442602222e-01 1.250484564286344531e-02 6.025455186627898918e+00 1.982979253564672029e-02
5.800000000000000000e+02 2.736243938003125004e+04 7.966735040029337966e-01 1.264065403772125611e-02 6.024889956701094285e+00 1.982983294866924942e-02
5.810000000000000000e+02 2.746175194094067774e+04 7.963014140616073711e-01 1.349900404351175344e-02 6.024324461409937825e+00 1.982987338066489677e-02
5.820000000000000000e+02 2.755483145236138080e+04 7.959293241202810565e-01 1.434182733588365566e-02 6.023758700505144503e+00 1.982991383165149182e-02
5.830000000000000000e+02 2.764246999954650892e+04 7.955572341789546309e-01 1.425439540223635837e-02 6.023192673737080227e+00 1.982995430164687795e-02
5.840000000000000000e+02 2.773073014125169721e+04 7.951851442376283163e-01 1.334794585883806659e-02 6.022626380855757411e+00 1.982999479066892973e-02
5.850000000000000000e+02 2.782498484500439736e+04 7.948130542963018907e-01 1.283889352194627145e-02 6.022059821610835861e+00 1.983003529873554605e-02
5.860000000000000000e+02 2.792308404106625676e+04 7.944409643549754652e-01 1.444891456194544871e-02 6.021492995751621891e+00 1.983007582586465006e-02
5.870000000000000000e+02 2.801028651555055330e+04 7.940688744136490396e-01 1.403616089673589279e-02 6.020925903027068316e+00 1.983011637207419617e-02
5.880000000000000000e+02 2.810008866344229318e+04 7.936967844723227250e-01 1.334152476643618752e-02 6.020358543185772682e+00 1.983015693738215263e-02
5.890000000000000000e+02 2.819452940094622318e+04 7.933246945309964104e-01 1.327845483430629102e-02 6.019790915975977263e+00 1.983019752180652587e-02
5.900000000000000000e+02 2.828952738771670920e+04 7.929526045896699848e-01 1.234763731288402062e-02 6.019223021145568175e+00 1.983023812536533620e-02
5.910000000000000000e+02 2.839168477253765377e+04 7.925805146483435593e-01 1.259918493155044728e-02 6.018654858442075373e+00 1.983027874807663862e-02
5.920000000000000000e+02 2.849184544933267898e+04 7.922084247070171337e-01 1.259056490403975652e-02 6.018086427612670875e+00 1.983031938995850896e-02
5.930000000000000000e+02 2.859216009702667361e+04 7.918363347656908191e-01 1.341447713273842893e-02 6.017517728404167876e+00 1.983036005102905078e-02
5.940000000000000000e+02 2.868633282958205382e+04 7.914642448243643935e-01 1.405231807794161784e-02 6.016948760563022525e+00 1.983040073130638847e-02
5.950000000000000000e+02 2.877626691915346964e+04 7.910921548830380789e-01 1.383738686676008224e-02 6.016379523835328591e+00 1.983044143080867766e-02
5.960000000000000000e+02 2.886763755007522559e+04 7.907200649417116534e-01 1.342194614263082439e-02 6.015810017966823686e+00 1.983048214955409824e-02
5.970000000000000000e+02 2.896187180172737499e+04 7.903479750003852278e-01 1.289559840554576481e-02 6.015240242702882156e+00 1.983052288756085788e-02
5.980000000000000000e+02 2.905999242997374677e+04 7.899758850590588022e-01 1.296949718037628679e-02 6.014670197788515971e+00 1.983056364484718156e-02
5.990000000000000000e+02 2.915759815665754650e+04 7.896037951177324876e-01 1.332245907696144420e-02 6.014099882968376498e+00 1.983060442143133248e-02
6.000000000000000000e+02 2.925267323188172304e+04 7.892317051764060620e-01 1.360563052709644512e-02 6.013529297986752731e+00 1.983064521733159113e-02
6.010000000000000000e+02 2.934580269648905960e+04 7.888596152350797475e-01 1.383445063948330299e-02 6.012958442587567731e+00 1.983068603256626580e-02
6.020000000000000000e+02 2.943744130927607694e+04 7.884875252937533219e-01 1.417950295237191752e-02 6.012387316514383073e+00 1.983072686715369251e-02
6.030000000000000000e+02 2.952689962280865439e+04 7.881154353524268963e-01 1.449103398387895959e-02 6.011815919510394401e+00 1.983076772111223157e-02
6.040000000000000000e+02 2.961446305306071736e+04 7.877430474184432541e-01 1.428383143127098624e-02 6.011244251318429654e+00 1.983080859446027105e-02
6.050000000000000000e+02 2.970335313491881243e+04 7.873697674235706767e-01 1.337762786717775799e-02 6.010721371969506066e+00 1.983088282362106824e-02
6.060000000000000000e+02 2.979831443874979959e+04 7.869958933604667140e-01 1.362699419351422365e-02 6.010296072446882576e+00 1.983102356216715281e-02
6.070000000000000000e+02 2.989157713481197788e+04 7.866220192973627512e-01 1.393614603648122251e-02 6.009870570836691073e+00 1.983116436758730963e-02
6.080000000000000000e+02 2.998279840293728194e+04 7.862481452342586774e-01 1.413868307442493234e-02 6.009444866946791031e+00 1.983130523994511632e-02
6.090000000000000000e+02 3.007275681747007911e+04 7.858742711711546036e-01 1.338365646141781440e-02 6.009018960584767477e+00 1.983144617930425457e-02
6.100000000000000000e+02 3.016796652262721545e+04 7.855003971080506409e-01 1.244885015543259303e-02 6.008592851557929215e+00 1.983158718572848242e-02
6.110000000000000000e+02 3.027024347238576229e+04 7.851265230449465671e-01 1.248131980467943880e-02 6.008166539673312379e+00 1.983172825928165503e-02
6.120000000000000000e+02 3.037229993826487043e+04 7.847526489818426043e-01 1.263326639502462823e-02 6.007740024737675100e+00 1.983186940002772125e-02
6.130000000000000000e+02 3.047317661324688015e+04 7.843787749187385305e-01 1.260234397943883582e-02 6.007313306557500177e+00 1.983201060803072013e-02
6.140000000000000000e+02 3.057437013438635040e+04 7.840049008556344567e-01 1.296665522626353102e-02 6.006886384938993295e+00 1.983215188335478094e-02
6.150000000000000000e+02 3.067274362136012860e+04 7.836310267925304940e-01 1.286901493986754123e-02 6.006459259688083030e+00 1.983229322606411965e-02
6.160000000000000000e+02 3.077191012410738767e+04 7.832571527294265312e-01 1.288309557805165061e-02 6.006031930610419955e+00 1.983243463622305636e-02
6.170000000000000000e+02 3.087101034735206122e+04 7.828832786663224574e-01 1.289674348257001738e-02 6.005604397511377535e+00 1.983257611389599440e-02
6.180000000000000000e+02 3.097005669305741321e+04 7.825094046032183837e-01 1.323401701461269196e-02 6.005176660196047678e+00 1.983271765914743079e-02
6.190000000000000000e+02 3.106662453011988691e+04 7.821355305401144209e-01 1.342063192836748069e-02 6.004748718469246072e+00 1.983285927204195623e-02
6.200000000000000000e+02 3.116189170250033931e+04 7.817616564770104581e-01 1.404380688052537726e-02 6.004320572135505962e+00 1.983300095264425508e-02
6.210000000000000000e+02 3.125302118194982904e+04 7.813877824139063843e-01 1.401298960862853125e-02 6.003892220999081708e+00 1.983314270101909846e-02
6.220000000000000000e+02 3.134437288267652184e+04 7.810139083508023106e-01 1.354727739059438142e-02 6.003463664863944338e+00 1.983328451723136154e-02
6.230000000000000000e+02 3.143894200459085187e+04 7.806400342876983478e-01 1.261617881263467182e-02 6.003034903533785993e+00 1.983342640134599932e-02
6.240000000000000000e+02 3.154047357619845207e+04 7.802661602245943850e-01 1.272531644606124217e-02 6.002605936812015486e+00 1.983356835342807087e-02
6.250000000000000000e+02 3.164119536221379167e+04 7.798922861614903113e-01 1.273101876531330945e-02 6.002176764501759187e+00 1.983371037354272545e-02
6.260000000000000000e+02 3.174193059108692978e+04 7.795184120983862375e-01 1.317067086999343557e-02 6.001747386405859253e+00 1.983385246175520603e-02
6.270000000000000000e+02 3.183932988874539660e+04 7.791445380352822747e-01 1.276099767514602551e-02 6.001317802326875395e+00 1.983399461813084574e-02
6.280000000000000000e+02 3.193992847371330936e+04 7.787706639721783120e-01 1.234579293873672851e-02 6.000888012067083110e+00 1.983413684273507491e-02
6.290000000000000000e+02 3.204394133338843312e+04 7.783967899090742382e-01 1.308887390697510006e-02 6.000458015428471903e+00 1.983427913563342096e-02
6.300000000000000000e+02 3.214222461769276561e+04 7.780229158459701644e-01 1.352859439108988066e-02 6.000027812212747058e+00 1.983442149689150155e-02
6.310000000000000000e+02 3.223724779738402140e+04 7.776490417828660906e-01 1.364465179104042136e-02 5.999597402221326092e+00 1.983456392657503495e-02
6.320000000000000000e+02 3.233154108988657754e+04 7.772751677197621278e-01 1.428344045101582506e-02 5.999166785255343193e+00 1.983470642474982268e-02
6.330000000000000000e+02 3.242162440457080811e+04 7.769012936566581651e-01 1.378907601416453493e-02 5.998735961115643001e+00 1.983484899148177036e-02
6.340000000000000000e+02 3.251508839805411117e+04 7.765274195935540913e-01 1.319320414787286677e-02 5.998304929602783275e+00 1.983499162683687728e-02
6.350000000000000000e+02 3.261269992618132528e+04 7.761535455304500175e-01 1.333063454153275706e-02 5.997873690517033118e+00 1.983513433088123987e-02
6.360000000000000000e+02 3.270936480980083434e+04 7.757796714673460547e-01 1.361051767908079413e-02 5.997442243658373862e+00 1.983527710368104477e-02
6.370000000000000000e+02 3.280407752014918515e+04 7.754057974042420920e-01 1.361180034203600918e-02 5.997010588826496402e+00 1.983541994530257577e-02
6.380000000000000000e+02 3.289882769977726275e+04 7.750319233411380182e-01 1.334051598261590255e-02 5.996578725820804756e+00 1.983556285581222073e-02
6.390000000000000000e+02 3.299562426924880128e+04 7.746580492780339444e-01 1.244048923392751353e-02 5.996146654440408064e+00 1.983570583527645079e-02
6.400000000000000000e+02 3.309940201494085341e+04 7.742841752149299817e-01 1.246118841562495437e-02 5.995714374484127696e+00 1.983584888376183769e-02
6.410000000000000000e+02 3.320305215757631231e+04 7.739103011518260189e-01 1.291807628607298357e-02 5.995281885750492812e+00 1.983599200133506074e-02
6.420000000000000000e+02 3.330312560463962291e+04 7.735364270887219451e-01 1.350016895402744027e-02 5.994849188037741250e+00 1.983613518806287904e-02
6.430000000000000000e+02 3.339889796250967629e+04 7.731625530256178713e-01 1.421909447233684134e-02 5.994416281143815972e+00 1.983627844401215576e-02
6.440000000000000000e+02 3.348991209959471598e+04 7.727886789625139086e-01 1.491988874905146763e-02 5.993983164866368618e+00 1.983642176924985470e-02
6.450000000000000000e+02 3.357666506540036062e+04 7.724148048994099458e-01 1.521654839106158924e-02 5.993549839002756841e+00 1.983656516384303334e-02
6.460000000000000000e+02 3.366175377936723089e+04 7.720409002268711074e-01 1.533573009412634094e-02 5.993116303350044305e+00 1.983670862785884628e-02
6.470000000000000000e+02 3.374622661473049084e+04 7.716669465971188746e-01 1.497552975243416490e-02 5.992953772367412668e+00 1.983676241201089152e-02
6.480000000000000000e+02 3.383277827801949024e+04 7.712929746195884562e-01 1.473728763649670599e-02 5.992953772367412668e+00 1.983676241201089152e-02
6.490000000000000000e+02 3.392076195164112141e+04 7.709190026420580377e-01 1.499506539419949089e-02 5.992953772367412668e+00 1.983676241201089152e-02
6.500000000000000000e+02 3.400727404036872031e+04 7.705450306645273972e-01 1.444855868603804432e-02 5.992953772367412668e+00 1.983676241201089152e-02
6.510000000000000000e+02 3.409711307202864555e+04 7.701710586869969788e-01 1.401492899690508914e-02 5.992953772367412668e+00 1.983676241201089152e-02
6.520000000000000000e+02 3.418980258767918713e+04 7.697970867094665604e-01 1.314623134150199810e-02 5.992953772367412668e+00 1.983676241201089152e-02
6.530000000000000000e+02 3.428864665222496114e+04 7.694231147319359199e-01 1.296472148693919406e-02 5.992953772367412668e+00 1.983676241201089152e-02
6.540000000000000000e+02 3.438889899502180197e+04 7.690491427544055014e-01 1.318159096961702033e-02 5.992953772367412668e+00 1.983676241201089152e-02
6.550000000000000000e+02 3.448758935419710906e+04 7.686751707768750830e-01 1.355258482971427939e-02 5.992953772367412668e+00 1.983676241201089152e-02
6.560000000000000000e+02 3.458359951886709314e+04 7.683011987993445535e-01 1.298092934553049006e-02 5.992953772367412668e+00 1.983676241201089152e-02
6.570000000000000000e+02 3.468388458660688775e+04 7.679272268218140240e-01 1.324482548501684266e-02 5.992953772367412668e+00 1.983676241201089152e-02
6.580000000000000000e+02 3.478228006099527556e+04 7.675532548442836056e-01 1.392100573372550242e-02 5.992953772367412668e+00 1.983676241201089152e-02
6.590000000000000000e+02 3.487587415384980704e+04 7.671792828667530761e-01 1.427162430185851399e-02 5.992953772367412668e+00 1.983676241201089152e-02
6.600000000000000000e+02 3.496721303465270466e+04 7.668053108892225467e-01 1.421257547835967812e-02 5.992953772367412668e+00 1.983676241201089152e-02
6.610000000000000000e+02 3.505897318715290021e+04 7.664313389116921282e-01 1.420629850427782004e-02 5.992953772367412668e+00 1.983676241201089152e-02
6.620000000000000000e+02 3.515081671536569775e+04 7.660573669341615988e-01 1.442734760908426575e-02 5.992953772367412668e+00 1.983676241201089152e-02
6.630000000000000000e+02 3.524130085768196295e+04 7.656833949566310693e-01 1.415048916509196314e-02 5.992953772367412668e+00 1.983676241201089152e-02
6.640000000000000000e+02 3.533359960677598428e+04 7.653094229791006509e-01 1.472210840117192318e-02 5.992953772367412668e+00 1.983676241201089152e-02
6.650000000000000000e+02 3.542238649933399574e+04 7.649354510015701214e-01 1.452066740695226801e-02 5.992953772367412668e+00 1.983676241201089152e-02
6.660000000000000000e+02 3.551246253708445147e+04 7.645614790240395919e-01 1.469893456912072655e-02 5.992953772367412668e+00 1.983676241201089152e-02
6.670000000000000000e+02 3.560149239991085778e+04 7.641875070465091735e-01 1.491810043145309038e-02 5.992953772367412668e+00 1.983676241201089152e-02
6.680000000000000000e+02 3.568921999945678544e+04 7.638135350689787550e-01 1.444388883525294862e-02 5.992953772367412668e+00 1.983676241201089152e-02
6.690000000000000000e+02 3.577986052015057066e+04 7.634395630914481146e-01 1.490128198353564935e-02 5.992953772367412668e+00 1.983676241201089152e-02
6.700000000000000000e+02 3.586776614084585162e+04 7.630655911139176961e-01 1.436806430441931945e-02 5.992953772367412668e+00 1.983676241201089152e-02
6.710000000000000000e+02 3.595898618042490125e+04 7.626916191363872777e-01 1.486930579215149997e-02 5.992953772367412668e+00 1.983676241201089152e-02
6.720000000000000000e+02 3.604718317028989986e+04 7.623176471588566372e-01 1.446559321966263932e-02 5.992953772367412668e+00 1.983676241201089152e-02
6.730000000000000000e+02 3.613791121711684536e+04 7.619436751813262187e-01 1.395327363849089772e-02 5.992953772367412668e+00 1.983676241201089152e-02
6.740000000000000000e+02 3.623197714875957899e+04 7.615697032037958003e-01 1.455108637844055620e-02 5.992953772367412668e+00 1.983676241201089152e-02
6.750000000000000000e+02 3.632228343323609442e+04 7.611957312262652708e-01 1.472561811141597302e-02 5.992953772367412668e+00 1.983676241201089152e-02
6.760000000000000000e+02 3.641150233769679471e+04 7.608217592487347414e-01 1.406828302946313072e-02 5.992953772367412668e+00 1.983676241201089152e-02
6.770000000000000000e+02 3.650494055033073528e+04 7.604477872712043229e-01 1.425717803905788422e-02 5.992953772367412668e+00 1.983676241201089152e-02
6.780000000000000000e+02 3.659718309022293397e+04 7.600738152936737935e-01 1.489762615314071427e-02 5.992953772367412668e+00 1.983676241201089152e-02
6.790000000000000000e+02 3.668550881781729549e+04 7.596998433161432640e-01 1.492408521702956285e-02 5.992953772367412668e+00 1.983676241201089152e-02
6.800000000000000000e+02 3.677371278359205462e+04 7.593258713386128456e-01 1.482844386899789466e-02 5.992953772367412668e+00 1.983676241201089152e-02
6.810000000000000000e+02 3.686252670593328367e+04 7.589518993610823161e-01 1.475485459043796369e-02 5.992953772367412668e+00 1.983676241201089152e-02
6.820000000000000000e+02 3.695182978467002249e+04 7.585779273835517866e-01 1.460022718213602536e-02 5.992953772367412668e+00 1.983676241201089152e-02
6.830000000000000000e+02 3.704212612156816613e+04 7.582039554060213682e-01 1.409343802561411306e-02 5.992953772367412668e+00 1.983676241201089152e-02
6.840000000000000000e+02 3.713572938214574970e+04 7.578299834284909497e-01 1.427834152366636890e-02 5.992953772367412668e+00 1.983676241201089152e-02
6.850000000000000000e+02 3.722820324000700930e+04 7.574560114509603093e-01 1.555251848727946806e-02 5.992953772367412668e+00 1.983676241201089152e-02
6.860000000000000000e+02 3.731314486541580845e+04 7.570820394734298908e-01 1.483221052817634313e-02 5.992953772367412668e+00 1.983676241201089152e-02
6.870000000000000000e+02 3.740228928724452999e+04 7.567081066559496749e-01 1.464752251144341155e-02 5.992953772367412668e+00 1.983676241201089152e-02
6.880000000000000000e+02 3.749253073760589905e+04 7.563342274795177289e-01 1.502399154727441719e-02 5.992953772367412668e+00 1.983676241201089152e-02
6.890000000000000000e+02 3.758054106730136118e+04 7.559603627840840723e-01 1.477570510769996362e-02 5.992953772367412668e+00 1.983676241201089152e-02
6.900000000000000000e+02 3.767007080636890896e+04 7.555864980886501936e-01 1.454614962502526025e-02 5.992953772367412668e+00 1.983676241201089152e-02
6.910000000000000000e+02 3.776106315089834243e+04 7.552126333932165370e-01 1.512078872671865533e-02 5.992953772367412668e+00 1.983676241201089152e-02
6.920000000000000000e+02 3.784868548256265058e+04 7.548387686977828803e-01 1.613591760213648960e-02 5.992953772367412668e+00 1.983676241201089152e-02
6.930000000000000000e+02 3.793082123167986720e+04 7.544649040023490016e-01 1.684578981213132737e-02 5.992953772367412668e+00 1.983676241201089152e-02
6.940000000000000000e+02 3.800952323585390695e+04 7.540910393069153450e-01 1.701316857390190729e-02 5.992953772367412668e+00 1.983676241201089152e-02
6.950000000000000000e+02 3.808747938311562029e+04 7.537171746114814663e-01 1.749157538771040771e-02 5.992953772367412668e+00 1.983676241201089152e-02
6.960000000000000000e+02 3.816335678237142565e+04 7.533433099160478097e-01 1.528304622159965161e-02 5.992953772367412668e+00 1.983676241201089152e-02
6.970000000000000000e+02 3.825032477921674581e+04 7.529694452206141531e-01 1.515728970087425881e-02 5.992953772367412668e+00 1.983676241201089152e-02
6.980000000000000000e+02 3.833801127153487323e+04 7.525955805251802744e-01 1.641290119415874174e-02 5.992953772367412668e+00 1.983676241201089152e-02
6.990000000000000000e+02 3.841899012371631397e+04 7.522217158297466177e-01 1.548622897390153699e-02 5.992953772367412668e+00 1.983676241201089152e-02
7.000000000000000000e+02 3.850488050789863337e+04 7.518478511343127391e-01 1.594325124319406067e-02 5.992953772367412668e+00 1.983676241201089152e-02
7.010000000000000000e+02 3.858837374510922382e+04 7.514739864388790824e-01 1.645704825449628012e-02 5.992953772367412668e+00 1.983676241201089152e-02
7.020000000000000000e+02 3.866923426778760040e+04 7.511001217434454258e-01 1.647452848834403058e-02 5.992953772367412668e+00 1.983676241201089152e-02
7.030000000000000000e+02 3.875004743582940137e+04 7.507262570480115471e-01 1.684368223414882751e-02 5.992953772367412668e+00 1.983676241201089152e-02
7.040000000000000000e+02 3.882914694360805879e+04 7.503523923525778905e-01 1.719861319397840427e-02 5.992953772367412668e+00 1.983676241201089152e-02
7.050000000000000000e+02 3.890663426186810102e+04 7.499785276571440118e-01 1.673304139362317630e-02 5.992953772367412668e+00 1.983676241201089152e-02
7.060000000000000000e+02 3.898633511126386293e+04 7.496046629617103552e-01 1.649658886691189250e-02 5.992953772367412668e+00 1.983676241201089152e-02
7.070000000000000000e+02 3.906723237814267486e+04 7.492307982662766985e-01 1.732717689607339920e-02 5.992953772367412668e+00 1.983676241201089152e-02
7.080000000000000000e+02 3.914426003128791490e+04 7.488569335708428198e-01 1.693254755448061338e-02 5.992953772367412668e+00 1.983676241201089152e-02
7.090000000000000000e+02 3.922313250010411139e+04 7.484830688754091632e-01 1.693513898922282754e-02 5.992953772367412668e+00 1.983676241201089152e-02
7.100000000000000000e+02 3.930206534079425182e+04 7.481092041799752845e-01 1.628919679025181769e-02 5.992953772367412668e+00 1.983676241201089152e-02
7.110000000000000000e+02 3.938431270700995810e+04 7.477353394845416279e-01 1.513182793672119067e-02 5.992953772367412668e+00 1.983676241201089152e-02
7.120000000000000000e+02 3.947269811724975443e+04 7.473614747891079713e-01 1.495398749040986047e-02 5.992953772367412668e+00 1.983676241201089152e-02
7.130000000000000000e+02 3.956217394254219107e+04 7.469876100936740926e-01 1.483791358426548093e-02 5.992953772367412668e+00 1.983676241201089152e-02
7.140000000000000000e+02 3.965239772033444024e+04 7.466137453982404359e-01 1.414765423747431708e-02 5.992953772367412668e+00 1.983676241201089152e-02
7.150000000000000000e+02 3.974715317405599490e+04 7.462398807028066683e-01 1.350516470787118881e-02 5.992953772367412668e+00 1.983676241201089152e-02
7.160000000000000000e+02 3.984639110649455688e+04 7.458660160073729006e-01 1.385257419966160440e-02 5.992953772367412668e+00 1.983676241201089152e-02
7.170000000000000000e+02 3.994318088860196440e+04 7.454921513119392440e-01 1.433230354238933073e-02 5.992953772367412668e+00 1.983676241201089152e-02
7.180000000000000000e+02 4.003679548265823541e+04 7.451182866165053653e-01 1.477621353071127686e-02 5.992953772367412668e+00 1.983676241201089152e-02
7.190000000000000000e+02 4.012763446206224762e+04 7.447444219210717087e-01 1.520406092995958171e-02 5.992953772367412668e+00 1.983676241201089152e-02
7.200000000000000000e+02 4.021595127848658740e+04 7.443705572256379410e-01 1.515273070879556011e-02 5.992953772367412668e+00 1.983676241201089152e-02
7.210000000000000000e+02 4.030461215100398113e+04 7.439966925302041734e-01 1.478688207585815602e-02 5.992953772367412668e+00 1.983676241201089152e-02
7.220000000000000000e+02 4.039553021315978549e+04 7.436228278347705167e-01 1.499727324663801230e-02 5.992953772367412668e+00 1.983676241201089152e-02
7.230000000000000000e+02 4.048525523117263219e+04 7.432489631393366381e-01 1.602194589474283115e-02 5.992953772367412668e+00 1.983676241201089152e-02
7.240000000000000000e+02 4.056925395245222899e+04 7.428750984439029814e-01 1.537182073722468192e-02 5.992953772367412668e+00 1.983676241201089152e-02
7.250000000000000000e+02 4.065695024422921415e+04 7.425012337484692138e-01 1.425027706495224020e-02 5.992953772367412668e+00 1.983676241201089152e-02
7.260000000000000000e+02 4.075147820887875423e+04 7.421273690530354461e-01 1.402492701517685930e-02 5.992953772367412668e+00 1.983676241201089152e-02
7.270000000000000000e+02 4.084756015686369938e+04 7.417535454148376228e-01 1.406976333450985807e-02 5.992953772367412668e+00 1.983676241201089152e-02
7.280000000000000000e+02 4.094338825721688772e+04 7.413797869280749353e-01 1.393986330878421026e-02 5.992953772367412668e+00 1.983676241201089152e-02
7.290000000000000000e+02 4.104017155153460772e+04 7.410060525355113281e-01 1.481285947111414363e-02 5.992953772367412668e+00 1.983676241201089152e-02
7.300000000000000000e+02 4.113130227146747347e+04 7.406323181429479430e-01 1.504782658978177229e-02 5.992953772367412668e+00 1.983676241201089152e-02
7.310000000000000000e+02 4.122103459891249804e+04 7.402585837503843358e-01 1.564241057657288908e-02 5.992953772367412668e+00 1.983676241201089152e-02
7.320000000000000000e+02 4.130746041505816538e+04 7.398848493578207286e-01 1.589817126805972286e-02 5.992953772367412668e+00 1.983676241201089152e-02
7.330000000000000000e+02 4.139250301042373758e+04 7.395111149652573435e-01 1.499053773700784534e-02 5.992953772367412668e+00 1.983676241201089152e-02
7.340000000000000000e+02 4.148276987026756979e+04 7.391373805726937363e-01 1.506970138446563426e-02 5.992953772367412668e+00 1.983676241201089152e-02
7.350000000000000000e+02 4.157257513014434517e+04 7.387636461801302401e-01 1.461797316250634110e-02 5.992953772367412668e+00 1.983676241201089152e-02
7.360000000000000000e+02 4.166521297878845508e+04 7.383899117875667439e-01 1.464168287185445977e-02 5.992953772367412668e+00 1.983676241201089152e-02
7.370000000000000000e+02 4.175772124550879380e+04 7.380161773950031368e-01 1.465883592847464292e-02 5.992953772367412668e+00 1.983676241201089152e-02
7.380000000000000000e+02 4.185017772930012143e+04 7.376424430024396406e-01 1.453382243805340437e-02 5.992953772367412668e+00 1.983676241201089152e-02
7.390000000000000000e+02 4.194345845980085869e+04 7.372687086098761444e-01 1.415463174548526985e-02 5.992953772367412668e+00 1.983676241201089152e-02
7.400000000000000000e+02 4.203929219058340823e+04 7.368949742173125372e-01 1.352416176799302663e-02 5.992953772367412668e+00 1.983676241201089152e-02
7.410000000000000000e+02 4.213964272534560587e+04 7.365212398247491521e-01 1.362682301881718190e-02 5.992953772367412668e+00 1.983676241201089152e-02
7.420000000000000000e+02 4.223928124931652565e+04 7.361475054321855449e-01 1.401813388418246889e-02 5.992953772367412668e+00 1.983676241201089152e-02
7.430000000000000000e+02 4.233618966908793664e+04 7.357737710396219377e-01 1.406691075896386069e-02 5.992953772367412668e+00 1.983676241201089152e-02
7.440000000000000000e+02 4.243280888455264358e+04 7.354000366470585526e-01 1.444930967218012972e-02 5.992953772367412668e+00 1.983676241201089152e-02
7.450000000000000000e+02 4.252692238580798585e+04 7.350263022544949454e-01 1.419306025925794364e-02 5.992953772367412668e+00 1.983676241201089152e-02
7.460000000000000000e+02 4.262278946136309969e+04 7.346525678619314492e-01 1.415066379590934273e-02 5.992953772367412668e+00 1.983676241201089152e-02
7.470000000000000000e+02 4.271898323736580642e+04 7.342788334693679531e-01 1.409605456314286590e-02 5.992953772367412668e+00 1.983676241201089152e-02
7.480000000000000000e+02 4.281560175520650955e+04 7.339050990768043459e-01 1.473762154637231654e-02 5.992953772367412668e+00 1.983676241201089152e-02
7.490000000000000000e+02 4.290810945245197945e+04 7.335313646842409607e-01 1.533752370767278717e-02 5.992953772367412668e+00 1.983676241201089152e-02
7.500000000000000000e+02 4.299699132033416390e+04 7.331576302916773535e-01 1.548370559805033880e-02 5.992953772367412668e+00 1.983676241201089152e-02
7.510000000000000000e+02 4.308508531976077211e+04 7.327838958991137464e-01 1.567174845815387171e-02 5.992953772367412668e+00 1.983676241201089152e-02
7.520000000000000000e+02 4.317216383001244685e+04 7.324101615065503612e-01 1.539642133832530048e-02 5.992953772367412668e+00 1.983676241201089152e-02
7.530000000000000000e+02 4.326085592447275849e+04 7.320364271139867540e-01 1.492918852757282172e-02 5.992953772367412668e+00 1.983676241201089152e-02
7.540000000000000000e+02 4.335241898264815245e+04 7.316626927214232579e-01 1.596775741550071973e-02 5.992953772367412668e+00 1.983676241201089152e-02
7.550000000000000000e+02 4.343804936419457226e+04 7.312889583288597617e-01 1.531255056681109575e-02 5.992953772367412668e+00 1.983676241201089152e-02
7.560000000000000000e+02 4.352739559974930307e+04 7.309152239362961545e-01 1.479024538543777592e-02 5.992953772367412668e+00 1.983676241201089152e-02
7.570000000000000000e+02 4.361990218183812249e+04 7.305414895437327694e-01 1.504699921917453803e-02 5.992953772367412668e+00 1.983676241201089152e-02
7.580000000000000000e+02 4.371087518322691903e+04 7.301677551511691622e-01 1.476652907377943268e-02 5.992953772367412668e+00 1.983676241201089152e-02
7.590000000000000000e+02 4.380364273422535189e+04 7.297940207586055550e-01 1.410049957014965910e-02 5.992953772367412668e+00 1.983676241201089152e-02
7.600000000000000000e+02 4.390083703340269130e+04 7.294202863660421698e-01 1.430085261567465814e-02 5.992953772367412668e+00 1.983676241201089152e-02
7.610000000000000000e+02 4.399671578705133288e+04 7.290465519734785627e-01 1.382456053999737283e-02 5.992953772367412668e+00 1.983676241201089152e-02
7.620000000000000000e+02 4.409595681159044034e+04 7.286728175809149555e-01 1.357236083774878040e-02 5.992953772367412668e+00 1.983676241201089152e-02
7.630000000000000000e+02 4.419707841170603933e+04 7.282990831883515703e-01 1.341375731879091392e-02 5.992953772367412668e+00 1.983676241201089152e-02
7.640000000000000000e+02 4.429944741129629983e+04 7.279253487957879631e-01 1.418878381824842556e-02 5.992953772367412668e+00 1.983676241201089152e-02
7.650000000000000000e+02 4.439632638432770909e+04 7.275516144032244670e-01 1.447399649460102966e-02 5.992953772367412668e+00 1.983676241201089152e-02
7.660000000000000000e+02 4.449132484272269357e+04 7.271779040437511554e-01 1.384758026250188477e-02 5.992953772367412668e+00 1.983676241201089152e-02
7.670000000000000000e+02 4.459064365801915119e+04 7.268042718063055796e-01 1.399381309754191283e-02 5.992953772367412668e+00 1.983676241201089152e-02
7.680000000000000000e+02 4.468898336415180529e+04 7.264306936577976659e-01 1.423338107708875012e-02 5.992953772367412668e+00 1.983676241201089152e-02
7.690000000000000000e+02 4.478570422535070247e+04 7.260571155092898632e-01 1.405090666694290905e-02 5.992953772367412668e+00 1.983676241201089152e-02
7.700000000000000000e+02 4.488372980172488315e+04 7.256835373607819495e-01 1.407942417093023361e-02 5.992953772367412668e+00 1.983676241201089152e-02
7.710000000000000000e+02 4.498160668607459957e+04 7.253099592122740358e-01 1.409330264896244481e-02 5.992953772367412668e+00 1.983676241201089152e-02
7.720000000000000000e+02 4.507944015601482533e+04 7.249363810637662331e-01 1.451426209891635080e-02 5.992953772367412668e+00 1.983676241201089152e-02
7.730000000000000000e+02 4.517449454753314058e+04 7.245628029152583194e-01 1.463600544223681368e-02 5.992953772367412668e+00 1.983676241201089152e-02
7.740000000000000000e+02 4.526879658944785479e+04 7.241892247667505167e-01 1.448108131740735195e-02 5.992953772367412668e+00 1.983676241201089152e-02
7.750000000000000000e+02 4.536415499836015806e+04 7.238156466182426030e-01 1.463065055942583403e-02 5.992953772367412668e+00 1.983676241201089152e-02
7.760000000000000000e+02 4.545858609945797070e+04 7.234420684697346893e-01 1.447794671216132319e-02 5.992953772367412668e+00 1.983676241201089152e-02
7.770000000000000000e+02 4.555406446755513753e+04 7.230684903212267756e-01 1.463879772287611687e-02 5.992953772367412668e+00 1.983676241201089152e-02
7.780000000000000000e+02 4.564855832757672033e+04 7.226949121727189729e-01 1.484863748896017750e-02 5.992953772367412668e+00 1.983676241201089152e-02
7.790000000000000000e+02 4.574174687936293049e+04 7.223213340242110592e-01 1.479337081021675146e-02 5.992953772367412668e+00 1.983676241201089152e-02
7.800000000000000000e+02 4.583534109807208733e+04 7.219477558757032565e-01 1.556693403184656287e-02 5.992953772367412668e+00 1.983676241201089152e-02
7.810000000000000000e+02 4.592436098923242389e+04 7.215741777271953428e-01 1.580663977793990774e-02 5.992953772367412668e+00 1.983676241201089152e-02
7.820000000000000000e+02 4.601203450626097765e+04 7.212005995786874291e-01 1.685015514739814091e-02 5.992953772367412668e+00 1.983676241201089152e-02
7.830000000000000000e+02 4.609436329750925506e+04 7.208270214301795153e-01 1.624996442346129250e-02 5.992953772367412668e+00 1.983676241201089152e-02
7.840000000000000000e+02 4.617984131997096119e+04 7.204534432816717127e-01 1.568510033957084757e-02 5.992953772367412668e+00 1.983676241201089152e-02
7.850000000000000000e+02 4.626836222415733937e+04 7.200798651331639100e-01 1.635680205667628881e-02 5.992953772367412668e+00 1.983676241201089152e-02
7.860000000000000000e+02 4.635326406647726253e+04 7.197062869846559963e-01 1.588142151786985784e-02 5.992953772367412668e+00 1.983676241201089152e-02
7.870000000000000000e+02 4.644075031437077996e+04 7.193327088361480826e-01 1.622322128401032168e-02 5.992953772367412668e+00 1.983676241201089152e-02
7.880000000000000000e+02 4.652644550960729975e+04 7.189591306876401688e-01 1.700354266819038493e-02 5.992953772367412668e+00 1.983676241201089152e-02
7.890000000000000000e+02 4.660830641316321999e+04 7.185855525391323662e-01 1.857041430811432609e-02 5.992953772367412668e+00 1.983676241201089152e-02
7.900000000000000000e+02 4.668331142887725582e+04 7.182119743906244524e-01 1.890258902701479407e-02 5.992953772367412668e+00 1.983676241201089152e-02
7.910000000000000000e+02 4.675699912127625430e+04 7.178383962421166498e-01 1.789584168500320607e-02 5.992953772367412668e+00 1.983676241201089152e-02
7.920000000000000000e+02 4.683484177776239812e+04 7.174648180936087360e-01 1.804706311534669261e-02 5.992953772367412668e+00 1.983676241201089152e-02
7.930000000000000000e+02 4.691207247975042992e+04 7.170912399451008223e-01 1.718314775184827045e-02 5.992953772367412668e+00 1.983676241201089152e-02
7.940000000000000000e+02 4.699331250818630360e+04 7.167176617965929086e-01 1.647605293550729114e-02 5.992953772367412668e+00 1.983676241201089152e-02
7.950000000000000000e+02 4.707799904682773922e+04 7.163440836480851059e-01 1.688140243522353451e-02 5.992953772367412668e+00 1.983676241201089152e-02
7.960000000000000000e+02 4.716069972416434757e+04 7.159705054995771922e-01 1.695811684266804870e-02 5.992953772367412668e+00 1.983676241201089152e-02
7.970000000000000000e+02 4.724306287547118700e+04 7.155969273510693895e-01 1.669164144761301274e-02 5.992953772367412668e+00 1.983676241201089152e-02
7.980000000000000000e+02 4.732679326664374821e+04 7.152233492025614758e-01 1.691103718436073877e-02 5.992953772367412668e+00 1.983676241201089152e-02
7.990000000000000000e+02 4.740950340137322928e+04 7.148497710540535621e-01 1.766978781813172833e-02 5.992953772367412668e+00 1.983676241201089152e-02
8.000000000000000000e+02 4.748868086582257092e+04 7.144761929055456484e-01 1.725987501996675832e-02 5.992953772367412668e+00 1.983676241201089152e-02
8.010000000000000000e+02 4.756981462926782842e+04 7.141026147570378457e-01 1.640845987101228337e-02 5.992953772367412668e+00 1.983676241201089152e-02
8.020000000000000000e+02 4.765516105601341405e+04 7.137290366085300430e-01 1.641438767682599359e-02 5.992953772367412668e+00 1.983676241201089152e-02
8.030000000000000000e+02 4.774052143941617396e+04 7.133554584600221293e-01 1.629508108309907916e-02 5.992953772367412668e+00 1.983676241201089152e-02
8.040000000000000000e+02 4.782655370812625188e+04 7.129818803115142156e-01 1.652588027078590732e-02 5.992953772367412668e+00 1.983676241201089152e-02
8.050000000000000000e+02 4.791144559565256350e+04 7.126083688641706715e-01 1.658075732105104838e-02 5.992953772367412668e+00 1.983676241201089152e-02
8.060000000000000000e+02 4.799611094472238619e+04 7.122349469987647730e-01 1.580663977794039693e-02 5.992953772367412668e+00 1.983676241201089152e-02
8.070000000000000000e+02 4.808493917063236586e+04 7.118615480141323726e-01 1.525218665002605646e-02 5.992953772367412668e+00 1.983676241201089152e-02
8.080000000000000000e+02 4.817716415799102106e+04 7.114881490294997501e-01 1.422273508888047440e-02 5.992953772367412668e+00 1.983676241201089152e-02
8.090000000000000000e+02 4.827600371149498824e+04 7.111147500448673497e-01 1.424335660131696366e-02 5.992953772367412668e+00 1.983676241201089152e-02
8.100000000000000000e+02 4.837473838877994422e+04 7.107413510602348383e-01 1.457909673215645324e-02 5.992953772367412668e+00 1.983676241201089152e-02
8.110000000000000000e+02 4.847126978822205274e+04 7.103679520756023269e-01 1.511152893183987517e-02 5.992953772367412668e+00 1.983676241201089152e-02
8.120000000000000000e+02 4.856444090916960704e+04 7.099945530909699265e-01 1.585057562378023449e-02 5.992953772367412668e+00 1.983676241201089152e-02
8.130000000000000000e+02 4.865330769714507187e+04 7.096211541063373041e-01 1.560635463828439692e-02 5.992953772367412668e+00 1.983676241201089152e-02
8.140000000000000000e+02 4.874361591900637723e+04 7.092477551217049037e-01 1.472984471596648290e-02 5.992953772367412668e+00 1.983676241201089152e-02
8.150000000000000000e+02 4.883942579669948464e+04 7.088743561370725033e-01 1.475250784382671140e-02 5.992953772367412668e+00 1.983676241201089152e-02
8.160000000000000000e+02 4.893513761441443785e+04 7.085009571524398808e-01 1.422925443704192543e-02 5.992953772367412668e+00 1.983676241201089152e-02
8.170000000000000000e+02 4.903440422445800505e+04 7.081275581678074804e-01 1.495531080437803757e-02 5.992953772367412668e+00 1.983676241201089152e-02
8.180000000000000000e+02 4.912889916353899025e+04 7.077541591831749690e-01 1.552851832721271162e-02 5.992953772367412668e+00 1.983676241201089152e-02
8.190000000000000000e+02 4.921989397041511984e+04 7.073807601985424576e-01 1.483440272003091337e-02 5.992953772367412668e+00 1.983676241201089152e-02
8.200000000000000000e+02 4.931522909650167276e+04 7.070073612139100572e-01 1.437057961233607559e-02 5.992953772367412668e+00 1.983676241201089152e-02
8.210000000000000000e+02 4.941365486299081385e+04 7.066339622292774347e-01 1.436787273681670342e-02 5.992953772367412668e+00 1.983676241201089152e-02
8.220000000000000000e+02 4.951214600543876440e+04 7.062605632446450343e-01 1.410840667745272108e-02 5.992953772367412668e+00 1.983676241201089152e-02
8.230000000000000000e+02 4.961250717924619676e+04 7.058871642600126339e-01 1.418313422605255170e-02 5.992953772367412668e+00 1.983676241201089152e-02
8.240000000000000000e+02 4.971239464927428344e+04 7.055137652753800115e-01 1.469630157412361512e-02 5.992953772367412668e+00 1.983676241201089152e-02
8.250000000000000000e+02 4.980886235666534049e+04 7.051403662907476111e-01 1.511406625915908374e-02 5.992953772367412668e+00 1.983676241201089152e-02
8.260000000000000000e+02 4.990268899964526645e+04 7.047669673061150997e-01 1.517263039972552643e-02 5.992953772367412668e+00 1.983676241201089152e-02
8.270000000000000000e+02 4.999621267827077827e+04 7.043935683214825882e-01 1.512392039520602492e-02 5.992953772367412668e+00 1.983676241201089152e-02
8.280000000000000000e+02 5.009008876822875027e+04 7.040201693368501878e-01 1.504434556094474962e-02 5.992953772367412668e+00 1.983676241201089152e-02
8.290000000000000000e+02 5.018450310947327671e+04 7.036467703522175654e-01 1.473910441060559580e-02 5.992953772367412668e+00 1.983676241201089152e-02
8.300000000000000000e+02 5.028095001635838707e+04 7.032733713675851650e-01 1.453566971767930073e-02 5.992953772367412668e+00 1.983676241201089152e-02
8.310000000000000000e+02 5.037878750270575256e+04 7.028999723829527646e-01 1.550380921089324418e-02 5.992953772367412668e+00 1.983676241201089152e-02
8.320000000000000000e+02 5.047055672067916021e+04 7.025265733983201422e-01 1.575517540947110953e-02 5.992953772367412668e+00 1.983676241201089152e-02
8.330000000000000000e+02 5.056090535181976156e+04 7.021531744136877418e-01 1.510487794994434113e-02 5.992953772367412668e+00 1.983676241201089152e-02
8.340000000000000000e+02 5.065524186472004658e+04 7.017797754290552303e-01 1.496255853717217386e-02 5.992953772367412668e+00 1.983676241201089152e-02
8.350000000000000000e+02 5.075049876625395700e+04 7.014063764444227189e-01 1.579743721667386733e-02 5.992953772367412668e+00 1.983676241201089152e-02
8.360000000000000000e+02 5.084077953744142724e+04 7.010329774597903185e-01 1.564928126702000433e-02 5.992953772367412668e+00 1.983676241201089152e-02
8.370000000000000000e+02 5.093200662124773953e+04 7.006595784751576961e-01 1.484627155899756121e-02 5.992953772367412668e+00 1.983676241201089152e-02
8.380000000000000000e+02 5.102816292177543801e+04 7.002861794905252957e-01 1.535514705662427946e-02 5.992953772367412668e+00 1.983676241201089152e-02
8.390000000000000000e+02 5.112117522790805378e+04 6.999127805058928953e-01 1.526350841021770557e-02 5.992953772367412668e+00 1.983676241201089152e-02
8.400000000000000000e+02 5.121478503271927912e+04 6.995393815212602728e-01 1.504598503330601030e-02 5.992953772367412668e+00 1.983676241201089152e-02
8.410000000000000000e+02 5.130980006821963616e+04 6.991659825366278724e-01 1.538851393663919973e-02 5.992953772367412668e+00 1.983676241201089152e-02
8.420000000000000000e+02 5.140275965409517812e+04 6.987925835519953610e-01 1.496001483459903983e-02 5.992953772367412668e+00 1.983676241201089152e-02
8.430000000000000000e+02 5.149847103130895266e+04 6.984192837125937636e-01 1.476487749313678058e-02 5.992953772367412668e+00 1.983676241201089152e-02
8.440000000000000000e+02 5.159545709394766891e+04 6.980460912320485267e-01 1.513064732957213054e-02 5.992953772367412668e+00 1.983676241201089152e-02
8.450000000000000000e+02 5.169014769861417881e+04 6.976729069651292914e-01 1.543781372701116990e-02 5.992953772367412668e+00 1.983676241201089152e-02
8.460000000000000000e+02 5.178299739962419699e+04 6.972997226982100560e-01 1.554953809310998317e-02 5.992953772367412668e+00 1.983676241201089152e-02
8.470000000000000000e+02 5.187523026607384236e+04 6.969265384312907097e-01 1.615430418548900390e-02 5.992953772367412668e+00 1.983676241201089152e-02
8.480000000000000000e+02 5.196408083185664145e+04 6.965533541643713633e-01 1.618076719421072257e-02 5.992953772367412668e+00 1.983676241201089152e-02
8.490000000000000000e+02 5.205282333961795666e+04 6.961801698974521280e-01 1.572649748258397873e-02 5.992953772367412668e+00 1.983676241201089152e-02
8.500000000000000000e+02 5.214416260263860750e+04 6.958069856305327816e-01 1.630345080966531454e-02 5.992953772367412668e+00 1.983676241201089152e-02
8.510000000000000000e+02 5.223233022271954542e+04 6.954338013636134352e-01 1.713425146664398005e-02 5.992953772367412668e+00 1.983676241201089152e-02
8.520000000000000000e+02 5.231627012698444742e+04 6.950606170966941999e-01 1.692817879335154277e-02 5.992953772367412668e+00 1.983676241201089152e-02
8.530000000000000000e+02 5.240129708964945166e+04 6.946874328297749646e-01 1.795318207274007247e-02 5.992953772367412668e+00 1.983676241201089152e-02
8.540000000000000000e+02 5.248150526122588781e+04 6.943142485628556182e-01 1.824047133571609497e-02 5.992953772367412668e+00 1.983676241201089152e-02
8.550000000000000000e+02 5.256046518382796057e+04 6.939410642959362718e-01 1.732096170886499031e-02 5.992953772367412668e+00 1.983676241201089152e-02
8.560000000000000000e+02 5.264377873350062146e+04 6.935678800290170365e-01 1.650989599691638637e-02 5.992953772367412668e+00 1.983676241201089152e-02
8.570000000000000000e+02 5.273111600871145492e+04 6.931946957620976901e-01 1.678508566790583995e-02 5.992953772367412668e+00 1.983676241201089152e-02
8.580000000000000000e+02 5.281706073508586269e+04 6.928215114951783438e-01 1.719610711364258707e-02 5.992953772367412668e+00 1.983676241201089152e-02
8.590000000000000000e+02 5.290100518074566935e+04 6.924483272282591084e-01 1.746142827023746888e-02 5.992953772367412668e+00 1.983676241201089152e-02
8.600000000000000000e+02 5.298371583646096406e+04 6.920751429613398731e-01 1.733867298486582720e-02 5.992953772367412668e+00 1.983676241201089152e-02
8.610000000000000000e+02 5.306705318962274760e+04 6.917019586944205267e-01 1.787412575062010886e-02 5.992953772367412668e+00 1.983676241201089152e-02
8.620000000000000000e+02 5.314793779818759504e+04 6.913287744275011804e-01 1.796489738066550310e-02 5.992953772367412668e+00 1.983676241201089152e-02
8.630000000000000000e+02 5.322846241917432053e+04 6.909555901605819450e-01 1.858312713996081514e-02 5.992953772367412668e+00 1.983676241201089152e-02
8.640000000000000000e+02 5.330634077905806771e+04 6.905824058936625987e-01 1.766903979543209269e-02 5.992953772367412668e+00 1.983676241201089152e-02
8.650000000000000000e+02 5.338832715035667934e+04 6.902092216267432523e-01 1.709590772047952720e-02 5.992953772367412668e+00 1.983676241201089152e-02
8.660000000000000000e+02 5.347309396771331376e+04 6.898360373598240169e-01 1.853844909513559930e-02 5.992953772367412668e+00 1.983676241201089152e-02
8.670000000000000000e+02 5.355137908148158022e+04 6.894628530929047816e-01 1.884267309095045625e-02 5.992953772367412668e+00 1.983676241201089152e-02
8.680000000000000000e+02 5.362836850021342980e+04 6.890896688259854352e-01 1.893360277972309935e-02 5.992953772367412668e+00 1.983676241201089152e-02
8.690000000000000000e+02 5.370502619193452847e+04 6.887164845590660889e-01 1.946664471280312031e-02 5.992953772367412668e+00 1.983676241201089152e-02
8.700000000000000000e+02 5.377961791449663724e+04 6.883433002921468535e-01 1.976160591508098474e-02 5.992953772367412668e+00 1.983676241201089152e-02
8.710000000000000000e+02 5.385313434114405391e+04 6.879701160252275072e-01 1.975990682499096859e-02 5.992953772367412668e+00 1.983676241201089152e-02
8.720000000000000000e+02 5.392670401448076154e+04 6.875969317583081608e-01 1.876808797603145632e-02 5.992953772367412668e+00 1.983676241201089152e-02
8.730000000000000000e+02 5.400424038908451621e+04 6.872237474913889255e-01 1.770538652921649359e-02 5.992953772367412668e+00 1.983676241201089152e-02
8.740000000000000000e+02 5.408643655167651013e+04 6.868505632244696901e-01 1.678729732740638636e-02 5.992953772367412668e+00 1.983676241201089152e-02
8.750000000000000000e+02 5.417318283723681088e+04 6.864773789575503438e-01 1.705297360845580909e-02 5.992953772367412668e+00 1.983676241201089152e-02
8.760000000000000000e+02 5.425868208331173810e+04 6.861041946906309974e-01 1.813031882491535421e-02 5.992953772367412668e+00 1.983676241201089152e-02
8.770000000000000000e+02 5.433908736262072489e+04 6.857310104237117621e-01 1.793031262164778220e-02 5.992953772367412668e+00 1.983676241201089152e-02
8.780000000000000000e+02 5.442042656256847840e+04 6.853578261567925267e-01 1.731824920318701319e-02 5.992953772367412668e+00 1.983676241201089152e-02
8.790000000000000000e+02 5.450468781615668559e+04 6.849846418898730693e-01 1.697267352943295990e-02 5.992953772367412668e+00 1.983676241201089152e-02
8.800000000000000000e+02 5.459070568269382784e+04 6.846115555154062005e-01 1.760242489579881553e-02 5.992953772367412668e+00 1.983676241201089152e-02
8.810000000000000000e+02 5.467372880735624494e+04 6.842385874927652267e-01 1.814736036212350606e-02 5.992953772367412668e+00 1.983676241201089152e-02
8.820000000000000000e+02 5.475426541553423158e+04 6.838656399294980037e-01 1.769192428510999240e-02 5.992953772367412668e+00 1.983676241201089152e-02
8.830000000000000000e+02 5.483696780891676462e+04 6.834926923662307807e-01 1.650493689019741014e-02 5.992953772367412668e+00 1.983676241201089152e-02
8.840000000000000000e+02 5.492562584263227473e+04 6.831197448029634467e-01 1.601062428544926600e-02 5.992953772367412668e+00 1.983676241201089152e-02
8.850000000000000000e+02 5.501706281175275217e+04 6.827467972396961127e-01 1.589330973024678101e-02 5.992953772367412668e+00 1.983676241201089152e-02
8.860000000000000000e+02 5.510922467330125073e+04 6.823738496764288897e-01 1.543764877637112017e-02 5.992953772367412668e+00 1.983676241201089152e-02
8.870000000000000000e+02 5.520416777669814473e+04 6.820009021131616667e-01 1.569513864596461250e-02 5.992953772367412668e+00 1.983676241201089152e-02
8.880000000000000000e+02 5.529763309305602161e+04 6.816279545498944437e-01 1.680130871558926237e-02 5.992953772367412668e+00 1.983676241201089152e-02
8.890000000000000000e+02 5.538496683824416687e+04 6.812550069866271096e-01 1.691567135601616118e-02 5.992953772367412668e+00 1.983676241201089152e-02
8.900000000000000000e+02 5.547174863306183397e+04 6.808820594233597756e-01 1.736939603121970266e-02 5.992953772367412668e+00 1.983676241201089152e-02
8.910000000000000000e+02 5.555632136496962630e+04 6.805091118600925526e-01 1.676033484615415889e-02 5.992953772367412668e+00 1.983676241201089152e-02
8.920000000000000000e+02 5.564401286975308903e+04 6.801361642968253296e-01 1.666874589741011714e-02 5.992953772367412668e+00 1.983676241201089152e-02
8.930000000000000000e+02 5.573222092749072181e+04 6.797632167335579956e-01 1.646232006352809848e-02 5.992953772367412668e+00 1.983676241201089152e-02
8.940000000000000000e+02 5.582158285537430493e+04 6.793902691702906615e-01 1.623831259756354853e-02 5.992953772367412668e+00 1.983676241201089152e-02
8.950000000000000000e+02 5.591225780297771416e+04 6.790173216070234385e-01 1.583267438183180026e-02 5.992953772367412668e+00 1.983676241201089152e-02
8.960000000000000000e+02 5.600528158409878233e+04 6.786443740437562155e-01 1.609681631280527117e-02 5.992953772367412668e+00 1.983676241201089152e-02
8.970000000000000000e+02 5.609682229721445765e+04 6.782714264804888815e-01 1.559093025807009592e-02 5.992953772367412668e+00 1.983676241201089152e-02
8.980000000000000000e+02 5.619141372071579826e+04 6.778984789172216585e-01 1.465769705461752656e-02 5.992953772367412668e+00 1.983676241201089152e-02
8.990000000000000000e+02 5.629207282782900438e+04 6.775255313539543245e-01 1.488868527554970678e-02 5.992953772367412668e+00 1.983676241201089152e-02
9.000000000000000000e+02 5.639121968093465694e+04 6.771525837906871015e-01 1.468001604198063831e-02 5.992953772367412668e+00 1.983676241201089152e-02
9.010000000000000000e+02 5.649183862198897259e+04 6.767796362274198785e-01 1.469270604679391579e-02 5.992953772367412668e+00 1.983676241201089152e-02
9.020000000000000000e+02 5.659241294833943539e+04 6.764066886641525445e-01 1.480942954993683461e-02 5.992953772367412668e+00 1.983676241201089152e-02
9.030000000000000000e+02 5.669225314310006797e+04 6.760337411008852104e-01 1.565892261055684687e-02 5.992953772367412668e+00 1.983676241201089152e-02
9.040000000000000000e+02 5.678676059434501076e+04 6.756607935376179874e-01 1.578238700095584840e-02 5.992953772367412668e+00 1.983676241201089152e-02
9.050000000000000000e+02 5.688056268531162641e+04 6.752878459743507644e-01 1.563649020978113979e-02 5.992953772367412668e+00 1.983676241201089152e-02
9.060000000000000000e+02 5.697528236352008389e+04 6.749148984110834304e-01 1.588591072835507031e-02 5.992953772367412668e+00 1.983676241201089152e-02
9.070000000000000000e+02 5.706855275579071167e+04 6.745419508478160964e-01 1.607953418732192830e-02 5.992953772367412668e+00 1.983676241201089152e-02
9.080000000000000000e+02 5.716076910145970032e+04 6.741690032845488734e-01 1.623426642200090711e-02 5.992953772367412668e+00 1.983676241201089152e-02
9.090000000000000000e+02 5.725216278672561020e+04 6.737960557212816504e-01 1.606394396574934921e-02 5.992953772367412668e+00 1.983676241201089152e-02
9.100000000000000000e+02 5.734455719715001032e+04 6.734231081580143163e-01 1.669006983937756233e-02 5.992953772367412668e+00 1.983676241201089152e-02
9.110000000000000000e+02 5.743357471940969117e+04 6.730501605947470933e-01 1.730885775509951457e-02 5.992953772367412668e+00 1.983676241201089152e-02
9.120000000000000000e+02 5.751941931762067543e+04 6.726772130314797593e-01 1.741964897443580920e-02 5.992953772367412668e+00 1.983676241201089152e-02
9.130000000000000000e+02 5.760476729751373205e+04 6.723042654682125363e-01 1.718843166789015692e-02 5.992953772367412668e+00 1.983676241201089152e-02
9.140000000000000000e+02 5.769131289251382987e+04 6.719313179049453133e-01 1.814561672670484196e-02 5.992953772367412668e+00 1.983676241201089152e-02
9.150000000000000000e+02 5.777337074836410466e+04 6.715583703416779793e-01 1.847859697304449211e-02 5.992953772367412668e+00 1.983676241201089152e-02
9.160000000000000000e+02 5.785395702369930223e+04 6.711854835411743547e-01 1.856003183580757013e-02 5.992953772367412668e+00 1.983676241201089152e-02
9.170000000000000000e+02 5.793425960661612771e+04 6.708127352940462806e-01 1.700539769240348720e-02 5.992953772367412668e+00 1.983676241201089152e-02
9.180000000000000000e+02 5.802203459582132200e+04 6.704400648375301586e-01 1.700915231962862872e-02 5.992953772367412668e+00 1.983676241201089152e-02
9.190000000000000000e+02 5.810979924903906794e+04 6.700673943810140365e-01 1.774750553688713914e-02 5.992953772367412668e+00 1.983676241201089152e-02
9.200000000000000000e+02 5.819389990220588516e+04 6.696947239244978034e-01 1.743694287839544707e-02 5.992953772367412668e+00 1.983676241201089152e-02
9.210000000000000000e+02 5.827955681287537300e+04 6.693220534679815703e-01 1.808258387633759900e-02 5.992953772367412668e+00 1.983676241201089152e-02
9.220000000000000000e+02 5.836220781020918366e+04 6.689493830114654482e-01 1.683571182087516965e-02 5.992953772367412668e+00 1.983676241201089152e-02
9.230000000000000000e+02 5.845103742971201427e+04 6.685767125549492151e-01 1.723310225786610014e-02 5.992953772367412668e+00 1.983676241201089152e-02
9.240000000000000000e+02 5.853787519917894679e+04 6.682040420984329820e-01 1.803047683814860622e-02 5.992953772367412668e+00 1.983676241201089152e-02
9.250000000000000000e+02 5.862088465007904597e+04 6.678313716419168600e-01 1.863209935168784817e-02 5.992953772367412668e+00 1.983676241201089152e-02
9.260000000000000000e+02 5.870127298352109938e+04 6.674587011854007379e-01 1.863207120336136946e-02 5.992953772367412668e+00 1.983676241201089152e-02
9.270000000000000000e+02 5.878168650682499720e+04 6.670860307288845048e-01 1.951281956930513151e-02 5.992953772367412668e+00 1.983676241201089152e-02
9.280000000000000000e+02 5.885852838308393257e+04 6.667133602723682717e-01 1.978840820313881518e-02 5.992953772367412668e+00 1.983676241201089152e-02
9.290000000000000000e+02 5.893432511649276421e+04 6.663406898158521496e-01 2.010054891250615330e-02 5.992953772367412668e+00 1.983676241201089152e-02
9.300000000000000000e+02 5.900899047195541061e+04 6.659680193593359165e-01 1.942621240118126702e-02 5.992953772367412668e+00 1.983676241201089152e-02
9.310000000000000000e+02 5.908630987790955260e+04 6.655953489028196834e-01 1.955422603355206138e-02 5.992953772367412668e+00 1.983676241201089152e-02
9.320000000000000000e+02 5.916317631864431314e+04 6.652226784463035614e-01 2.088360685318817536e-02 5.992953772367412668e+00 1.983676241201089152e-02
9.330000000000000000e+02 5.923515565644517483e+04 6.648500079897874393e-01 2.009247745193520202e-02 5.992953772367412668e+00 1.983676241201089152e-02
9.340000000000000000e+02 5.931001642090902169e+04 6.644773375332710952e-01 1.999891705808891362e-02 5.992953772367412668e+00 1.983676241201089152e-02
9.350000000000000000e+02 5.938526559056305268e+04 6.641046670767549731e-01 1.935658427574603671e-02 5.992953772367412668e+00 1.983676241201089152e-02
9.360000000000000000e+02 5.946307219506033289e+04 6.637319966202388510e-01 1.892750028984907171e-02 5.992953772367412668e+00 1.983676241201089152e-02
9.370000000000000000e+02 5.954266929313055880e+04 6.633593261637226179e-01 1.901364105404006535e-02 5.992953772367412668e+00 1.983676241201089152e-02
9.380000000000000000e+02 5.962195113443546870e+04 6.629866557072063848e-01 1.927042781422023607e-02 5.992953772367412668e+00 1.983676241201089152e-02
9.390000000000000000e+02 5.970022302703054447e+04 6.626139852506902628e-01 1.887369866360905438e-02 5.992953772367412668e+00 1.983676241201089152e-02
9.400000000000000000e+02 5.978027944610261329e+04 6.622413147941741407e-01 1.895109770074433070e-02 5.992953772367412668e+00 1.983676241201089152e-02
9.410000000000000000e+02 5.986000015709945728e+04 6.618686443376577966e-01 1.803704678204914869e-02 5.992953772367412668e+00 1.983676241201089152e-02
9.420000000000000000e+02 5.994390118912575417e+04 6.614959738811416745e-01 1.770728467636828452e-02 5.992953772367412668e+00 1.983676241201089152e-02
9.430000000000000000e+02 6.002932533676976891e+04 6.611233034246255524e-01 1.843022375407415633e-02 5.992953772367412668e+00 1.983676241201089152e-02
9.440000000000000000e+02 6.011141476041584974e+04 6.607506329681093193e-01 1.758439373992447957e-02 5.992953772367412668e+00 1.983676241201089152e-02
9.450000000000000000e+02 6.019748670125367789e+04 6.603779625115930862e-01 1.756738150399760404e-02 5.992953772367412668e+00 1.983676241201089152e-02
9.460000000000000000e+02 6.028371932414505136e+04 6.600052920550769642e-01 1.699840254609357240e-02 5.992953772367412668e+00 1.983676241201089152e-02
9.470000000000000000e+02 6.037293603112740675e+04 6.596326215985608421e-01 1.820579321748732465e-02 5.992953772367412668e+00 1.983676241201089152e-02
9.480000000000000000e+02 6.045622671916761465e+04 6.592599511420444980e-01 1.781568501125080708e-02 5.992953772367412668e+00 1.983676241201089152e-02
9.490000000000000000e+02 6.054140405194625782e+04 6.588872806855283759e-01 1.693417989768919787e-02 5.992953772367412668e+00 1.983676241201089152e-02
9.500000000000000000e+02 6.063104164880451572e+04 6.585146102290122538e-01 1.679531832551378612e-02 5.992953772367412668e+00 1.983676241201089152e-02
9.510000000000000000e+02 6.072146411383350642e+04 6.581419397724960207e-01 1.623769158387392691e-02 5.992953772367412668e+00 1.983676241201089152e-02
9.520000000000000000e+02 6.081505308006532869e+04 6.577693842314698003e-01 1.646101221702408676e-02 5.992953772367412668e+00 1.983676241201089152e-02
9.530000000000000000e+02 6.090742790725363011e+04 6.573969837546845829e-01 1.631215740638363235e-02 5.992953772367412668e+00 1.983676241201089152e-02
9.540000000000000000e+02 6.100069143124522816e+04 6.570246234266506891e-01 1.685590833482789735e-02 5.992953772367412668e+00 1.983676241201089152e-02
9.550000000000000000e+02 6.109102645538720390e+04 6.566522630986167952e-01 1.687979074154738468e-02 5.992953772367412668e+00 1.983676241201089152e-02
9.560000000000000000e+02 6.118128446703896043e+04 6.562799027705829014e-01 1.783275810108442619e-02 5.992953772367412668e+00 1.983676241201089152e-02
9.570000000000000000e+02 6.126674898133783427e+04 6.559075424425491185e-01 1.710463402065120000e-02 5.992953772367412668e+00 1.983676241201089152e-02
9.580000000000000000e+02 6.135592089400093391e+04 6.555351821145152247e-01 1.641298678603581723e-02 5.992953772367412668e+00 1.983676241201089152e-02
9.590000000000000000e+02 6.144886777713664196e+04 6.551628217864813308e-01 1.684770550918415419e-02 5.992953772367412668e+00 1.983676241201089152e-02
9.600000000000000000e+02 6.153948766559673095e+04 6.547904614584474370e-01 1.685343269195335378e-02 5.992953772367412668e+00 1.983676241201089152e-02
9.610000000000000000e+02 6.163012573070003418e+04 6.544181011304135431e-01 1.668234485525900770e-02 5.992953772367412668e+00 1.983676241201089152e-02
9.620000000000000000e+02 6.172173507391805470e+04 6.540457408023796493e-01 1.695646503261469609e-02 5.992953772367412668e+00 1.983676241201089152e-02
9.630000000000000000e+02 6.181190509619257500e+04 6.536733804743457554e-01 1.667166617511442114e-02 5.992953772367412668e+00 1.983676241201089152e-02
9.640000000000000000e+02 6.190367011379048199e+04 6.533010201463119726e-01 1.640835821934559860e-02 5.992953772367412668e+00 1.983676241201089152e-02
9.650000000000000000e+02 6.199695603381410183e+04 6.529286598182780788e-01 1.601202206808131911e-02 5.992953772367412668e+00 1.983676241201089152e-02
9.660000000000000000e+02 6.209260856728922954e+04 6.525562994902441849e-01 1.626932826366407278e-02 5.992953772367412668e+00 1.983676241201089152e-02
9.670000000000000000e+02 6.218680419592084218e+04 6.521839391622102911e-01 1.611956532855984836e-02 5.992953772367412668e+00 1.983676241201089152e-02
9.680000000000000000e+02 6.228192799081029807e+04 6.518115788341763972e-01 1.615644017485920111e-02 5.992953772367412668e+00 1.983676241201089152e-02
9.690000000000000000e+02 6.237688433678961155e+04 6.514392185061425034e-01 1.589607283149801348e-02 5.992953772367412668e+00 1.983676241201089152e-02
9.700000000000000000e+02 6.247347299749389640e+04 6.510668581781087205e-01 1.510081896138104618e-02 5.992953772367412668e+00 1.983676241201089152e-02
9.710000000000000000e+02 6.257519238495835452e+04 6.506944978500748267e-01 1.462850068993979194e-02 5.992953772367412668e+00 1.983676241201089152e-02
9.720000000000000000e+02 6.268024441178658890e+04 6.503221375220409328e-01 1.523162952095861999e-02 5.992953772367412668e+00 1.983676241201089152e-02
9.730000000000000000e+02 6.278120715009210107e+04 6.499497771940070390e-01 1.504922870132112400e-02 5.992953772367412668e+00 1.983676241201089152e-02
9.740000000000000000e+02 6.288345976752459683e+04 6.495774168659731451e-01 1.449039863953022721e-02 5.992953772367412668e+00 1.983676241201089152e-02
9.750000000000000000e+02 6.298970910748211463e+04 6.492050565379392513e-01 1.510014246010927055e-02 5.992953772367412668e+00 1.983676241201089152e-02
9.760000000000000000e+02 6.309181055900322826e+04 6.488326962099053574e-01 1.460813189204359513e-02 5.992953772367412668e+00 1.983676241201089152e-02
9.770000000000000000e+02 6.319744402747580898e+04 6.484603358818715746e-01 1.429033347396975288e-02 5.992953772367412668e+00 1.983676241201089152e-02
9.780000000000000000e+02 6.330536323634434666e+04 6.480879755538376807e-01 1.454483876934212043e-02 5.992953772367412668e+00 1.983676241201089152e-02
9.790000000000000000e+02 6.341146623475580418e+04 6.477156152258037869e-01 1.387652318305476404e-02 5.992953772367412668e+00 1.983676241201089152e-02
9.800000000000000000e+02 6.352275133496944181e+04 6.473432548977698930e-01 1.400892607923836554e-02 5.992953772367412668e+00 1.983676241201089152e-02
9.810000000000000000e+02 6.363309946998843225e+04 6.469708945697359992e-01 1.325191614264308732e-02 5.992953772367412668e+00 1.983676241201089152e-02
9.820000000000000000e+02 6.374976623841030960e+04 6.465985342417022164e-01 1.358303326683266490e-02 5.992953772367412668e+00 1.983676241201089152e-02
9.830000000000000000e+02 6.386362903995306988e+04 6.462261739136683225e-01 1.368736917489183670e-02 5.992953772367412668e+00 1.983676241201089152e-02
9.840000000000000000e+02 6.397668907114724425e+04 6.458538135856344287e-01 1.382198242805257257e-02 5.992953772367412668e+00 1.983676241201089152e-02
9.850000000000000000e+02 6.408872207352903933e+04 6.454814532576005348e-01 1.477637467374936196e-02 5.992953772367412668e+00 1.983676241201089152e-02
9.860000000000000000e+02 6.419374097121447267e+04 6.451090929295666410e-01 1.617493198210965058e-02 5.992953772367412668e+00 1.983676241201089152e-02
9.870000000000000000e+02 6.428962845400923106e+04 6.447368572144320797e-01 1.590013376025620900e-02 5.992953772367412668e+00 1.983676241201089152e-02
9.880000000000000000e+02 6.438719168343708589e+04 6.443647949715587409e-01 1.501171357756502477e-02 5.992953772367412668e+00 1.983676241201089152e-02
9.890000000000000000e+02 6.449061239499106887e+04 6.439927815880470696e-01 1.549751397664076921e-02 5.992953772367412668e+00 1.983676241201089152e-02
9.900000000000000000e+02 6.459083579801519227e+04 6.436207682045353984e-01 1.553282029898519871e-02 5.992953772367412668e+00 1.983676241201089152e-02
9.910000000000000000e+02 6.469093996797331056e+04 6.432487548210237271e-01 1.420331370670458587e-02 5.992953772367412668e+00 1.983676241201089152e-02
9.920000000000000000e+02 6.480046174627072469e+04 6.428767414375121669e-01 1.393609720061345786e-02 5.992953772367412668e+00 1.983676241201089152e-02
9.930000000000000000e+02 6.491209592866970343e+04 6.425047280540004957e-01 1.364571937805941944e-02 5.992953772367412668e+00 1.983676241201089152e-02
9.940000000000000000e+02 6.502616615772996010e+04 6.421327146704889355e-01 1.405208476681508306e-02 5.992953772367412668e+00 1.983676241201089152e-02
9.950000000000000000e+02 6.513699235509469872e+04 6.417607012869772642e-01 1.368576279657516409e-02 5.992953772367412668e+00 1.983676241201089152e-02
9.960000000000000000e+02 6.525085515472771658e+04 6.413886879034655930e-01 1.366733892876245693e-02 5.992953772367412668e+00 1.983676241201089152e-02
9.970000000000000000e+02 6.536493575286013947e+04 6.410166745199539218e-01 1.349527327690465406e-02 5.992953772367412668e+00 1.983676241201089152e-02
9.980000000000000000e+02 6.548054100023858336e+04 6.406446611364423616e-01 1.343318794385213628e-02 5.992953772367412668e+00 1.983676241201089152e-02
9.990000000000000000e+02 6.559674949583667330e+04 6.402726477529306903e-01 1.403829995432003333e-02 5.992953772367412668e+00 1.983676241201089152e-02
1.000000000000000000e+03 6.570804916313463764e+04 6.399006343694191301e-01 1.417420224812664976e-02 5.992953772367412668e+00 1.983676241201089152e-02
1.001000000000000000e+03 6.581839417914820660e+04 6.395286209859074589e-01 1.352802536644587966e-02 5.992953772367412668e+00 1.983676241201089152e-02
1.002000000000000000e+03 6.593398164659262693e+04 6.391566076023957876e-01 1.349728841806145663e-02 5.992953772367412668e+00 1.983676241201089152e-02
1.003000000000000000e+03 6.604989641042548465e+04 6.387845942188841164e-01 1.320185546894893022e-02 5.992953772367412668e+00 1.983676241201089152e-02
1.004000000000000000e+03 6.616848274222486361e+04 6.384125808353725562e-01 1.324466996370827175e-02 5.992953772367412668e+00 1.983676241201089152e-02
1.005000000000000000e+03 6.628674088286049664e+04 6.380405674518608850e-01 1.339542542904459399e-02 5.992953772367412668e+00 1.983676241201089152e-02
1.006000000000000000e+03 6.640374435071396874e+04 6.376685540683493247e-01 1.310688491329602828e-02 5.992953772367412668e+00 1.983676241201089152e-02
1.007000000000000000e+03 6.652340559397450124e+04 6.372965406848376535e-01 1.314764447961669705e-02 5.992953772367412668e+00 1.983676241201089152e-02
1.008000000000000000e+03 6.664275788163056131e+04 6.369245273013259823e-01 1.303768395607371455e-02 5.992953772367412668e+00 1.983676241201089152e-02
1.009000000000000000e+03 6.676319838013217668e+04 6.365525139178143110e-01 1.291407769015532996e-02 5.992953772367412668e+00 1.983676241201089152e-02
1.010000000000000000e+03 6.688484790786537633e+04 6.361805005343027508e-01 1.293042386100389136e-02 5.992953772367412668e+00 1.983676241201089152e-02
1.011000000000000000e+03 6.700641350205171329e+04 6.358084871507910796e-01 1.346362007900893387e-02 5.992953772367412668e+00 1.983676241201089152e-02
1.012000000000000000e+03 6.712324574102980841e+04 6.354364737672795194e-01 1.383173422501555137e-02 5.992953772367412668e+00 1.983676241201089152e-02
1.013000000000000000e+03 6.723707149385016237e+04 6.350644603837678481e-01 1.399652749966865187e-02 5.992953772367412668e+00 1.983676241201089152e-02
1.014000000000000000e+03 6.734962266138124687e+04 6.346924470002561769e-01 1.376526596290007093e-02 5.992953772367412668e+00 1.983676241201089152e-02
1.015000000000000000e+03 6.746412201178957184e+04 6.343204336167445057e-01 1.365418436623146506e-02 5.992953772367412668e+00 1.983676241201089152e-02
1.016000000000000000e+03 6.757959798151631549e+04 6.339484202332329454e-01 1.379922133683180591e-02 5.992953772367412668e+00 1.983676241201089152e-02
1.017000000000000000e+03 6.769391595597242122e+04 6.335764068497212742e-01 1.346599870181147511e-02 5.992953772367412668e+00 1.983676241201089152e-02
1.018000000000000000e+03 6.781114554074303305e+04 6.332043934662097140e-01 1.343451270739935005e-02 5.992953772367412668e+00 1.983676241201089152e-02
1.019000000000000000e+03 6.792870657290161762e+04 6.328323800826980428e-01 1.328687762882720461e-02 5.992953772367412668e+00 1.983676241201089152e-02
1.020000000000000000e+03 6.804764326199267816e+04 6.324603666991863715e-01 1.364412190815608369e-02 5.992953772367412668e+00 1.983676241201089152e-02
1.021000000000000000e+03 6.816354081618081545e+04 6.320884214058876127e-01 1.357675958493849075e-02 5.992953772367412668e+00 1.983676241201089152e-02
1.022000000000000000e+03 6.828007543566521781e+04 6.317166682946793177e-01 1.426664705741864485e-02 5.992953772367412668e+00 1.983676241201089152e-02
1.023000000000000000e+03 6.839106821890882566e+04 6.313450392753483520e-01 1.377120828456344925e-02 5.992953772367412668e+00 1.983676241201089152e-02
1.024000000000000000e+03 6.850613852634983778e+04 6.309734102560176083e-01 1.425697020338691744e-02 5.992953772367412668e+00 1.983676241201089152e-02
1.025000000000000000e+03 6.861746784849191317e+04 6.306017812366866426e-01 1.452206194213959307e-02 5.992953772367412668e+00 1.983676241201089152e-02
1.026000000000000000e+03 6.872673806211772899e+04 6.302301522173558990e-01 1.422771758866016832e-02 5.992953772367412668e+00 1.983676241201089152e-02
1.027000000000000000e+03 6.883827313694042095e+04 6.298585231980251553e-01 1.326292576523088740e-02 5.992953772367412668e+00 1.983676241201089152e-02
1.028000000000000000e+03 6.895805997504715924e+04 6.294868941786941896e-01 1.329910781647175230e-02 5.992953772367412668e+00 1.983676241201089152e-02
1.029000000000000000e+03 6.907766322810421116e+04 6.291152651593634459e-01 1.473844166457051463e-02 5.992953772367412668e+00 1.983676241201089152e-02
1.030000000000000000e+03 6.918560605153375946e+04 6.287436361400324802e-01 1.510308591619575862e-02 5.992953772367412668e+00 1.983676241201089152e-02
1.031000000000000000e+03 6.929091730949099292e+04 6.283720071207017366e-01 1.506386633056586329e-02 5.992953772367412668e+00 1.983676241201089152e-02
1.032000000000000000e+03 6.939656462837761501e+04 6.280003781013708819e-01 1.455807127520078806e-02 5.992953772367412668e+00 1.983676241201089152e-02
1.033000000000000000e+03 6.950596823682519607e+04 6.276287490820400272e-01 1.383093724339315433e-02 5.992953772367412668e+00 1.983676241201089152e-02
1.034000000000000000e+03 6.962122688072174788e+04 6.272571200627092836e-01 1.338858750002678254e-02 5.992953772367412668e+00 1.983676241201089152e-02
1.035000000000000000e+03 6.974030341870193661e+04 6.268854910433783179e-01 1.313083852828406291e-02 5.992953772367412668e+00 1.983676241201089152e-02
1.036000000000000000e+03 6.986178539773536613e+04 6.265138620240475742e-01 1.310325809087363284e-02 5.992953772367412668e+00 1.983676241201089152e-02
1.037000000000000000e+03 6.998359650134615367e+04 6.261422330047166085e-01 1.338443698327905496e-02 5.992953772367412668e+00 1.983676241201089152e-02
1.038000000000000000e+03 7.010291909112210851e+04 6.257706039853858648e-01 1.369849663076662914e-02 5.992953772367412668e+00 1.983676241201089152e-02
1.039000000000000000e+03 7.021967106604638684e+04 6.253989749660551212e-01 1.460199610533035285e-02 5.992953772367412668e+00 1.983676241201089152e-02
1.040000000000000000e+03 7.032919216280871478e+04 6.250273459467241555e-01 1.405473179359950468e-02 5.992953772367412668e+00 1.983676241201089152e-02
1.041000000000000000e+03 7.044302342682186281e+04 6.246557169273934118e-01 1.533274827575003066e-02 5.992953772367412668e+00 1.983676241201089152e-02
1.042000000000000000e+03 7.054748630617145682e+04 6.242840879080624461e-01 1.545904235388276086e-02 5.992953772367412668e+00 1.983676241201089152e-02
1.043000000000000000e+03 7.065111261074374488e+04 6.239124588887317024e-01 1.491631984813242100e-02 5.992953772367412668e+00 1.983676241201089152e-02
1.044000000000000000e+03 7.075858258055181068e+04 6.235408298694009588e-01 1.511423587806256727e-02 5.992953772367412668e+00 1.983676241201089152e-02
1.045000000000000000e+03 7.086470234369525861e+04 6.231692008500699931e-01 1.536243152624120790e-02 5.992953772367412668e+00 1.983676241201089152e-02
1.046000000000000000e+03 7.096915880711950012e+04 6.227975718307392494e-01 1.604105240104178667e-02 5.992953772367412668e+00 1.983676241201089152e-02
1.047000000000000000e+03 7.106931537899927935e+04 6.224259428114082837e-01 1.624547456244954113e-02 5.992953772367412668e+00 1.983676241201089152e-02
1.048000000000000000e+03 7.116822243372723460e+04 6.220543137920775401e-01 1.665788433216523756e-02 5.992953772367412668e+00 1.983676241201089152e-02
1.049000000000000000e+03 7.126475338079813810e+04 6.216826847727466854e-01 1.694393907127277055e-02 5.992953772367412668e+00 1.983676241201089152e-02
1.050000000000000000e+03 7.135970137988046918e+04 6.213110557534158307e-01 1.811995139258516796e-02 5.992953772367412668e+00 1.983676241201089152e-02
1.051000000000000000e+03 7.144853282335925905e+04 6.209394267340850870e-01 1.821386169794101881e-02 5.992953772367412668e+00 1.983676241201089152e-02
1.052000000000000000e+03 7.153695875746797537e+04 6.205677977147541213e-01 1.877345396128414154e-02 5.992953772367412668e+00 1.983676241201089152e-02
1.053000000000000000e+03 7.162280876100454770e+04 6.201961686954233777e-01 1.868691357226223704e-02 5.992953772367412668e+00 1.983676241201089152e-02
1.054000000000000000e+03 7.170910949848497694e+04 6.198245396760924120e-01 1.807847382987972165e-02 5.992953772367412668e+00 1.983676241201089152e-02
1.055000000000000000e+03 7.179837618861952797e+04 6.194530417882547768e-01 1.638133256215594177e-02 5.992953772367412668e+00 1.983676241201089152e-02
1.056000000000000000e+03 7.189699041463925096e+04 6.190817509658192996e-01 1.706988208357477013e-02 5.992953772367412668e+00 1.983676241201089152e-02
1.057000000000000000e+03 7.199165221826186462e+04 6.187105360772926499e-01 1.698968139182477702e-02 5.992953772367412668e+00 1.983676241201089152e-02
1.058000000000000000e+03 7.208680268250967492e+04 6.183393211887661112e-01 1.743898126668611687e-02 5.992953772367412668e+00 1.983676241201089152e-02
1.059000000000000000e+03 7.217955108135139744e+04 6.179681063002395724e-01 1.706842787496738387e-02 5.992953772367412668e+00 1.983676241201089152e-02
1.060000000000000000e+03 7.227443040605020360e+04 6.175968914117129227e-01 1.612505820075184337e-02 5.992953772367412668e+00 1.983676241201089152e-02
1.061000000000000000e+03 7.237484755278652301e+04 6.172256765231864950e-01 1.672594839207225403e-02 5.992953772367412668e+00 1.983676241201089152e-02
1.062000000000000000e+03 7.247175455905444687e+04 6.168544616346598453e-01 1.699573716959672590e-02 5.992953772367412668e+00 1.983676241201089152e-02
1.063000000000000000e+03 7.256716806206342881e+04 6.164832467461331955e-01 1.656675307482500387e-02 5.992953772367412668e+00 1.983676241201089152e-02
1.064000000000000000e+03 7.266508285204325512e+04 6.161120318576067678e-01 1.643722291832376906e-02 5.992953772367412668e+00 1.983676241201089152e-02
1.065000000000000000e+03 7.276382882580884325e+04 6.157408169690801181e-01 1.645943988231803740e-02 5.992953772367412668e+00 1.983676241201089152e-02
1.066000000000000000e+03 7.286250229664513608e+04 6.153696020805536904e-01 1.606698490246364144e-02 5.992953772367412668e+00 1.983676241201089152e-02
1.067000000000000000e+03 7.296364377001607500e+04 6.149983871920270406e-01 1.568433307645125327e-02 5.992953772367412668e+00 1.983676241201089152e-02
1.068000000000000000e+03 7.306731522581010358e+04 6.146271723035003909e-01 1.576887771548666009e-02 5.992953772367412668e+00 1.983676241201089152e-02
1.069000000000000000e+03 7.317049441370056593e+04 6.142559574149739632e-01 1.508858609880336238e-02 5.992953772367412668e+00 1.983676241201089152e-02
1.070000000000000000e+03 7.327847166483777983e+04 6.138847425264473134e-01 1.461156252372793930e-02 5.992953772367412668e+00 1.983676241201089152e-02
1.071000000000000000e+03 7.338996321804261243e+04 6.135135276379208857e-01 1.486025786992474507e-02 5.992953772367412668e+00 1.983676241201089152e-02
1.072000000000000000e+03 7.349964366804198653e+04 6.131423127493942360e-01 1.514042390583716403e-02 5.992953772367412668e+00 1.983676241201089152e-02
1.073000000000000000e+03 7.360737914198085491e+04 6.127710978608675862e-01 1.573949620680977976e-02 5.992953772367412668e+00 1.983676241201089152e-02
1.074000000000000000e+03 7.371106077000542427e+04 6.123998829723411585e-01 1.603505438052700571e-02 5.992953772367412668e+00 1.983676241201089152e-02
1.075000000000000000e+03 7.381289979746706376e+04 6.120286680838145088e-01 1.638829968464457568e-02 5.992953772367412668e+00 1.983676241201089152e-02
1.076000000000000000e+03 7.391260579434398096e+04 6.116574531952880811e-01 1.697733985977106091e-02 5.992953772367412668e+00 1.983676241201089152e-02
1.077000000000000000e+03 7.400892195982519479e+04 6.112862383067614314e-01 1.732394106821114055e-02 5.992953772367412668e+00 1.983676241201089152e-02
1.078000000000000000e+03 7.410335515644325642e+04 6.109150234182347816e-01 1.699055818732165754e-02 5.992953772367412668e+00 1.983676241201089152e-02
1.079000000000000000e+03 7.419969810757778760e+04 6.105438085297083539e-01 1.714185813510622769e-02 5.992953772367412668e+00 1.983676241201089152e-02
1.080000000000000000e+03 7.429524761875472905e+04 6.101725936411817042e-01 1.712411735446393163e-02 5.992953772367412668e+00 1.983676241201089152e-02
1.081000000000000000e+03 7.439097411510109669e+04 6.098013787526552765e-01 1.760450009724412110e-02 5.992953772367412668e+00 1.983676241201089152e-02
1.082000000000000000e+03 7.448413858445717779e+04 6.094301638641286267e-01 1.769238826124516079e-02 5.992953772367412668e+00 1.983676241201089152e-02
1.083000000000000000e+03 7.457689636501099449e+04 6.090589489756019770e-01 1.771852280085734963e-02 5.992953772367412668e+00 1.983676241201089152e-02
1.084000000000000000e+03 7.466956577401244431e+04 6.086877340870755493e-01 1.805797904748705079e-02 5.992953772367412668e+00 1.983676241201089152e-02
1.085000000000000000e+03 7.476057947457161208e+04 6.083165191985488995e-01 1.971556310480060761e-02 5.992953772367412668e+00 1.983676241201089152e-02
1.086000000000000000e+03 7.484396693707279337e+04 6.079453043100224718e-01 1.911403205260403526e-02 5.992953772367412668e+00 1.983676241201089152e-02
1.087000000000000000e+03 7.493004146647524612e+04 6.075740894214958221e-01 1.936900839473427657e-02 5.992953772367412668e+00 1.983676241201089152e-02
1.088000000000000000e+03 7.501502928530951613e+04 6.072030001786085096e-01 1.965763674779407930e-02 5.992953772367412668e+00 1.983676241201089152e-02
1.089000000000000000e+03 7.509881420570987393e+04 6.068321436914534406e-01 1.949120548342403100e-02 5.992953772367412668e+00 1.983676241201089152e-02
1.090000000000000000e+03 7.518337933055851317e+04 6.064613943143910557e-01 1.949542523536465510e-02 5.992953772367412668e+00 1.983676241201089152e-02
1.091000000000000000e+03 7.526797002588910982e+04 6.060906449373288929e-01 2.018360498011576715e-02 5.992953772367412668e+00 1.983676241201089152e-02
1.092000000000000000e+03 7.534973439066550054e+04 6.057198955602665080e-01 2.147843184838934064e-02 5.992953772367412668e+00 1.983676241201089152e-02
1.093000000000000000e+03 7.542660854728842969e+04 6.053491461832043452e-01 2.103630098612438784e-02 5.992953772367412668e+00 1.983676241201089152e-02
1.094000000000000000e+03 7.550514331515632512e+04 6.049783968061419603e-01 1.989921199189730733e-02 5.992953772367412668e+00 1.983676241201089152e-02
1.095000000000000000e+03 7.558827304845485196e+04 6.046076474290795755e-01 1.911081901186398660e-02 5.992953772367412668e+00 1.983676241201089152e-02
1.096000000000000000e+03 7.567482293267601926e+04 6.042368980520174127e-01 1.878478372938477761e-02 5.992953772367412668e+00 1.983676241201089152e-02
1.097000000000000000e+03 7.576292969616898336e+04 6.038661486749550278e-01 1.845796049434659386e-02 5.992953772367412668e+00 1.983676241201089152e-02
1.098000000000000000e+03 7.585265307107647823e+04 6.034953992978928650e-01 1.772959338143189484e-02 5.992953772367412668e+00 1.983676241201089152e-02
1.099000000000000000e+03 7.594612592638521164e+04 6.031246499208304801e-01 1.788268129547327182e-02 5.992953772367412668e+00 1.983676241201089152e-02
1.100000000000000000e+03 7.603884924067054817e+04 6.027539005437683173e-01 1.795133389393037751e-02 5.992953772367412668e+00 1.983676241201089152e-02
1.101000000000000000e+03 7.613126865522212756e+04 6.023831511667059324e-01 1.760660471096535049e-02 5.992953772367412668e+00 1.983676241201089152e-02
1.102000000000000000e+03 7.622556421615659201e+04 6.020124017896437696e-01 1.709507616168576619e-02 5.992953772367412668e+00 1.983676241201089152e-02
1.103000000000000000e+03 7.632273380486534734e+04 6.016416524125813847e-01 1.692222280680875240e-02 5.992953772367412668e+00 1.983676241201089152e-02
1.104000000000000000e+03 7.642095487761322875e+04 6.012709030355192219e-01 1.638927000789330499e-02 5.992953772367412668e+00 1.983676241201089152e-02
1.105000000000000000e+03 7.652245015123844496e+04 6.009001536584568370e-01 1.592016678894124168e-02 5.992953772367412668e+00 1.983676241201089152e-02
1.106000000000000000e+03 7.662698275073048717e+04 6.005294042813946742e-01 1.528127390945045391e-02 5.992953772367412668e+00 1.983676241201089152e-02
1.107000000000000000e+03 7.673594912944233511e+04 6.001586549043322893e-01 1.605894513077169017e-02 5.992953772367412668e+00 1.983676241201089152e-02
1.108000000000000000e+03 7.683973073622661468e+04 5.997879055272701265e-01 1.679895123984587527e-02 5.992953772367412668e+00 1.983676241201089152e-02
1.109000000000000000e+03 7.693900263654514856e+04 5.994171561502077417e-01 1.652067479898007563e-02 5.992953772367412668e+00 1.983676241201089152e-02
1.110000000000000000e+03 7.704004957430057402e+04 5.990464067731455788e-01 1.637817064563140343e-02 5.992953772367412668e+00 1.983676241201089152e-02
1.111000000000000000e+03 7.714201463329976832e+04 5.986756573960831940e-01 1.697710806111556170e-02 5.992953772367412668e+00 1.983676241201089152e-02
1.112000000000000000e+03 7.724041285364747455e+04 5.983049080190208091e-01 1.622706582311649048e-02 5.992953772367412668e+00 1.983676241201089152e-02
1.113000000000000000e+03 7.734341468817560235e+04 5.979341586419586463e-01 1.683637816012186969e-02 5.992953772367412668e+00 1.983676241201089152e-02
1.114000000000000000e+03 7.744276106024424371e+04 5.975634092648962614e-01 1.704391216843799753e-02 5.992953772367412668e+00 1.983676241201089152e-02
1.115000000000000000e+03 7.754098517806390009e+04 5.971926598878340986e-01 1.632291480377821152e-02 5.992953772367412668e+00 1.983676241201089152e-02
1.116000000000000000e+03 7.764358483632003481e+04 5.968219105107717137e-01 1.659375732318285265e-02 5.992953772367412668e+00 1.983676241201089152e-02
1.117000000000000000e+03 7.774456983300711727e+04 5.964511611337095509e-01 1.720492988835471346e-02 5.992953772367412668e+00 1.983676241201089152e-02
1.118000000000000000e+03 7.784204081250679155e+04 5.960804117566471660e-01 1.758509698319227557e-02 5.992953772367412668e+00 1.983676241201089152e-02
1.119000000000000000e+03 7.793744487123038562e+04 5.957096623795850032e-01 1.748225543312244279e-02 5.992953772367412668e+00 1.983676241201089152e-02
1.120000000000000000e+03 7.803348581181644113e+04 5.953389277755178899e-01 1.787232069020018924e-02 5.992953772367412668e+00 1.983676241201089152e-02
1.121000000000000000e+03 7.812747508482031117e+04 5.949684439719591378e-01 1.795551551846660474e-02 5.992953772367412668e+00 1.983676241201089152e-02
1.122000000000000000e+03 7.822109335628106783e+04 5.945981961959139195e-01 1.699078296734968935e-02 5.992953772367412668e+00 1.983676241201089152e-02
1.123000000000000000e+03 7.832016103158591432e+04 5.942279484198684791e-01 1.678791037340030337e-02 5.992953772367412668e+00 1.983676241201089152e-02
1.124000000000000000e+03 7.842041843843253446e+04 5.938577006438232608e-01 1.637212057463295622e-02 5.992953772367412668e+00 1.983676241201089152e-02
1.125000000000000000e+03 7.852328253666614182e+04 5.934874528677778205e-01 1.653806837367758492e-02 5.992953772367412668e+00 1.983676241201089152e-02
1.126000000000000000e+03 7.862518102025956614e+04 5.931172050917323801e-01 1.688624990056813643e-02 5.992953772367412668e+00 1.983676241201089152e-02
1.127000000000000000e+03 7.872502893775889243e+04 5.927469573156871618e-01 1.701445061134011782e-02 5.992953772367412668e+00 1.983676241201089152e-02
1.128000000000000000e+03 7.882419833617043332e+04 5.923767095396417215e-01 1.753436736007641869e-02 5.992953772367412668e+00 1.983676241201089152e-02
1.129000000000000000e+03 7.892048342008619511e+04 5.920064617635965032e-01 1.748932661750623313e-02 5.992953772367412668e+00 1.983676241201089152e-02
1.130000000000000000e+03 7.901707823171802738e+04 5.916362139875510628e-01 1.761961063648798814e-02 5.992953772367412668e+00 1.983676241201089152e-02
1.131000000000000000e+03 7.911307532585217268e+04 5.912659662115058445e-01 1.717986610241956438e-02 5.992953772367412668e+00 1.983676241201089152e-02
1.132000000000000000e+03 7.921160954096211935e+04 5.908957184354604042e-01 1.836843010105578336e-02 5.992953772367412668e+00 1.983676241201089152e-02
1.133000000000000000e+03 7.930376358763541793e+04 5.905254706594151859e-01 1.818917763763281889e-02 5.992953772367412668e+00 1.983676241201089152e-02
1.134000000000000000e+03 7.939686715389933670e+04 5.901552228833697455e-01 1.864371330156493548e-02 5.992953772367412668e+00 1.983676241201089152e-02
1.135000000000000000e+03 7.948776005774774239e+04 5.897849751073245272e-01 1.919643152782593912e-02 5.992953772367412668e+00 1.983676241201089152e-02
1.136000000000000000e+03 7.957609176291260519e+04 5.894147273312790869e-01 1.919049716446738496e-02 5.992953772367412668e+00 1.983676241201089152e-02
1.137000000000000000e+03 7.966451691598654725e+04 5.890444795552338686e-01 1.863010978463320103e-02 5.992953772367412668e+00 1.983676241201089152e-02
1.138000000000000000e+03 7.975564011897740420e+04 5.886742317791884282e-01 1.843825835762682303e-02 5.992953772367412668e+00 1.983676241201089152e-02
1.139000000000000000e+03 7.984779563426949608e+04 5.883039840031430989e-01 1.795744953529995053e-02 5.992953772367412668e+00 1.983676241201089152e-02
1.140000000000000000e+03 7.994246175105019938e+04 5.879337362270977696e-01 1.873557263255488242e-02 5.992953772367412668e+00 1.983676241201089152e-02
1.141000000000000000e+03 8.003324328105435416e+04 5.875634884510523293e-01 1.897323917168216439e-02 5.992953772367412668e+00 1.983676241201089152e-02
1.142000000000000000e+03 8.012296648202530923e+04 5.871932406750071110e-01 2.008263197047442661e-02 5.992953772367412668e+00 1.983676241201089152e-02
1.143000000000000000e+03 8.020779695976506628e+04 5.868229928989616706e-01 1.983845952685485761e-02 5.992953772367412668e+00 1.983676241201089152e-02
1.144000000000000000e+03 8.029371333945378137e+04 5.864527451229164523e-01 1.913698530678921428e-02 5.992953772367412668e+00 1.983676241201089152e-02
1.145000000000000000e+03 8.038282303767142002e+04 5.860824973468710120e-01 1.918980626038708365e-02 5.992953772367412668e+00 1.983676241201089152e-02
1.146000000000000000e+03 8.047174409958039178e+04 5.857122495708257937e-01 2.016288401718618201e-02 5.992953772367412668e+00 1.983676241201089152e-02
1.147000000000000000e+03 8.055646014053659746e+04 5.853420017947803533e-01 2.028279350106600501e-02 5.992953772367412668e+00 1.983676241201089152e-02
1.148000000000000000e+03 8.064072160998184700e+04 5.849717540187351350e-01 1.935805190958385380e-02 5.992953772367412668e+00 1.983676241201089152e-02
1.149000000000000000e+03 8.072903998977664742e+04 5.846015062426896947e-01 1.902627267807072836e-02 5.992953772367412668e+00 1.983676241201089152e-02
1.150000000000000000e+03 8.081894812665737118e+04 5.842312584666444764e-01 1.976957567334869034e-02 5.992953772367412668e+00 1.983676241201089152e-02
1.151000000000000000e+03 8.090554866560867231e+04 5.838610106905990360e-01 2.048367605426192756e-02 5.992953772367412668e+00 1.983676241201089152e-02
1.152000000000000000e+03 8.098918385225972452e+04 5.834908108651948311e-01 2.040147141556155480e-02 5.992953772367412668e+00 1.983676241201089152e-02
1.153000000000000000e+03 8.107323394558990549e+04 5.831208838369872360e-01 1.979712736471610918e-02 5.992953772367412668e+00 1.983676241201089152e-02
1.154000000000000000e+03 8.115986614724338870e+04 5.827511816553356816e-01 2.047712478518504478e-02 5.992953772367412668e+00 1.983676241201089152e-02
1.155000000000000000e+03 8.124367504373112752e+04 5.823814794736839051e-01 2.002951349631996655e-02 5.992953772367412668e+00 1.983676241201089152e-02
1.156000000000000000e+03 8.132942229586244503e+04 5.820117772920323507e-01 2.000723695660487980e-02 5.992953772367412668e+00 1.983676241201089152e-02
1.157000000000000000e+03 8.141530550689414667e+04 5.816420751103805742e-01 2.050090396169100201e-02 5.992953772367412668e+00 1.983676241201089152e-02
1.158000000000000000e+03 8.149918401227549475e+04 5.812723729287290197e-01 2.067311652571712788e-02 5.992953772367412668e+00 1.983676241201089152e-02
1.159000000000000000e+03 8.158240941107535036e+04 5.809026707470772433e-01 2.052538758700271290e-02 5.992953772367412668e+00 1.983676241201089152e-02
1.160000000000000000e+03 8.166628055542353832e+04 5.805329685654256888e-01 2.021654334422332000e-02 5.992953772367412668e+00 1.983676241201089152e-02
1.161000000000000000e+03 8.175149895648509846e+04 5.801632663837740234e-01 1.974292825876114432e-02 5.992953772367412668e+00 1.983676241201089152e-02
1.162000000000000000e+03 8.183880538239977614e+04 5.797935642021223579e-01 1.969799474230887748e-02 5.992953772367412668e+00 1.983676241201089152e-02
1.163000000000000000e+03 8.192636613745434443e+04 5.794238620204708035e-01 1.953334550076555459e-02 5.992953772367412668e+00 1.983676241201089152e-02
1.164000000000000000e+03 8.201472757934118272e+04 5.790541598388190270e-01 1.954087489563591240e-02 5.992953772367412668e+00 1.983676241201089152e-02
1.165000000000000000e+03 8.210312575219472637e+04 5.786844576571674725e-01 2.073393977916684547e-02 5.992953772367412668e+00 1.983676241201089152e-02
1.166000000000000000e+03 8.218650111832127732e+04 5.783147554755156960e-01 2.087344393048108301e-02 5.992953772367412668e+00 1.983676241201089152e-02
1.167000000000000000e+03 8.226937481471405772e+04 5.779450532938641416e-01 1.992383975197211873e-02 5.992953772367412668e+00 1.983676241201089152e-02
1.168000000000000000e+03 8.235623244257504120e+04 5.775753511122123651e-01 2.069160066945075621e-02 5.992953772367412668e+00 1.983676241201089152e-02
1.169000000000000000e+03 8.243992325019587588e+04 5.772056489305608107e-01 2.093113535569839090e-02 5.992953772367412668e+00 1.983676241201089152e-02
1.170000000000000000e+03 8.252269026609623688e+04 5.768359467489090342e-01 2.222365863834563360e-02 5.992953772367412668e+00 1.983676241201089152e-02
1.171000000000000000e+03 8.260073094752374163e+04 5.764662445672574798e-01 2.229964830556376357e-02 5.992953772367412668e+00 1.983676241201089152e-02
1.172000000000000000e+03 8.267853610114418552e+04 5.760965423856058143e-01 2.165089780004129591e-02 5.992953772367412668e+00 1.983676241201089152e-02
1.173000000000000000e+03 8.275871046066349663e+04 5.757268402039541488e-01 2.106699577137513546e-02 5.992953772367412668e+00 1.983676241201089152e-02
1.174000000000000000e+03 8.284119448878719413e+04 5.753571380223025944e-01 2.049001554412332310e-02 5.992953772367412668e+00 1.983676241201089152e-02
1.175000000000000000e+03 8.292602856912727293e+04 5.749874358406508179e-01 2.101272743933559409e-02 5.992953772367412668e+00 1.983676241201089152e-02
1.176000000000000000e+03 8.300879985040373867e+04 5.746177336589992635e-01 2.118702045953238175e-02 5.992953772367412668e+00 1.983676241201089152e-02
1.177000000000000000e+03 8.309094249636713357e+04 5.742480314773474870e-01 2.219444765082594431e-02 5.992953772367412668e+00 1.983676241201089152e-02
1.178000000000000000e+03 8.316943253270057903e+04 5.738783292956959325e-01 2.303869083073530055e-02 5.992953772367412668e+00 1.983676241201089152e-02
1.179000000000000000e+03 8.324507428410304419e+04 5.735086271140441561e-01 2.288815998948134922e-02 5.992953772367412668e+00 1.983676241201089152e-02
1.180000000000000000e+03 8.332125759797485080e+04 5.731389249323926016e-01 2.264614700650043402e-02 5.992953772367412668e+00 1.983676241201089152e-02
1.181000000000000000e+03 8.339831139462474675e+04 5.727692227507408251e-01 2.219224898545824054e-02 5.992953772367412668e+00 1.983676241201089152e-02
1.182000000000000000e+03 8.347699233980580175e+04 5.723995205690892707e-01 2.226096767259003184e-02 5.992953772367412668e+00 1.983676241201089152e-02
1.183000000000000000e+03 8.355556145258962351e+04 5.720298183874374942e-01 2.381428828634610945e-02 5.992953772367412668e+00 1.983676241201089152e-02
1.184000000000000000e+03 8.362898336438000842e+04 5.716603694497768284e-01 2.291970592654006197e-02 5.992953772367412668e+00 1.983676241201089152e-02
1.185000000000000000e+03 8.370530977561230247e+04 5.712912095916882205e-01 2.289712400455305719e-02 5.992953772367412668e+00 1.983676241201089152e-02
1.186000000000000000e+03 8.378176939480176952e+04 5.709220855691807817e-01 2.232312010831196541e-02 5.992953772367412668e+00 1.983676241201089152e-02
1.187000000000000000e+03 8.386023898227002064e+04 5.705529615466735649e-01 2.271604431888416334e-02 5.992953772367412668e+00 1.983676241201089152e-02
1.188000000000000000e+03 8.393740221758022381e+04 5.701838375241661261e-01 2.323687181972832611e-02 5.992953772367412668e+00 1.983676241201089152e-02
1.189000000000000000e+03 8.401288223688906874e+04 5.698147135016586873e-01 2.401777460236680095e-02 5.992953772367412668e+00 1.983676241201089152e-02
1.190000000000000000e+03 8.408596823676922941e+04 5.694455894791514705e-01 2.442405123450956672e-02 5.992953772367412668e+00 1.983676241201089152e-02
1.191000000000000000e+03 8.415786987920339743e+04 5.690764654566440317e-01 2.443944348031735353e-02 5.992953772367412668e+00 1.983676241201089152e-02
1.192000000000000000e+03 8.422977342633188528e+04 5.687073414341367039e-01 2.448364912353055700e-02 5.992953772367412668e+00 1.983676241201089152e-02
1.193000000000000000e+03 8.430161417582562717e+04 5.683382174116293761e-01 2.295157984419780514e-02 5.992953772367412668e+00 1.983676241201089152e-02
1.194000000000000000e+03 8.437831412909647042e+04 5.679690933891219373e-01 2.245259454658332654e-02 5.992953772367412668e+00 1.983676241201089152e-02
1.195000000000000000e+03 8.445673089664761210e+04 5.675999693666146095e-01 2.266151810420830720e-02 5.992953772367412668e+00 1.983676241201089152e-02
1.196000000000000000e+03 8.453447867241856875e+04 5.672308453441072817e-01 2.228125792461477586e-02 5.992953772367412668e+00 1.983676241201089152e-02
1.197000000000000000e+03 8.461360790302317764e+04 5.668617213215998429e-01 2.294224880892414137e-02 5.992953772367412668e+00 1.983676241201089152e-02
1.198000000000000000e+03 8.469051097753139038e+04 5.664925972990926262e-01 2.395642560583891717e-02 5.992953772367412668e+00 1.983676241201089152e-02
1.199000000000000000e+03 8.476420365807105554e+04 5.661234732765851874e-01 2.240627036941758576e-02 5.992953772367412668e+00 1.983676241201089152e-02
1.200000000000000000e+03 8.484309093500048039e+04 5.657543492540777486e-01 2.241767759590010053e-02 5.992953772367412668e+00 1.983676241201089152e-02
1.201000000000000000e+03 8.492195005543642037e+04 5.653852252315705318e-01 2.314859746434617255e-02 5.992953772367412668e+00 1.983676241201089152e-02
1.202000000000000000e+03 8.499836672107900085e+04 5.650161012090630930e-01 2.296935270344487023e-02 5.992953772367412668e+00 1.983676241201089152e-02
1.203000000000000000e+03 8.507542573698806518e+04 5.646469771865557652e-01 2.220856660106608482e-02 5.992953772367412668e+00 1.983676241201089152e-02
1.204000000000000000e+03 8.515517508557255496e+04 5.642778531640484374e-01 2.176129189156851898e-02 5.992953772367412668e+00 1.983676241201089152e-02
1.205000000000000000e+03 8.523663593544640753e+04 5.639087291415409986e-01 2.130392463063988592e-02 5.992953772367412668e+00 1.983676241201089152e-02
1.206000000000000000e+03 8.531988166265880864e+04 5.635396051190337818e-01 2.158172869240529423e-02 5.992953772367412668e+00 1.983676241201089152e-02
1.207000000000000000e+03 8.540211177578536444e+04 5.631704810965263430e-01 2.215090510587530703e-02 5.992953772367412668e+00 1.983676241201089152e-02
1.208000000000000000e+03 8.548228020999598084e+04 5.628013570740189042e-01 2.185782870204896686e-02 5.992953772367412668e+00 1.983676241201089152e-02
1.209000000000000000e+03 8.556357417166608502e+04 5.624322330515116874e-01 2.199045835448438027e-02 5.992953772367412668e+00 1.983676241201089152e-02
1.210000000000000000e+03 8.564443601773084083e+04 5.620631090290042486e-01 2.261638024100835753e-02 5.992953772367412668e+00 1.983676241201089152e-02
1.211000000000000000e+03 8.572311029540633899e+04 5.616939850064968098e-01 2.159571792545077543e-02 5.992953772367412668e+00 1.983676241201089152e-02
1.212000000000000000e+03 8.580560551898596168e+04 5.613248609839895931e-01 2.091400950446961962e-02 5.992953772367412668e+00 1.983676241201089152e-02
1.213000000000000000e+03 8.589079611243150430e+04 5.609557369614821543e-01 2.132340904206429105e-02 5.992953772367412668e+00 1.983676241201089152e-02
1.214000000000000000e+03 8.597441827165600262e+04 5.605866602800889664e-01 2.047599669290773791e-02 5.992953772367412668e+00 1.983676241201089152e-02
1.215000000000000000e+03 8.606155451651995827e+04 5.602179085935533598e-01 2.073248725906176593e-02 5.992953772367412668e+00 1.983676241201089152e-02
1.216000000000000000e+03 8.614765943395052454e+04 5.598494345607611944e-01 2.066969440885220791e-02 5.992953772367412668e+00 1.983676241201089152e-02
1.217000000000000000e+03 8.623408883497009811e+04 5.594809605279691400e-01 2.242229258468736441e-02 5.992953772367412668e+00 1.983676241201089152e-02
1.218000000000000000e+03 8.631380668529473769e+04 5.591124864951768636e-01 2.095353304017074508e-02 5.992953772367412668e+00 1.983676241201089152e-02
1.219000000000000000e+03 8.639922392367670545e+04 5.587440124623848092e-01 2.051957180680977558e-02 5.992953772367412668e+00 1.983676241201089152e-02
1.220000000000000000e+03 8.648644828100857558e+04 5.583755384295927549e-01 2.039589129809420837e-02 5.992953772367412668e+00 1.983676241201089152e-02
1.221000000000000000e+03 8.657425848907354521e+04 5.580070643968004784e-01 2.031414980274905482e-02 5.992953772367412668e+00 1.983676241201089152e-02
1.222000000000000000e+03 8.666248550657900341e+04 5.576385903640084241e-01 2.009385162255574939e-02 5.992953772367412668e+00 1.983676241201089152e-02
1.223000000000000000e+03 8.675173512610050966e+04 5.572701163312163697e-01 2.024568527074628241e-02 5.992953772367412668e+00 1.983676241201089152e-02
1.224000000000000000e+03 8.684037580005027121e+04 5.569016422984240933e-01 1.955178552934998260e-02 5.992953772367412668e+00 1.983676241201089152e-02
1.225000000000000000e+03 8.693222622975967533e+04 5.565331682656320389e-01 1.940050202442281102e-02 5.992953772367412668e+00 1.983676241201089152e-02
1.226000000000000000e+03 8.702484554077406938e+04 5.561646942328398735e-01 1.999639044115323824e-02 5.992953772367412668e+00 1.983676241201089152e-02
1.227000000000000000e+03 8.711477499354290194e+04 5.557962202000477081e-01 2.026015182660074673e-02 5.992953772367412668e+00 1.983676241201089152e-02
1.228000000000000000e+03 8.720357827890406770e+04 5.554277461672556537e-01 1.986542513669005069e-02 5.992953772367412668e+00 1.983676241201089152e-02
1.229000000000000000e+03 8.729422028363452409e+04 5.550592721344634883e-01 1.920480822992198452e-02 5.992953772367412668e+00 1.983676241201089152e-02
1.230000000000000000e+03 8.738802637480833801e+04 5.546907981016713229e-01 1.940884470754956556e-02 5.992953772367412668e+00 1.983676241201089152e-02
1.231000000000000000e+03 8.748090812414338870e+04 5.543223240688792686e-01 1.917733179567188140e-02 5.992953772367412668e+00 1.983676241201089152e-02
1.232000000000000000e+03 8.757498947800741007e+04 5.539538500360869921e-01 1.849220581140033348e-02 5.992953772367412668e+00 1.983676241201089152e-02
1.233000000000000000e+03 8.767261444870580453e+04 5.535853760032949378e-01 1.790800235313201247e-02 5.992953772367412668e+00 1.983676241201089152e-02
1.234000000000000000e+03 8.777348706551172654e+04 5.532169019705028834e-01 1.884300698091349521e-02 5.992953772367412668e+00 1.983676241201089152e-02
1.235000000000000000e+03 8.786945408059847250e+04 5.528484279377106070e-01 1.855042342393819002e-02 5.992953772367412668e+00 1.983676241201089152e-02
1.236000000000000000e+03 8.796698912194863078e+04 5.524799539049185526e-01 1.846130375205864288e-02 5.992953772367412668e+00 1.983676241201089152e-02
1.237000000000000000e+03 8.806503512651790516e+04 5.521114798721264982e-01 1.816180363707058792e-02 5.992953772367412668e+00 1.983676241201089152e-02
1.238000000000000000e+03 8.816477662459755084e+04 5.517430058393342218e-01 1.733824262424687318e-02 5.992953772367412668e+00 1.983676241201089152e-02
1.239000000000000000e+03 8.826937738409117446e+04 5.513745318065421674e-01 1.600979959830088270e-02 5.992953772367412668e+00 1.983676241201089152e-02
1.240000000000000000e+03 8.838272375774988905e+04 5.510060577737500020e-01 1.639446676706501557e-02 5.992953772367412668e+00 1.983676241201089152e-02
1.241000000000000000e+03 8.849358127832581522e+04 5.506375837409578367e-01 1.773968770132985581e-02 5.992953772367412668e+00 1.983676241201089152e-02
1.242000000000000000e+03 8.859596094386682671e+04 5.502691097081657823e-01 1.693378121135717673e-02 5.992953772367412668e+00 1.983676241201089152e-02
1.243000000000000000e+03 8.870328181042773940e+04 5.499006356753736169e-01 1.725714353439108256e-02 5.992953772367412668e+00 1.983676241201089152e-02
1.244000000000000000e+03 8.880867059745985898e+04 5.495321616425814515e-01 1.729631340447650156e-02 5.992953772367412668e+00 1.983676241201089152e-02
1.245000000000000000e+03 8.891388479747521342e+04 5.491640016675332081e-01 1.717351156608786650e-02 5.992953772367412668e+00 1.983676241201089152e-02
1.246000000000000000e+03 8.901992114416811091e+04 5.487961652115902478e-01 1.740635146545193787e-02 5.992953772367412668e+00 1.983676241201089152e-02
1.247000000000000000e+03 8.912464228657382773e+04 5.484283382170088705e-01 1.824704023417365178e-02 5.992953772367412668e+00 1.983676241201089152e-02
1.248000000000000000e+03 8.922457599414739525e+04 5.480605112224274933e-01 1.777640369822933511e-02 5.992953772367412668e+00 1.983676241201089152e-02
1.249000000000000000e+03 8.932724747228987690e+04 5.476926842278460050e-01 1.758750561225857004e-02 5.992953772367412668e+00 1.983676241201089152e-02
1.250000000000000000e+03 8.943106923298205948e+04 5.473248572332645168e-01 1.757602002759000789e-02 5.992953772367412668e+00 1.983676241201089152e-02
1.251000000000000000e+03 8.953502681693510385e+04 5.469570302386832505e-01 1.755990095774185786e-02 5.992953772367412668e+00 1.983676241201089152e-02
1.252000000000000000e+03 8.963916875541812624e+04 5.465892032441017623e-01 1.784332256307361725e-02 5.992953772367412668e+00 1.983676241201089152e-02
1.253000000000000000e+03 8.974171994735774933e+04 5.462213762495202740e-01 1.812170500904682416e-02 5.992953772367412668e+00 1.983676241201089152e-02
1.254000000000000000e+03 8.984275210920366226e+04 5.458535492549388968e-01 1.896377978176356019e-02 5.992953772367412668e+00 1.983676241201089152e-02
1.255000000000000000e+03 8.993939289940967865e+04 5.454857222603575195e-01 1.939307562657362205e-02 5.992953772367412668e+00 1.983676241201089152e-02
1.256000000000000000e+03 9.003392259184953582e+04 5.451178952657760313e-01 1.940349182818573714e-02 5.992953772367412668e+00 1.983676241201089152e-02
1.257000000000000000e+03 9.012846679460305313e+04 5.447500682711945430e-01 1.831126164237298348e-02 5.992953772367412668e+00 1.983676241201089152e-02
1.258000000000000000e+03 9.022874791902795550e+04 5.443822412766132768e-01 1.820358442803199014e-02 5.992953772367412668e+00 1.983676241201089152e-02
1.259000000000000000e+03 9.032965771083690925e+04 5.440144142820317885e-01 1.853416003574371793e-02 5.992953772367412668e+00 1.983676241201089152e-02
1.260000000000000000e+03 9.042889533175292308e+04 5.436465872874503003e-01 1.999809513825390531e-02 5.992953772367412668e+00 1.983676241201089152e-02
1.261000000000000000e+03 9.052092173113027820e+04 5.432787602928689230e-01 2.009850884910046806e-02 5.992953772367412668e+00 1.983676241201089152e-02
1.262000000000000000e+03 9.061250058719687513e+04 5.429109332982875458e-01 1.988768022727872148e-02 5.992953772367412668e+00 1.983676241201089152e-02
1.263000000000000000e+03 9.070512425426953996e+04 5.425431063037060575e-01 1.849312093144298355e-02 5.992953772367412668e+00 1.983676241201089152e-02
1.264000000000000000e+03 9.080482428563266876e+04 5.421752793091245692e-01 1.920851585494046457e-02 5.992953772367412668e+00 1.983676241201089152e-02
1.265000000000000000e+03 9.090090753443699214e+04 5.418074523145433030e-01 1.962844689892487629e-02 5.992953772367412668e+00 1.983676241201089152e-02
1.266000000000000000e+03 9.099494054384433548e+04 5.414396253199618148e-01 1.992613267717182474e-02 5.992953772367412668e+00 1.983676241201089152e-02
1.267000000000000000e+03 9.108766791455248313e+04 5.410717983253803265e-01 2.074367187450286074e-02 5.992953772367412668e+00 1.983676241201089152e-02
1.268000000000000000e+03 9.117677148039902386e+04 5.407039713307989492e-01 1.955024569981283003e-02 5.992953772367412668e+00 1.983676241201089152e-02
1.269000000000000000e+03 9.127139284116949420e+04 5.403361443362175720e-01 1.929006842935751531e-02 5.992953772367412668e+00 1.983676241201089152e-02
1.270000000000000000e+03 9.136734127260536479e+04 5.399683173416360837e-01 1.981941455308825623e-02 5.992953772367412668e+00 1.983676241201089152e-02
1.271000000000000000e+03 9.146080848031039932e+04 5.396004903470545955e-01 1.879313782206232936e-02 5.992953772367412668e+00 1.983676241201089152e-02
1.272000000000000000e+03 9.155946612004669441e+04 5.392326633524733293e-01 1.931702708619742123e-02 5.992953772367412668e+00 1.983676241201089152e-02
1.273000000000000000e+03 9.165553078359061328e+04 5.388648363578918410e-01 1.767680742549136361e-02 5.992953772367412668e+00 1.983676241201089152e-02
1.274000000000000000e+03 9.176066648294222250e+04 5.384971318284490494e-01 1.759191705460949606e-02 5.992953772367412668e+00 1.983676241201089152e-02
1.275000000000000000e+03 9.186623891931372054e+04 5.381297895467106462e-01 1.829269835610695602e-02 5.992953772367412668e+00 1.983676241201089152e-02
1.276000000000000000e+03 9.196784721651094151e+04 5.377626870475378240e-01 1.951663538159525979e-02 5.992953772367412668e+00 1.983676241201089152e-02
1.277000000000000000e+03 9.206317544215994712e+04 5.373955845483651128e-01 1.929221164820154807e-02 5.992953772367412668e+00 1.983676241201089152e-02
1.278000000000000000e+03 9.215967448040716408e+04 5.370284820491921796e-01 1.879854766399005964e-02 5.992953772367412668e+00 1.983676241201089152e-02
1.279000000000000000e+03 9.225873905358480988e+04 5.366613795500194684e-01 1.813915346028125569e-02 5.992953772367412668e+00 1.983676241201089152e-02
1.280000000000000000e+03 9.236148416520055616e+04 5.362942770508465351e-01 1.800644365175460559e-02 5.992953772367412668e+00 1.983676241201089152e-02
1.281000000000000000e+03 9.246504117060983845e+04 5.359271745516738239e-01 1.817875297097825207e-02 5.992953772367412668e+00 1.983676241201089152e-02
1.282000000000000000e+03 9.256769288501104165e+04 5.355600720525008906e-01 1.925578110922977065e-02 5.992953772367412668e+00 1.983676241201089152e-02
1.283000000000000000e+03 9.266479564450516773e+04 5.351929695533281794e-01 1.950369617137400619e-02 5.992953772367412668e+00 1.983676241201089152e-02
1.284000000000000000e+03 9.276067553312436212e+04 5.348258670541554682e-01 1.851199489866876130e-02 5.992953772367412668e+00 1.983676241201089152e-02
1.285000000000000000e+03 9.286168517700559460e+04 5.344587645549825350e-01 1.900364034486107245e-02 5.992953772367412668e+00 1.983676241201089152e-02
1.286000000000000000e+03 9.296014967401504691e+04 5.340916620558098238e-01 1.943788677870796067e-02 5.992953772367412668e+00 1.983676241201089152e-02
1.287000000000000000e+03 9.305649203243244847e+04 5.337245595566368905e-01 1.990147805109569387e-02 5.992953772367412668e+00 1.983676241201089152e-02
1.288000000000000000e+03 9.315063905878785590e+04 5.333574570574641793e-01 1.959557159669076884e-02 5.992953772367412668e+00 1.983676241201089152e-02
1.289000000000000000e+03 9.324632018239612808e+04 5.329903545582912461e-01 1.912207243391774586e-02 5.992953772367412668e+00 1.983676241201089152e-02
1.290000000000000000e+03 9.334443801506582531e+04 5.326232520591185349e-01 1.969139254021409768e-02 5.992953772367412668e+00 1.983676241201089152e-02
1.291000000000000000e+03 9.343983372952978243e+04 5.322561495599458237e-01 2.083478812977813607e-02 5.992953772367412668e+00 1.983676241201089152e-02
1.292000000000000000e+03 9.353000706831311982e+04 5.318890470607728904e-01 2.020767002313021699e-02 5.992953772367412668e+00 1.983676241201089152e-02
1.293000000000000000e+03 9.362304404770940891e+04 5.315219445616001792e-01 2.076497713361940070e-02 5.992953772367412668e+00 1.983676241201089152e-02
1.294000000000000000e+03 9.371366262306360295e+04 5.311548420624272460e-01 2.055014819424710870e-02 5.992953772367412668e+00 1.983676241201089152e-02
1.295000000000000000e+03 9.380529592844401486e+04 5.307877395632545348e-01 2.067797516358335641e-02 5.992953772367412668e+00 1.983676241201089152e-02
1.296000000000000000e+03 9.389642503530268732e+04 5.304206370640816015e-01 2.087630054990206874e-02 5.992953772367412668e+00 1.983676241201089152e-02
1.297000000000000000e+03 9.398673578541174356e+04 5.300535345649088903e-01 1.994711312750946375e-02 5.992953772367412668e+00 1.983676241201089152e-02
1.298000000000000000e+03 9.408137016424433386e+04 5.296864320657360681e-01 2.008642731083785937e-02 5.992953772367412668e+00 1.983676241201089152e-02
1.299000000000000000e+03 9.417538337191370374e+04 5.293193295665632458e-01 2.023313745780748116e-02 5.992953772367412668e+00 1.983676241201089152e-02
1.300000000000000000e+03 9.426876064484941890e+04 5.289522270673905346e-01 2.073193031475625142e-02 5.992953772367412668e+00 1.983676241201089152e-02
1.301000000000000000e+03 9.435999721703281102e+04 5.285851245682176014e-01 2.170121016629513594e-02 5.992953772367412668e+00 1.983676241201089152e-02
1.302000000000000000e+03 9.444717768333137792e+04 5.282180220690448902e-01 2.131082021698449055e-02 5.992953772367412668e+00 1.983676241201089152e-02
1.303000000000000000e+03 9.453602913673491275e+04 5.278510087434408193e-01 2.005449520405481328e-02 5.992953772367412668e+00 1.983676241201089152e-02
1.304000000000000000e+03 9.463051655127320555e+04 5.274843757263203425e-01 2.074899096270145168e-02 5.992953772367412668e+00 1.983676241201089152e-02
1.305000000000000000e+03 9.472196001313354645e+04 5.271180338441143753e-01 2.125909705758527446e-02 5.992953772367412668e+00 1.983676241201089152e-02
1.306000000000000000e+03 9.481122252022946486e+04 5.267516919619086302e-01 2.084903392660895222e-02 5.992953772367412668e+00 1.983676241201089152e-02
1.307000000000000000e+03 9.490229222828682396e+04 5.263853500797026630e-01 2.092106066998634939e-02 5.992953772367412668e+00 1.983676241201089152e-02
1.308000000000000000e+03 9.499310691430495353e+04 5.260190081974969178e-01 2.092039041533809776e-02 5.992953772367412668e+00 1.983676241201089152e-02
1.309000000000000000e+03 9.508398903868305206e+04 5.256526663152909506e-01 2.144787714591508271e-02 5.992953772367412668e+00 1.983676241201089152e-02
1.310000000000000000e+03 9.517269380626761995e+04 5.252863244330852055e-01 2.151986325073493300e-02 5.992953772367412668e+00 1.983676241201089152e-02
1.311000000000000000e+03 9.526118426523100061e+04 5.249199825508792383e-01 2.052944959063175007e-02 5.992953772367412668e+00 1.983676241201089152e-02
1.312000000000000000e+03 9.535398310562783445e+04 5.245536406686734932e-01 2.078272430023983888e-02 5.992953772367412668e+00 1.983676241201089152e-02
1.313000000000000000e+03 9.544578509460284840e+04 5.241872987864675260e-01 2.046837727470821391e-02 5.992953772367412668e+00 1.983676241201089152e-02
1.314000000000000000e+03 9.553899738430671277e+04 5.238209569042617808e-01 2.024806089196457340e-02 5.992953772367412668e+00 1.983676241201089152e-02
1.315000000000000000e+03 9.563330527529386745e+04 5.234546150220560357e-01 1.941578852964126120e-02 5.992953772367412668e+00 1.983676241201089152e-02
1.316000000000000000e+03 9.573172819792153314e+04 5.230882731398500685e-01 2.027355418799007061e-02 5.992953772367412668e+00 1.983676241201089152e-02
1.317000000000000000e+03 9.582619934097937949e+04 5.227219312576443233e-01 2.301298179457463358e-02 5.992953772367412668e+00 1.983676241201089152e-02
1.318000000000000000e+03 9.590943354000369436e+04 5.223555893754383561e-01 2.311342748657577162e-02 5.992953772367412668e+00 1.983676241201089152e-02
1.319000000000000000e+03 9.599230235121979786e+04 5.219892474932326110e-01 2.260287491905463991e-02 5.992953772367412668e+00 1.983676241201089152e-02
1.320000000000000000e+03 9.607706174340895086e+04 5.216229056110266438e-01 2.166310596070892408e-02 5.992953772367412668e+00 1.983676241201089152e-02
1.321000000000000000e+03 9.616556512655915867e+04 5.212565637288208986e-01 2.136562297875566063e-02 5.992953772367412668e+00 1.983676241201089152e-02
1.322000000000000000e+03 9.625536755700994399e+04 5.208902218466149314e-01 2.012618258062971385e-02 5.992953772367412668e+00 1.983676241201089152e-02
1.323000000000000000e+03 9.635080999886294012e+04 5.205238799644091863e-01 1.988110979659283434e-02 5.992953772367412668e+00 1.983676241201089152e-02
1.324000000000000000e+03 9.644744529012194835e+04 5.201575380822032191e-01 1.975736514937642338e-02 5.992953772367412668e+00 1.983676241201089152e-02
1.325000000000000000e+03 9.654475107081845636e+04 5.197911961999974739e-01 1.995620291552954034e-02 5.992953772367412668e+00 1.983676241201089152e-02
1.326000000000000000e+03 9.664115658988592622e+04 5.194248543177915067e-01 2.011911376036945587e-02 5.992953772367412668e+00 1.983676241201089152e-02
1.327000000000000000e+03 9.673685127217185800e+04 5.190585124355857616e-01 2.017087173773733991e-02 5.992953772367412668e+00 1.983676241201089152e-02
1.328000000000000000e+03 9.683236730642392649e+04 5.186921705533797944e-01 2.045989220634877523e-02 5.992953772367412668e+00 1.983676241201089152e-02
1.329000000000000000e+03 9.692659969968367659e+04 5.183258286711740492e-01 2.063624990393486333e-02 5.992953772367412668e+00 1.983676241201089152e-02
1.330000000000000000e+03 9.702012331021300633e+04 5.179594867889680820e-01 2.106501017232735584e-02 5.992953772367412668e+00 1.983676241201089152e-02
1.331000000000000000e+03 9.711182736112538259e+04 5.175931449067623369e-01 2.003502394792809962e-02 5.992953772367412668e+00 1.983676241201089152e-02
1.332000000000000000e+03 9.720826363055933325e+04 5.172270631600910384e-01 2.084063147297229510e-02 5.992953772367412668e+00 1.983676241201089152e-02
1.333000000000000000e+03 9.730103842319175601e+04 5.168613833637953903e-01 2.142602090442033078e-02 5.992953772367412668e+00 1.983676241201089152e-02
1.334000000000000000e+03 9.739135314499352535e+04 5.164958453823406126e-01 2.043421795222971973e-02 5.992953772367412668e+00 1.983676241201089152e-02
1.335000000000000000e+03 9.748618311200612516e+04 5.161303074008857239e-01 2.046448867046942593e-02 5.992953772367412668e+00 1.983676241201089152e-02
1.336000000000000000e+03 9.758095056780072628e+04 5.157647694194308352e-01 1.975776256595037500e-02 5.992953772367412668e+00 1.983676241201089152e-02
1.337000000000000000e+03 9.767922151183555252e+04 5.153992314379759465e-01 1.983838214494589719e-02 5.992953772367412668e+00 1.983676241201089152e-02
1.338000000000000000e+03 9.777710614905986586e+04 5.150336934565211688e-01 2.038299508668943091e-02 5.992953772367412668e+00 1.983676241201089152e-02
1.339000000000000000e+03 9.787237841046154790e+04 5.146681554750662801e-01 2.003784745547299018e-02 5.992953772367412668e+00 1.983676241201089152e-02
1.340000000000000000e+03 9.796935615463332215e+04 5.143026174936113915e-01 2.031647347231766570e-02 5.992953772367412668e+00 1.983676241201089152e-02
1.341000000000000000e+03 9.806506142565779737e+04 5.139370795121565028e-01 1.984200549202679714e-02 5.992953772367412668e+00 1.983676241201089152e-02
1.342000000000000000e+03 9.816314268789287598e+04 5.135715415307016141e-01 1.969994341978861807e-02 5.992953772367412668e+00 1.983676241201089152e-02
1.343000000000000000e+03 9.826199517599980754e+04 5.132060035492467254e-01 2.030786832082454377e-02 5.992953772367412668e+00 1.983676241201089152e-02
1.344000000000000000e+03 9.835794238388587837e+04 5.128404655677919477e-01 2.056795037838413803e-02 5.992953772367412668e+00 1.983676241201089152e-02
1.345000000000000000e+03 9.845274668488813040e+04 5.124749275863370590e-01 2.071193035464630877e-02 5.992953772367412668e+00 1.983676241201089152e-02
1.346000000000000000e+03 9.854695459308281715e+04 5.121093896048821703e-01 2.029894822018865272e-02 5.992953772367412668e+00 1.983676241201089152e-02
1.347000000000000000e+03 9.864316248859874031e+04 5.117438516234272816e-01 1.997024800278194429e-02 5.992953772367412668e+00 1.983676241201089152e-02
1.348000000000000000e+03 9.874102084107330302e+04 5.113783136419725039e-01 1.991094872359546256e-02 5.992953772367412668e+00 1.983676241201089152e-02
1.349000000000000000e+03 9.883924685630558815e+04 5.110127756605176153e-01 1.968842943170065474e-02 5.992953772367412668e+00 1.983676241201089152e-02
1.350000000000000000e+03 9.893865871748459176e+04 5.106472376790627266e-01 2.113490773856443669e-02 5.992953772367412668e+00 1.983676241201089152e-02
1.351000000000000000e+03 9.903133136269827082e+04 5.102816996976078379e-01 2.028865244411326429e-02 5.992953772367412668e+00 1.983676241201089152e-02
1.352000000000000000e+03 9.912800086051184917e+04 5.099161617161529492e-01 1.948514428118705913e-02 5.992953772367412668e+00 1.983676241201089152e-02
1.353000000000000000e+03 9.922865375036218029e+04 5.095506237346980605e-01 2.031680244243407388e-02 5.992953772367412668e+00 1.983676241201089152e-02
1.354000000000000000e+03 9.932530163164067199e+04 5.091850857532432828e-01 2.090591143293571430e-02 5.992953772367412668e+00 1.983676241201089152e-02
1.355000000000000000e+03 9.941924926091288216e+04 5.088195477717883941e-01 2.025558954063971795e-02 5.992953772367412668e+00 1.983676241201089152e-02
1.356000000000000000e+03 9.951628935378350434e+04 5.084540097903335054e-01 2.014985008429636890e-02 5.992953772367412668e+00 1.983676241201089152e-02
1.357000000000000000e+03 9.961390033712757577e+04 5.080884718088786167e-01 2.010594910521969897e-02 5.992953772367412668e+00 1.983676241201089152e-02
1.358000000000000000e+03 9.971180896405548265e+04 5.077229338274238390e-01 2.096477439299987075e-02 5.992953772367412668e+00 1.983676241201089152e-02
1.359000000000000000e+03 9.980576702713346458e+04 5.073573958459689504e-01 2.104714680096613638e-02 5.992953772367412668e+00 1.983676241201089152e-02
1.360000000000000000e+03 9.989942538982423139e+04 5.069920958295841551e-01 2.001491739638925488e-02 5.992953772367412668e+00 1.983676241201089152e-02
1.361000000000000000e+03 9.999803097543506010e+04 5.066272179057418334e-01 1.951659125403610098e-02 5.992953772367412668e+00 1.983676241201089152e-02
1.362000000000000000e+03 1.000991767311645672e+05 5.062625241093723361e-01 1.973149127709153058e-02 5.992953772367412668e+00 1.983676241201089152e-02
1.363000000000000000e+03 1.001992877931708499e+05 5.058978303130028387e-01 1.958504595154964348e-02 5.992953772367412668e+00 1.983676241201089152e-02
1.364000000000000000e+03 1.003002279283387470e+05 5.055331365166332303e-01 2.018082646860781815e-02 5.992953772367412668e+00 1.983676241201089152e-02
1.365000000000000000e+03 1.003982854231001402e+05 5.051684427202636218e-01 1.965209145341162769e-02 5.992953772367412668e+00 1.983676241201089152e-02
1.366000000000000000e+03 1.004990675896496250e+05 5.048037489238941244e-01 1.874473886938794742e-02 5.992953772367412668e+00 1.983676241201089152e-02
1.367000000000000000e+03 1.006047699483792821e+05 5.044390551275246271e-01 1.942652868357618023e-02 5.992953772367412668e+00 1.983676241201089152e-02
1.368000000000000000e+03 1.007068354064199375e+05 5.040743613311549076e-01 1.956880792275558431e-02 5.992953772367412668e+00 1.983676241201089152e-02
1.369000000000000000e+03 1.008082136384149344e+05 5.037096675347854102e-01 2.027324078419718428e-02 5.992953772367412668e+00 1.983676241201089152e-02
1.370000000000000000e+03 1.009061741104940302e+05 5.033449737384159128e-01 2.043461104171451909e-02 5.992953772367412668e+00 1.983676241201089152e-02
1.371000000000000000e+03 1.010033990563298139e+05 5.029802799420463044e-01 2.099560740871001668e-02 5.992953772367412668e+00 1.983676241201089152e-02
1.372000000000000000e+03 1.010981247484357300e+05 5.026155861456766960e-01 2.077917835590489468e-02 5.992953772367412668e+00 1.983676241201089152e-02
1.373000000000000000e+03 1.011938824388466310e+05 5.022508923493071986e-01 1.994874117653743645e-02 5.992953772367412668e+00 1.983676241201089152e-02
1.374000000000000000e+03 1.012936860386988410e+05 5.018861985529377012e-01 2.047289554820650587e-02 5.992953772367412668e+00 1.983676241201089152e-02
1.375000000000000000e+03 1.013910196570003318e+05 5.015215047565679818e-01 2.102197112912306334e-02 5.992953772367412668e+00 1.983676241201089152e-02
1.376000000000000000e+03 1.014858710852814111e+05 5.011568109601984844e-01 2.104062645202163864e-02 5.992953772367412668e+00 1.983676241201089152e-02
1.377000000000000000e+03 1.015807028015694523e+05 5.007921171638289870e-01 2.135989148398712359e-02 5.992953772367412668e+00 1.983676241201089152e-02
1.378000000000000000e+03 1.016741868640150060e+05 5.004274233674593786e-01 2.097314584745275240e-02 5.992953772367412668e+00 1.983676241201089152e-02
1.379000000000000000e+03 1.017694683172010555e+05 5.000627295710897702e-01 2.123803344530890078e-02 5.992953772367412668e+00 1.983676241201089152e-02
1.380000000000000000e+03 1.018636374170068593e+05 4.996980357747202728e-01 2.139355125030974886e-02 5.992953772367412668e+00 1.983676241201089152e-02
1.381000000000000000e+03 1.019571815021491202e+05 4.993333419783506644e-01 2.076688811932493953e-02 5.992953772367412668e+00 1.983676241201089152e-02
1.382000000000000000e+03 1.020536257970174338e+05 4.989686481819811670e-01 2.104163905450416941e-02 5.992953772367412668e+00 1.983676241201089152e-02
1.383000000000000000e+03 1.021488839142226643e+05 4.986039543856115586e-01 2.146744966481213199e-02 5.992953772367412668e+00 1.983676241201089152e-02
1.384000000000000000e+03 1.022423148082932457e+05 4.982392605892420612e-01 2.120593767599471269e-02 5.992953772367412668e+00 1.983676241201089152e-02
1.385000000000000000e+03 1.023370115281369799e+05 4.978745667928724528e-01 2.001968005515507645e-02 5.992953772367412668e+00 1.983676241201089152e-02
1.386000000000000000e+03 1.024373425722551619e+05 4.975098729965028999e-01 2.037647804927742584e-02 5.992953772367412668e+00 1.983676241201089152e-02
1.387000000000000000e+03 1.025360120589893195e+05 4.971451792001333470e-01 2.141323967428352890e-02 5.992953772367412668e+00 1.983676241201089152e-02
1.388000000000000000e+03 1.026299830707471119e+05 4.967808985234060115e-01 2.231968467201978293e-02 5.992953772367412668e+00 1.983676241201089152e-02
1.389000000000000000e+03 1.027201854471296829e+05 4.964170427675049790e-01 2.301308912557366304e-02 5.992953772367412668e+00 1.983676241201089152e-02
1.390000000000000000e+03 1.028077313665836700e+05 4.960531988127881986e-01 2.293912914707981615e-02 5.992953772367412668e+00 1.983676241201089152e-02
1.391000000000000000e+03 1.028956461717664497e+05 4.956893548580714182e-01 2.161791268995915186e-02 5.992953772367412668e+00 1.983676241201089152e-02
1.392000000000000000e+03 1.029889974660813023e+05 4.953255109033545267e-01 2.092937024500329812e-02 5.992953772367412668e+00 1.983676241201089152e-02
1.393000000000000000e+03 1.030854664912056178e+05 4.949616669486377463e-01 2.099318829754894325e-02 5.992953772367412668e+00 1.983676241201089152e-02
1.394000000000000000e+03 1.031817104720873758e+05 4.945978229939208548e-01 2.111983728677361075e-02 5.992953772367412668e+00 1.983676241201089152e-02
1.395000000000000000e+03 1.032774436114603595e+05 4.942339790392040744e-01 2.120855310848192288e-02 5.992953772367412668e+00 1.983676241201089152e-02
1.396000000000000000e+03 1.033728460532314639e+05 4.938701350844872384e-01 2.073417055248132426e-02 5.992953772367412668e+00 1.983676241201089152e-02
1.397000000000000000e+03 1.034705184073947312e+05 4.935062911297704025e-01 2.084974354586009715e-02 5.992953772367412668e+00 1.983676241201089152e-02
1.398000000000000000e+03 1.035677199369091977e+05 4.931424471750536220e-01 2.082271629426161660e-02 5.992953772367412668e+00 1.983676241201089152e-02
1.399000000000000000e+03 1.036651339542094356e+05 4.927786032203367306e-01 1.931341084501135910e-02 5.992953772367412668e+00 1.983676241201089152e-02
1.400000000000000000e+03 1.037702028759986424e+05 4.924147592656199501e-01 2.003681626904306110e-02 5.992953772367412668e+00 1.983676241201089152e-02
1.401000000000000000e+03 1.038715674567851529e+05 4.920509153109030587e-01 2.015476280796220376e-02 5.992953772367412668e+00 1.983676241201089152e-02
1.402000000000000000e+03 1.039723985867198789e+05 4.916870713561862782e-01 2.008020198258691352e-02 5.992953772367412668e+00 1.983676241201089152e-02
1.403000000000000000e+03 1.040736853963615868e+05 4.913232274014694423e-01 2.004616898612656198e-02 5.992953772367412668e+00 1.983676241201089152e-02
1.404000000000000000e+03 1.041752133693267097e+05 4.909593834467526063e-01 1.920191962853009734e-02 5.992953772367412668e+00 1.983676241201089152e-02
1.405000000000000000e+03 1.042812890207912278e+05 4.905955394920358259e-01 1.951076142610587427e-02 5.992953772367412668e+00 1.983676241201089152e-02
1.406000000000000000e+03 1.043857845753607544e+05 4.902316955373189344e-01 1.936895821152635408e-02 5.992953772367412668e+00 1.983676241201089152e-02
1.407000000000000000e+03 1.044911661365302571e+05 4.898678515826021540e-01 1.848947976190256151e-02 5.992953772367412668e+00 1.983676241201089152e-02
1.408000000000000000e+03 1.046015761450719001e+05 4.895040076278852625e-01 1.835456206156750245e-02 5.992953772367412668e+00 1.983676241201089152e-02
1.409000000000000000e+03 1.047129225756280939e+05 4.891401636731684821e-01 1.709695046210877797e-02 5.992953772367412668e+00 1.983676241201089152e-02
1.410000000000000000e+03 1.048325119109084044e+05 4.887763197184516462e-01 1.676311550919228413e-02 5.992953772367412668e+00 1.983676241201089152e-02
1.411000000000000000e+03 1.049545953938650928e+05 4.884124757637348102e-01 1.683058865849648006e-02 5.992953772367412668e+00 1.983676241201089152e-02
1.412000000000000000e+03 1.050762685301236488e+05 4.880486318090180298e-01 1.707025352404674748e-02 5.992953772367412668e+00 1.983676241201089152e-02
1.413000000000000000e+03 1.051963113713104540e+05 4.876847878543011383e-01 1.760682535818921049e-02 5.992953772367412668e+00 1.983676241201089152e-02
1.414000000000000000e+03 1.053127916876831296e+05 4.873209438995843579e-01 1.825350761891508106e-02 5.992953772367412668e+00 1.983676241201089152e-02
1.415000000000000000e+03 1.054252155611700728e+05 4.869575083588451037e-01 1.832959529713587901e-02 5.992953772367412668e+00 1.983676241201089152e-02
1.416000000000000000e+03 1.055372852232761943e+05 4.865945474639411517e-01 1.802816863132435804e-02 5.992953772367412668e+00 1.983676241201089152e-02
1.417000000000000000e+03 1.056513623150222265e+05 4.862316528008948646e-01 1.917411853420439641e-02 5.992953772367412668e+00 1.983676241201089152e-02
1.418000000000000000e+03 1.057586407642306440e+05 4.858687581378485776e-01 1.868533244967884865e-02 5.992953772367412668e+00 1.983676241201089152e-02
1.419000000000000000e+03 1.058687922795545892e+05 4.855058634748023461e-01 1.911441146143108213e-02 5.992953772367412668e+00 1.983676241201089152e-02
1.420000000000000000e+03 1.059765529870401078e+05 4.851429688117560590e-01 1.907027741083831135e-02 5.992953772367412668e+00 1.983676241201089152e-02
1.421000000000000000e+03 1.060846434458788281e+05 4.847800741487098275e-01 1.989097169144508556e-02 5.992953772367412668e+00 1.983676241201089152e-02
1.422000000000000000e+03 1.061884022246783716e+05 4.844171794856635405e-01 2.031725149643947778e-02 5.992953772367412668e+00 1.983676241201089152e-02
1.423000000000000000e+03 1.062900090013988665e+05 4.840542848226172534e-01 2.022538718445258260e-02 5.992953772367412668e+00 1.983676241201089152e-02
1.424000000000000000e+03 1.063921531842947006e+05 4.836913901595710219e-01 2.040085302179830973e-02 5.992953772367412668e+00 1.983676241201089152e-02
1.425000000000000000e+03 1.064935333780873189e+05 4.833284954965247349e-01 2.053893902405362973e-02 5.992953772367412668e+00 1.983676241201089152e-02
1.426000000000000000e+03 1.065943468570190162e+05 4.829656008334785033e-01 1.936669780552091949e-02 5.992953772367412668e+00 1.983676241201089152e-02
1.427000000000000000e+03 1.067012715965406969e+05 4.826027061704322163e-01 1.990070544617572948e-02 5.992953772367412668e+00 1.983676241201089152e-02
1.428000000000000000e+03 1.068054041849397036e+05 4.822398115073859293e-01 1.994148926018300336e-02 5.992953772367412668e+00 1.983676241201089152e-02
1.429000000000000000e+03 1.069093853856621135e+05 4.818769168443396422e-01 2.044904770082267911e-02 5.992953772367412668e+00 1.983676241201089152e-02
1.430000000000000000e+03 1.070108648540449503e+05 4.815140221812934107e-01 2.017282338687716864e-02 5.992953772367412668e+00 1.983676241201089152e-02
1.431000000000000000e+03 1.071138223298700323e+05 4.811511275182471792e-01 1.964747138213564573e-02 5.992953772367412668e+00 1.983676241201089152e-02
1.432000000000000000e+03 1.072196067369317898e+05 4.807882328552008921e-01 1.985207241974168077e-02 5.992953772367412668e+00 1.983676241201089152e-02
1.433000000000000000e+03 1.073244100891842681e+05 4.804253381921546051e-01 2.120990506395760769e-02 5.992953772367412668e+00 1.983676241201089152e-02
1.434000000000000000e+03 1.074225688644430047e+05 4.800624435291083181e-01 2.100412962690517346e-02 5.992953772367412668e+00 1.983676241201089152e-02
1.435000000000000000e+03 1.075217450192196266e+05 4.796995488660620865e-01 2.107524767612548727e-02 5.992953772367412668e+00 1.983676241201089152e-02
1.436000000000000000e+03 1.076206615307350730e+05 4.793366542030158550e-01 2.148782924705671185e-02 5.992953772367412668e+00 1.983676241201089152e-02
1.437000000000000000e+03 1.077177800630255369e+05 4.789737595399695680e-01 2.208768086762646909e-02 5.992953772367412668e+00 1.983676241201089152e-02
1.438000000000000000e+03 1.078123059557559463e+05 4.786108648769232810e-01 2.242401000407668113e-02 5.992953772367412668e+00 1.983676241201089152e-02
1.439000000000000000e+03 1.079054904339204950e+05 4.782479702138769939e-01 2.305579253525405492e-02 5.992953772367412668e+00 1.983676241201089152e-02
1.440000000000000000e+03 1.079961934426405496e+05 4.778850755508307624e-01 2.353351195825764339e-02 5.992953772367412668e+00 1.983676241201089152e-02
1.441000000000000000e+03 1.080851171254885412e+05 4.775222919484898298e-01 2.246785812934026794e-02 5.992953772367412668e+00 1.983676241201089152e-02
1.442000000000000000e+03 1.081784297927242442e+05 4.771600194447215837e-01 2.079100656897317836e-02 5.992953772367412668e+00 1.983676241201089152e-02
1.443000000000000000e+03 1.082792474424959655e+05 4.767981469788207805e-01 2.125085424330848405e-02 5.992953772367412668e+00 1.983676241201089152e-02
1.444000000000000000e+03 1.083779771119806974e+05 4.764362745129199772e-01 2.140009401937471856e-02 5.992953772367412668e+00 1.983676241201089152e-02
1.445000000000000000e+03 1.084760673041396076e+05 4.760744020470191185e-01 2.085197695049944427e-02 5.992953772367412668e+00 1.983676241201089152e-02
1.446000000000000000e+03 1.085768303077386518e+05 4.757125295811183152e-01 2.021445455438115532e-02 5.992953772367412668e+00 1.983676241201089152e-02
1.447000000000000000e+03 1.086808244590368267e+05 4.753506571152175120e-01 2.012375552283634378e-02 5.992953772367412668e+00 1.983676241201089152e-02
1.448000000000000000e+03 1.087853821884443169e+05 4.749887846493167087e-01 1.974076856855034798e-02 5.992953772367412668e+00 1.983676241201089152e-02
1.449000000000000000e+03 1.088920354579521809e+05 4.746269121834158500e-01 2.000877823566834038e-02 5.992953772367412668e+00 1.983676241201089152e-02
1.450000000000000000e+03 1.089973378923672426e+05 4.742650397175150467e-01 1.944545811791206433e-02 5.992953772367412668e+00 1.983676241201089152e-02
1.451000000000000000e+03 1.091057880323127611e+05 4.739031672516142435e-01 1.888113578065281351e-02 5.992953772367412668e+00 1.983676241201089152e-02
1.452000000000000000e+03 1.092175805329151481e+05 4.735412947857133847e-01 1.800081431181398822e-02 5.992953772367412668e+00 1.983676241201089152e-02
1.453000000000000000e+03 1.093348950426891533e+05 4.731794223198125815e-01 1.765733546252300570e-02 5.992953772367412668e+00 1.983676241201089152e-02
1.454000000000000000e+03 1.094545795134114887e+05 4.728175498539117783e-01 1.739702098875775191e-02 5.992953772367412668e+00 1.983676241201089152e-02
1.455000000000000000e+03 1.095761572142826335e+05 4.724556773880109750e-01 1.677554318003491099e-02 5.992953772367412668e+00 1.983676241201089152e-02
1.456000000000000000e+03 1.097023552615586814e+05 4.720938049221101163e-01 1.641099498487321590e-02 5.992953772367412668e+00 1.983676241201089152e-02
1.457000000000000000e+03 1.098314299738497939e+05 4.717319324562093130e-01 1.667519515234152858e-02 5.992953772367412668e+00 1.983676241201089152e-02
1.458000000000000000e+03 1.099585552837178111e+05 4.713700599903085098e-01 1.665641815942103462e-02 5.992953772367412668e+00 1.983676241201089152e-02
1.459000000000000000e+03 1.100859206466512987e+05 4.710081875244076510e-01 1.652461460714625338e-02 5.992953772367412668e+00 1.983676241201089152e-02
1.460000000000000000e+03 1.102144056549865782e+05 4.706463150585068478e-01 1.658267480461731239e-02 5.992953772367412668e+00 1.983676241201089152e-02
1.461000000000000000e+03 1.103425578204661579e+05 4.702844425926060445e-01 1.601599923974540013e-02 5.992953772367412668e+00 1.983676241201089152e-02
1.462000000000000000e+03 1.104753246356014133e+05 4.699225701267052413e-01 1.723577687892787272e-02 5.992953772367412668e+00 1.983676241201089152e-02
1.463000000000000000e+03 1.105988425507458887e+05 4.695606976608043825e-01 1.745685338663732419e-02 5.992953772367412668e+00 1.983676241201089152e-02
1.464000000000000000e+03 1.107208445502490649e+05 4.691988251949035793e-01 1.722957398153802944e-02 5.992953772367412668e+00 1.983676241201089152e-02
1.465000000000000000e+03 1.108445841321106273e+05 4.688369527290027761e-01 1.747223867880416323e-02 5.992953772367412668e+00 1.983676241201089152e-02
1.466000000000000000e+03 1.109667423990257084e+05 4.684750802631019173e-01 1.806907507829535325e-02 5.992953772367412668e+00 1.983676241201089152e-02
1.467000000000000000e+03 1.110848811734951305e+05 4.681132228242578242e-01 1.832602850776926529e-02 5.992953772367412668e+00 1.983676241201089152e-02
1.468000000000000000e+03 1.112014643247528438e+05 4.677518444086630200e-01 1.797907245279624713e-02 5.992953772367412668e+00 1.983676241201089152e-02
1.469000000000000000e+03 1.113204608496280416e+05 4.673909299892609059e-01 1.821474065641963055e-02 5.992953772367412668e+00 1.983676241201089152e-02
1.470000000000000000e+03 1.114381591461023927e+05 4.670300155698586808e-01 1.846958704427683132e-02 5.992953772367412668e+00 1.983676241201089152e-02
1.471000000000000000e+03 1.115542572954571660e+05 4.666691011504565667e-01 1.758977559552362541e-02 5.992953772367412668e+00 1.983676241201089152e-02
1.472000000000000000e+03 1.116761125996214687e+05 4.663081867310543971e-01 1.862955621168887674e-02 5.992953772367412668e+00 1.983676241201089152e-02
1.473000000000000000e+03 1.117912868524464138e+05 4.659472723116522275e-01 1.892459036582249884e-02 5.992953772367412668e+00 1.983676241201089152e-02
1.474000000000000000e+03 1.119047082954030047e+05 4.655863578922501134e-01 1.836806033587690817e-02 5.992953772367412668e+00 1.983676241201089152e-02
1.475000000000000000e+03 1.120216482170740783e+05 4.652254434728478882e-01 1.830334557224471900e-02 5.992953772367412668e+00 1.983676241201089152e-02
1.476000000000000000e+03 1.121391006105244887e+05 4.648645290534457741e-01 1.875787366382974941e-02 5.992953772367412668e+00 1.983676241201089152e-02
1.477000000000000000e+03 1.122537827788674476e+05 4.645036146340436600e-01 1.895341810165671395e-02 5.992953772367412668e+00 1.983676241201089152e-02
1.478000000000000000e+03 1.123673671543163800e+05 4.641427002146414349e-01 1.856083335540697696e-02 5.992953772367412668e+00 1.983676241201089152e-02
1.479000000000000000e+03 1.124834426522344584e+05 4.637817857952393208e-01 1.901487240024437100e-02 5.992953772367412668e+00 1.983676241201089152e-02
1.480000000000000000e+03 1.125968583525571303e+05 4.634208713758371512e-01 1.892044733565538192e-02 5.992953772367412668e+00 1.983676241201089152e-02
1.481000000000000000e+03 1.127109700944395736e+05 4.630599569564349816e-01 1.816291187380958405e-02 5.992953772367412668e+00 1.983676241201089152e-02
1.482000000000000000e+03 1.128298746929597692e+05 4.626990425370328675e-01 1.853249680109696207e-02 5.992953772367412668e+00 1.983676241201089152e-02
1.483000000000000000e+03 1.129464900034210150e+05 4.623381281176306423e-01 1.883143629028205188e-02 5.992953772367412668e+00 1.983676241201089152e-02
1.484000000000000000e+03 1.130613532825088041e+05 4.619772136982285282e-01 1.835410418757962153e-02 5.992953772367412668e+00 1.983676241201089152e-02
1.485000000000000000e+03 1.131793164673452848e+05 4.616162992788264141e-01 1.827548571086902093e-02 5.992953772367412668e+00 1.983676241201089152e-02
1.486000000000000000e+03 1.132978556365935365e+05 4.612553848594241890e-01 1.854374648861217140e-02 5.992953772367412668e+00 1.983676241201089152e-02
1.487000000000000000e+03 1.134147723615004506e+05 4.608944704400220749e-01 1.811953341063935949e-02 5.992953772367412668e+00 1.983676241201089152e-02
1.488000000000000000e+03 1.135345532276910817e+05 4.605335560206199053e-01 1.892862288757114764e-02 5.992953772367412668e+00 1.983676241201089152e-02
1.489000000000000000e+03 1.136493043206985603e+05 4.601726416012177356e-01 1.832049485290407689e-02 5.992953772367412668e+00 1.983676241201089152e-02
1.490000000000000000e+03 1.137679698859606578e+05 4.598117271818156215e-01 1.855737819434081712e-02 5.992953772367412668e+00 1.983676241201089152e-02
1.491000000000000000e+03 1.138852387678798987e+05 4.594508127624133964e-01 1.913863359454531787e-02 5.992953772367412668e+00 1.983676241201089152e-02
1.492000000000000000e+03 1.139989685996393528e+05 4.590898983430112823e-01 1.973931166954772873e-02 5.992953772367412668e+00 1.983676241201089152e-02
1.493000000000000000e+03 1.141093582957062172e+05 4.587291365096837215e-01 1.941629599441918944e-02 5.992953772367412668e+00 1.983676241201089152e-02
1.494000000000000000e+03 1.142216742969388433e+05 4.583688977257835973e-01 1.878754558485397352e-02 5.992953772367412668e+00 1.983676241201089152e-02
1.495000000000000000e+03 1.143378045452776423e+05 4.580090294052365785e-01 1.921231504811450261e-02 5.992953772367412668e+00 1.983676241201089152e-02
1.496000000000000000e+03 1.144514660601603828e+05 4.576491610846895042e-01 1.929796143467040620e-02 5.992953772367412668e+00 1.983676241201089152e-02
1.497000000000000000e+03 1.145647105987827817e+05 4.572892927641424299e-01 1.990075493017546063e-02 5.992953772367412668e+00 1.983676241201089152e-02
1.498000000000000000e+03 1.146746592479857645e+05 4.569294244435954111e-01 2.033193622279996435e-02 5.992953772367412668e+00 1.983676241201089152e-02
1.499000000000000000e+03 1.147823036538533051e+05 4.565695561230483368e-01 1.992877342725382292e-02 5.992953772367412668e+00 1.983676241201089152e-02
1.500000000000000000e+03 1.148922299290395022e+05 4.562096878025012625e-01 1.933506302769665008e-02 5.992953772367412668e+00 1.983676241201089152e-02
1.501000000000000000e+03 1.150056151506170863e+05 4.558498194819542437e-01 2.014564625416351978e-02 5.992953772367412668e+00 1.983676241201089152e-02
1.502000000000000000e+03 1.151145273939353501e+05 4.554899511614071694e-01 2.019419207248667261e-02 5.992953772367412668e+00 1.983676241201089152e-02
1.503000000000000000e+03 1.152232889787683816e+05 4.551300828408600951e-01 2.157930219522505300e-02 5.992953772367412668e+00 1.983676241201089152e-02
1.504000000000000000e+03 1.153251302972208650e+05 4.547702145203130764e-01 2.171136751791875874e-02 5.992953772367412668e+00 1.983676241201089152e-02
1.505000000000000000e+03 1.154264075559541525e+05 4.544103461997660021e-01 2.196906321102431656e-02 5.992953772367412668e+00 1.983676241201089152e-02
1.506000000000000000e+03 1.155265835810142016e+05 4.540504778792189278e-01 2.259370429221476545e-02 5.992953772367412668e+00 1.983676241201089152e-02
1.507000000000000000e+03 1.156240655953979876e+05 4.536906095586719090e-01 2.225577841912680307e-02 5.992953772367412668e+00 1.983676241201089152e-02
1.508000000000000000e+03 1.157231148113516538e+05 4.533307412381248902e-01 2.193297295052561158e-02 5.992953772367412668e+00 1.983676241201089152e-02
1.509000000000000000e+03 1.158236894148234569e+05 4.529708729175777604e-01 2.268230050410960721e-02 5.992953772367412668e+00 1.983676241201089152e-02
1.510000000000000000e+03 1.159210343513475091e+05 4.526110045970307416e-01 2.207268518458294429e-02 5.992953772367412668e+00 1.983676241201089152e-02
1.511000000000000000e+03 1.160211750536909385e+05 4.522511362764837228e-01 2.178290384607075789e-02 5.992953772367412668e+00 1.983676241201089152e-02
1.512000000000000000e+03 1.161226986906749371e+05 4.518912679559365930e-01 2.302396321470100149e-02 5.992953772367412668e+00 1.983676241201089152e-02
1.513000000000000000e+03 1.162188881877818058e+05 4.515313996353895742e-01 2.441090693793286637e-02 5.992953772367412668e+00 1.983676241201089152e-02
1.514000000000000000e+03 1.163096464805818541e+05 4.511715313148425555e-01 2.336346014970849469e-02 5.992953772367412668e+00 1.983676241201089152e-02
1.515000000000000000e+03 1.164045475854365504e+05 4.508116629942954257e-01 2.349136179776974837e-02 5.992953772367412668e+00 1.983676241201089152e-02
1.516000000000000000e+03 1.164989997523086931e+05 4.504517946737484069e-01 2.454516421679176635e-02 5.992953772367412668e+00 1.983676241201089152e-02
1.517000000000000000e+03 1.165894548069875891e+05 4.500919263532013881e-01 2.421704748689715303e-02 5.992953772367412668e+00 1.983676241201089152e-02
1.518000000000000000e+03 1.166812068791366037e+05 4.497320580326542583e-01 2.457428109788916196e-02 5.992953772367412668e+00 1.983676241201089152e-02
1.519000000000000000e+03 1.167717034951682144e+05 4.493727601483131773e-01 2.405446751370638944e-02 5.992953772367412668e+00 1.983676241201089152e-02
1.520000000000000000e+03 1.168642362816746900e+05 4.490140397162401542e-01 2.366183430365914955e-02 5.992953772367412668e+00 1.983676241201089152e-02
1.521000000000000000e+03 1.169583608530993661e+05 4.486553263002293068e-01 2.415223838216335947e-02 5.992953772367412668e+00 1.983676241201089152e-02
1.522000000000000000e+03 1.170506628483924724e+05 4.482966128842185149e-01 2.428888339473463803e-02 5.992953772367412668e+00 1.983676241201089152e-02
1.523000000000000000e+03 1.171425167445118277e+05 4.479378994682077231e-01 2.379249397331118995e-02 5.992953772367412668e+00 1.983676241201089152e-02
1.524000000000000000e+03 1.172363577221334563e+05 4.475791860521968757e-01 2.450534189564019388e-02 5.992953772367412668e+00 1.983676241201089152e-02
1.525000000000000000e+03 1.173275412004512327e+05 4.472204726361860283e-01 2.422329224851043836e-02 5.992953772367412668e+00 1.983676241201089152e-02
1.526000000000000000e+03 1.174198567221905978e+05 4.468617592201752364e-01 2.423720573160907665e-02 5.992953772367412668e+00 1.983676241201089152e-02
1.527000000000000000e+03 1.175121962399091863e+05 4.465030458041643890e-01 2.465416976131561827e-02 5.992953772367412668e+00 1.983676241201089152e-02
1.528000000000000000e+03 1.176030517055615637e+05 4.461443323881535417e-01 2.364754076877292541e-02 5.992953772367412668e+00 1.983676241201089152e-02
1.529000000000000000e+03 1.176978525191911904e+05 4.457856189721427498e-01 2.538399161649370836e-02 5.992953772367412668e+00 1.983676241201089152e-02
1.530000000000000000e+03 1.177863372050741164e+05 4.454269055561319579e-01 2.623635505152427036e-02 5.992953772367412668e+00 1.983676241201089152e-02
1.531000000000000000e+03 1.178719031567130442e+05 4.450681921401211105e-01 2.611597329141700924e-02 5.992953772367412668e+00 1.983676241201089152e-02
1.532000000000000000e+03 1.179579321982104593e+05 4.447094787241102631e-01 2.557562610139224937e-02 5.992953772367412668e+00 1.983676241201089152e-02
1.533000000000000000e+03 1.180458561965135596e+05 4.443507653080994713e-01 2.585638698157819229e-02 5.992953772367412668e+00 1.983676241201089152e-02
1.534000000000000000e+03 1.181329106748283084e+05 4.439920518920886794e-01 2.631791764447189222e-02 5.992953772367412668e+00 1.983676241201089152e-02
1.535000000000000000e+03 1.182184942023762123e+05 4.436333384760777765e-01 2.614902890993846263e-02 5.992953772367412668e+00 1.983676241201089152e-02
1.536000000000000000e+03 1.183047083565176144e+05 4.432746250600669846e-01 2.737668352933128255e-02 5.992953772367412668e+00 1.983676241201089152e-02
1.537000000000000000e+03 1.183871164187404938e+05 4.429159116440561927e-01 2.696430727875586894e-02 5.992953772367412668e+00 1.983676241201089152e-02
1.538000000000000000e+03 1.184708645355165063e+05 4.425571982280453454e-01 2.707054549803164858e-02 5.992953772367412668e+00 1.983676241201089152e-02
1.539000000000000000e+03 1.185543643331785279e+05 4.421984848120344980e-01 2.802434324442711414e-02 5.992953772367412668e+00 1.983676241201089152e-02
1.540000000000000000e+03 1.186350610724638391e+05 4.418397713960237061e-01 2.806434310255810985e-02 5.992953772367412668e+00 1.983676241201089152e-02
1.541000000000000000e+03 1.187157101683805377e+05 4.414810579800129142e-01 2.904459557735177694e-02 5.992953772367412668e+00 1.983676241201089152e-02
1.542000000000000000e+03 1.187937122948862670e+05 4.411223445640020113e-01 2.800991719205881206e-02 5.992953772367412668e+00 1.983676241201089152e-02
1.543000000000000000e+03 1.188746784557673382e+05 4.407636937555308165e-01 2.840462883330025293e-02 5.992953772367412668e+00 1.983676241201089152e-02
1.544000000000000000e+03 1.189545601323783631e+05 4.404056161436098460e-01 2.901642084734134402e-02 5.992953772367412668e+00 1.983676241201089152e-02
1.545000000000000000e+03 1.190328232724456611e+05 4.400480491206996136e-01 2.907973171402714052e-02 5.992953772367412668e+00 1.983676241201089152e-02
1.546000000000000000e+03 1.191109749372466613e+05 4.396904820977893813e-01 2.915412748538733986e-02 5.992953772367412668e+00 1.983676241201089152e-02
1.547000000000000000e+03 1.191889905448753270e+05 4.393329150748790934e-01 2.915349598247257701e-02 5.992953772367412668e+00 1.983676241201089152e-02
1.548000000000000000e+03 1.192670752205423778e+05 4.389753480519688056e-01 2.847993811023939031e-02 5.992953772367412668e+00 1.983676241201089152e-02
1.549000000000000000e+03 1.193470651060163364e+05 4.386177810290585732e-01 3.111447126335972757e-02 5.992953772367412668e+00 1.983676241201089152e-02
1.550000000000000000e+03 1.194203851329819881e+05 4.382602140061482854e-01 3.187254271562472985e-02 5.992953772367412668e+00 1.983676241201089152e-02
1.551000000000000000e+03 1.194919938535761030e+05 4.379026469832379975e-01 2.949271554662662859e-02 5.992953772367412668e+00 1.983676241201089152e-02
1.552000000000000000e+03 1.195694929847845342e+05 4.375450799603277652e-01 2.898421987283914328e-02 5.992953772367412668e+00 1.983676241201089152e-02
1.553000000000000000e+03 1.196483460220890847e+05 4.371875129374175328e-01 2.917786998462615008e-02 5.992953772367412668e+00 1.983676241201089152e-02
1.554000000000000000e+03 1.197267463937652356e+05 4.368299459145071895e-01 3.076122953735881127e-02 5.992953772367412668e+00 1.983676241201089152e-02
1.555000000000000000e+03 1.198011687823742250e+05 4.364723788915969571e-01 3.000637365243097321e-02 5.992953772367412668e+00 1.983676241201089152e-02
1.556000000000000000e+03 1.198775381111858442e+05 4.361148118686867248e-01 2.934509296901590888e-02 5.992953772367412668e+00 1.983676241201089152e-02
1.557000000000000000e+03 1.199556749895861285e+05 4.357572448457763814e-01 2.921459839555357735e-02 5.992953772367412668e+00 1.983676241201089152e-02
1.558000000000000000e+03 1.200342380617547460e+05 4.353996778228661491e-01 3.054091803162261795e-02 5.992953772367412668e+00 1.983676241201089152e-02
1.559000000000000000e+03 1.201094381915781996e+05 4.350421107999559167e-01 3.039596708866025912e-02 5.992953772367412668e+00 1.983676241201089152e-02
1.560000000000000000e+03 1.201850771334374440e+05 4.346845437770456289e-01 3.172178698416323883e-02 5.992953772367412668e+00 1.983676241201089152e-02
1.561000000000000000e+03 1.202576090161904285e+05 4.343269767541353410e-01 3.240717687732881658e-02 5.992953772367412668e+00 1.983676241201089152e-02
1.562000000000000000e+03 1.203286578545671655e+05 4.339694097312251087e-01 3.189754346974885135e-02 5.992953772367412668e+00 1.983676241201089152e-02
1.563000000000000000e+03 1.204009100006804074e+05 4.336118427083148208e-01 3.086471628032567971e-02 5.992953772367412668e+00 1.983676241201089152e-02
1.564000000000000000e+03 1.204756346327541687e+05 4.332542756854045329e-01 3.104744996262098766e-02 5.992953772367412668e+00 1.983676241201089152e-02
1.565000000000000000e+03 1.205499783483877254e+05 4.328967086624943006e-01 3.105041340276657943e-02 5.992953772367412668e+00 1.983676241201089152e-02
1.566000000000000000e+03 1.206243760672537755e+05 4.325391416395840682e-01 3.058510587968065603e-02 5.992953772367412668e+00 1.983676241201089152e-02
1.567000000000000000e+03 1.206999735173970839e+05 4.321815746166737249e-01 3.122402286725916784e-02 5.992953772367412668e+00 1.983676241201089152e-02
1.568000000000000000e+03 1.207741152242531098e+05 4.318243581766558203e-01 3.252624270553666069e-02 5.992953772367412668e+00 1.983676241201089152e-02
1.569000000000000000e+03 1.208453166212233482e+05 4.314676844367891784e-01 3.216135745379232469e-02 5.992953772367412668e+00 1.983676241201089152e-02
1.570000000000000000e+03 1.209173872762962710e+05 4.311112028141813601e-01 3.339735723535743744e-02 5.992953772367412668e+00 1.983676241201089152e-02
1.571000000000000000e+03 1.209868742849753762e+05 4.307547211915735419e-01 3.345659839154129650e-02 5.992953772367412668e+00 1.983676241201089152e-02
1.572000000000000000e+03 1.210562946216877608e+05 4.303982395689658347e-01 3.225073573748153677e-02 5.992953772367412668e+00 1.983676241201089152e-02
1.573000000000000000e+03 1.211283395235506759e+05 4.300417579463580164e-01 3.133977958028796168e-02 5.992953772367412668e+00 1.983676241201089152e-02
1.574000000000000000e+03 1.212025597726895503e+05 4.296852763237501982e-01 3.166112546000353356e-02 5.992953772367412668e+00 1.983676241201089152e-02
1.575000000000000000e+03 1.212760792623392772e+05 4.293287947011424910e-01 3.287681469383214178e-02 5.992953772367412668e+00 1.983676241201089152e-02
1.576000000000000000e+03 1.213469378674492764e+05 4.289723130785346727e-01 3.320218787637344710e-02 5.992953772367412668e+00 1.983676241201089152e-02
1.577000000000000000e+03 1.214171540485147561e+05 4.286158314559268545e-01 3.429783021681492156e-02 5.992953772367412668e+00 1.983676241201089152e-02
1.578000000000000000e+03 1.214851926261004410e+05 4.282593498333191473e-01 3.365074632915787678e-02 5.992953772367412668e+00 1.983676241201089152e-02
1.579000000000000000e+03 1.215545873931295500e+05 4.279028682107113291e-01 3.275876344484772440e-02 5.992953772367412668e+00 1.983676241201089152e-02
1.580000000000000000e+03 1.216259239213286492e+05 4.275463865881035663e-01 3.303190874525195608e-02 5.992953772367412668e+00 1.983676241201089152e-02
1.581000000000000000e+03 1.216967290931747993e+05 4.271899049654958036e-01 3.224771851818210300e-02 5.992953772367412668e+00 1.983676241201089152e-02
1.582000000000000000e+03 1.217693208262982953e+05 4.268334233428879854e-01 3.255159002044277078e-02 5.992953772367412668e+00 1.983676241201089152e-02
1.583000000000000000e+03 1.218412944933160325e+05 4.264769417202802226e-01 3.296268727184815256e-02 5.992953772367412668e+00 1.983676241201089152e-02
1.584000000000000000e+03 1.219124357550825080e+05 4.261204600976724599e-01 3.406100263688759122e-02 5.992953772367412668e+00 1.983676241201089152e-02
1.585000000000000000e+03 1.219813358364532178e+05 4.257639784750646417e-01 3.388547146638082319e-02 5.992953772367412668e+00 1.983676241201089152e-02
1.586000000000000000e+03 1.220506497738717298e+05 4.254074968524568789e-01 3.428732550260166906e-02 5.992953772367412668e+00 1.983676241201089152e-02
1.587000000000000000e+03 1.221192122423855180e+05 4.250510152298491162e-01 3.526220007940342183e-02 5.992953772367412668e+00 1.983676241201089152e-02
1.588000000000000000e+03 1.221859427545159851e+05 4.246945336072412980e-01 3.412524541049629517e-02 5.992953772367412668e+00 1.983676241201089152e-02
1.589000000000000000e+03 1.222549594470728480e+05 4.243380519846335908e-01 3.421572126657469737e-02 5.992953772367412668e+00 1.983676241201089152e-02
1.590000000000000000e+03 1.223238375397536583e+05 4.239815703620257725e-01 3.356583255732842330e-02 5.992953772367412668e+00 1.983676241201089152e-02
1.591000000000000000e+03 1.223941079951316933e+05 4.236250887394179543e-01 3.364731226108001738e-02 5.992953772367412668e+00 1.983676241201089152e-02
1.592000000000000000e+03 1.224642664258658187e+05 4.232689944023522166e-01 3.431202041544480219e-02 5.992953772367412668e+00 1.983676241201089152e-02
1.593000000000000000e+03 1.225331368019507354e+05 4.229135582003191729e-01 3.554481506772245308e-02 5.992953772367412668e+00 1.983676241201089152e-02
1.594000000000000000e+03 1.225996686868344696e+05 4.225583928477770757e-01 3.553025258277518750e-02 5.992953772367412668e+00 1.983676241201089152e-02
1.595000000000000000e+03 1.226662987773506466e+05 4.222032274952348674e-01 3.427742870134532771e-02 5.992953772367412668e+00 1.983676241201089152e-02
1.596000000000000000e+03 1.227354053340882238e+05 4.218480621426926591e-01 3.532420918430593387e-02 5.992953772367412668e+00 1.983676241201089152e-02
1.597000000000000000e+03 1.228025154260080453e+05 4.214928967901505064e-01 3.413444783780736347e-02 5.992953772367412668e+00 1.983676241201089152e-02
1.598000000000000000e+03 1.228720224381689623e+05 4.211377314376083536e-01 3.447258090432617911e-02 5.992953772367412668e+00 1.983676241201089152e-02
1.599000000000000000e+03 1.229409065252586879e+05 4.207825660850661453e-01 3.239688034192246546e-02 5.992953772367412668e+00 1.983676241201089152e-02
1.600000000000000000e+03 1.230143204173035047e+05 4.204274007325239926e-01 3.252848546959669074e-02 5.992953772367412668e+00 1.983676241201089152e-02
1.601000000000000000e+03 1.230874626995767467e+05 4.200722353799818398e-01 3.314130760008663495e-02 5.992953772367412668e+00 1.983676241201089152e-02
1.602000000000000000e+03 1.231592914001600293e+05 4.197170700274396316e-01 3.316319187696505771e-02 5.992953772367412668e+00 1.983676241201089152e-02
1.603000000000000000e+03 1.232311346909138665e+05 4.193619046748974788e-01 3.479917329407974241e-02 5.992953772367412668e+00 1.983676241201089152e-02
1.604000000000000000e+03 1.232996723740585294e+05 4.190067393223553260e-01 3.569751542027051194e-02 5.992953772367412668e+00 1.983676241201089152e-02
1.605000000000000000e+03 1.233665264843144541e+05 4.186515739698131178e-01 3.487080617287571099e-02 5.992953772367412668e+00 1.983676241201089152e-02
1.606000000000000000e+03 1.234350584766587126e+05 4.182964086172709095e-01 3.381015803822826071e-02 5.992953772367412668e+00 1.983676241201089152e-02
1.607000000000000000e+03 1.235057701431993773e+05 4.179412432647288123e-01 3.447239772945064062e-02 5.992953772367412668e+00 1.983676241201089152e-02
1.608000000000000000e+03 1.235751782363096281e+05 4.175860779121866040e-01 3.479552700961711237e-02 5.992953772367412668e+00 1.983676241201089152e-02
1.609000000000000000e+03 1.236440050792268885e+05 4.172309125596443957e-01 3.545554386637273653e-02 5.992953772367412668e+00 1.983676241201089152e-02
1.610000000000000000e+03 1.237116045667847502e+05 4.168757472071022985e-01 3.538422928821567670e-02 5.992953772367412668e+00 1.983676241201089152e-02
1.611000000000000000e+03 1.237794025993944670e+05 4.165205818545600902e-01 3.652559021724494093e-02 5.992953772367412668e+00 1.983676241201089152e-02
1.612000000000000000e+03 1.238451399217776197e+05 4.161654165020178819e-01 3.519210600815934897e-02 5.992953772367412668e+00 1.983676241201089152e-02
1.613000000000000000e+03 1.239134338619742339e+05 4.158102511494757292e-01 3.534706023825918281e-02 5.992953772367412668e+00 1.983676241201089152e-02
1.614000000000000000e+03 1.239814769315388548e+05 4.154550857969335764e-01 3.522772988454398596e-02 5.992953772367412668e+00 1.983676241201089152e-02
1.615000000000000000e+03 1.240498124252481357e+05 4.150999204443913682e-01 3.408585672738310285e-02 5.992953772367412668e+00 1.983676241201089152e-02
1.616000000000000000e+03 1.241204980340288312e+05 4.147453143775645668e-01 3.506983637670885862e-02 5.992953772367412668e+00 1.983676241201089152e-02
1.617000000000000000e+03 1.241892775362111570e+05 4.143913118170867715e-01 3.493895535975755084e-02 5.992953772367412668e+00 1.983676241201089152e-02
1.618000000000000000e+03 1.242583578093272226e+05 4.140373534772425757e-01 3.450698813962125439e-02 5.992953772367412668e+00 1.983676241201089152e-02
1.619000000000000000e+03 1.243283529076032573e+05 4.136833951373983798e-01 3.486195702062591661e-02 5.992953772367412668e+00 1.983676241201089152e-02
1.620000000000000000e+03 1.243976974278636626e+05 4.133294367975541839e-01 3.548198766212931621e-02 5.992953772367412668e+00 1.983676241201089152e-02
1.621000000000000000e+03 1.244658862408855348e+05 4.129754784577099880e-01 3.501673319808892154e-02 5.992953772367412668e+00 1.983676241201089152e-02
1.622000000000000000e+03 1.245350488594717608e+05 4.126215201178657921e-01 3.623988096469381304e-02 5.992953772367412668e+00 1.983676241201089152e-02
1.623000000000000000e+03 1.246019679565598490e+05 4.122675617780215962e-01 3.693824382102326581e-02 5.992953772367412668e+00 1.983676241201089152e-02
1.624000000000000000e+03 1.246676441364315251e+05 4.119136034381774003e-01 3.639426793369404667e-02 5.992953772367412668e+00 1.983676241201089152e-02
1.625000000000000000e+03 1.247343682725865801e+05 4.115596450983332044e-01 3.728523721907207877e-02 5.992953772367412668e+00 1.983676241201089152e-02
1.626000000000000000e+03 1.247995424352002447e+05 4.112056867584890085e-01 3.630761528820556500e-02 5.992953772367412668e+00 1.983676241201089152e-02
1.627000000000000000e+03 1.248665287011540931e+05 4.108517284186448126e-01 3.458999997870181725e-02 5.992953772367412668e+00 1.983676241201089152e-02
1.628000000000000000e+03 1.249369229074443138e+05 4.104977700788006167e-01 3.679564717841526250e-02 5.992953772367412668e+00 1.983676241201089152e-02
1.629000000000000000e+03 1.250031987920668471e+05 4.101438117389563653e-01 3.926250642027325627e-02 5.992953772367412668e+00 1.983676241201089152e-02
1.630000000000000000e+03 1.250653282514560997e+05 4.097898533991121695e-01 3.954922390326941206e-02 5.992953772367412668e+00 1.983676241201089152e-02
1.631000000000000000e+03 1.251270331328838511e+05 4.094358950592679736e-01 3.943417242595300548e-02 5.992953772367412668e+00 1.983676241201089152e-02
1.632000000000000000e+03 1.251889923820480617e+05 4.090819367194237777e-01 3.746394002146211794e-02 5.992953772367412668e+00 1.983676241201089152e-02
1.633000000000000000e+03 1.252542489379774197e+05 4.087279783795795818e-01 3.720598855074769978e-02 5.992953772367412668e+00 1.983676241201089152e-02
1.634000000000000000e+03 1.253200250705739600e+05 4.083740200397353859e-01 3.498917534772252175e-02 5.992953772367412668e+00 1.983676241201089152e-02
1.635000000000000000e+03 1.253900499636899767e+05 4.080200616998911900e-01 3.442526734300218466e-02 5.992953772367412668e+00 1.983676241201089152e-02
1.636000000000000000e+03 1.254612583843515895e+05 4.076661033600469941e-01 3.464916841781884305e-02 5.992953772367412668e+00 1.983676241201089152e-02
1.637000000000000000e+03 1.255320827378112153e+05 4.073121450202027982e-01 3.347025477323826992e-02 5.992953772367412668e+00 1.983676241201089152e-02
1.638000000000000000e+03 1.256054473568863468e+05 4.069581866803586023e-01 3.643066751650678170e-02 5.992953772367412668e+00 1.983676241201089152e-02
1.639000000000000000e+03 1.256729225704823912e+05 4.066046541632318823e-01 3.672206939101064355e-02 5.992953772367412668e+00 1.983676241201089152e-02
1.640000000000000000e+03 1.257399070504017436e+05 4.062517749426663993e-01 3.457013205061356537e-02 5.992953772367412668e+00 1.983676241201089152e-02
1.641000000000000000e+03 1.258111643142312823e+05 4.058991231959446777e-01 3.418406643076639384e-02 5.992953772367412668e+00 1.983676241201089152e-02
1.642000000000000000e+03 1.258832492575224314e+05 4.055464714492228451e-01 3.437280675369577820e-02 5.992953772367412668e+00 1.983676241201089152e-02
1.643000000000000000e+03 1.259549969900344586e+05 4.051938197025011235e-01 3.521868752543783065e-02 5.992953772367412668e+00 1.983676241201089152e-02
1.644000000000000000e+03 1.260250783868634462e+05 4.048411679557792908e-01 3.449817327699290781e-02 5.992953772367412668e+00 1.983676241201089152e-02
1.645000000000000000e+03 1.260966997163933847e+05 4.044885162090575692e-01 3.496552554405467361e-02 5.992953772367412668e+00 1.983676241201089152e-02
1.646000000000000000e+03 1.261674282578779821e+05 4.041358644623358476e-01 3.607853753382009310e-02 5.992953772367412668e+00 1.983676241201089152e-02
1.647000000000000000e+03 1.262360138346565072e+05 4.037832127156140150e-01 3.499144804007687376e-02 5.992953772367412668e+00 1.983676241201089152e-02
1.648000000000000000e+03 1.263068229924456828e+05 4.034305609688922933e-01 3.412585499741908890e-02 5.992953772367412668e+00 1.983676241201089152e-02
1.649000000000000000e+03 1.263794567532501824e+05 4.030779092221704607e-01 3.419898480397749740e-02 5.992953772367412668e+00 1.983676241201089152e-02
1.650000000000000000e+03 1.264519976954104204e+05 4.027252574754487391e-01 3.335403740873510436e-02 5.992953772367412668e+00 1.983676241201089152e-02
1.651000000000000000e+03 1.265264648649709270e+05 4.023726057287269064e-01 3.289727142419795330e-02 5.992953772367412668e+00 1.983676241201089152e-02
1.652000000000000000e+03 1.266020561573408049e+05 4.020199539820051848e-01 3.444182317492784640e-02 5.992953772367412668e+00 1.983676241201089152e-02
1.653000000000000000e+03 1.266742941454384854e+05 4.016673022352834632e-01 3.422807424567166079e-02 5.992953772367412668e+00 1.983676241201089152e-02
1.654000000000000000e+03 1.267470351076785300e+05 4.013146504885616306e-01 3.473314821664919005e-02 5.992953772367412668e+00 1.983676241201089152e-02
1.655000000000000000e+03 1.268187785025653429e+05 4.009619987418399090e-01 3.421517844419479093e-02 5.992953772367412668e+00 1.983676241201089152e-02
1.656000000000000000e+03 1.268916991746892454e+05 4.006093469951180763e-01 3.412177301485944114e-02 5.992953772367412668e+00 1.983676241201089152e-02
1.657000000000000000e+03 1.269648956834574201e+05 4.002566952483963547e-01 3.462402984543175299e-02 5.992953772367412668e+00 1.983676241201089152e-02
1.658000000000000000e+03 1.270370810534642369e+05 3.999040435016745221e-01 3.241727096369844546e-02 5.992953772367412668e+00 1.983676241201089152e-02
1.659000000000000000e+03 1.271142333567292371e+05 3.995513917549528005e-01 3.203162614908891537e-02 5.992953772367412668e+00 1.983676241201089152e-02
1.660000000000000000e+03 1.271923980314057990e+05 3.991987400082310233e-01 3.402265871209958492e-02 5.992953772367412668e+00 1.983676241201089152e-02
1.661000000000000000e+03 1.272660539677328343e+05 3.988460882615092462e-01 3.527638761679408042e-02 5.992953772367412668e+00 1.983676241201089152e-02
1.662000000000000000e+03 1.273371375656955497e+05 3.984939334750564610e-01 3.623239034441247397e-02 5.992953772367412668e+00 1.983676241201089152e-02
1.663000000000000000e+03 1.274064126359514339e+05 3.981424371981718835e-01 3.773887751442534660e-02 5.992953772367412668e+00 1.983676241201089152e-02
1.664000000000000000e+03 1.274729685711542261e+05 3.977911024705864662e-01 3.836637302288536944e-02 5.992953772367412668e+00 1.983676241201089152e-02
1.665000000000000000e+03 1.275385074998617201e+05 3.974397677430010489e-01 3.924467667484406869e-02 5.992953772367412668e+00 1.983676241201089152e-02
1.666000000000000000e+03 1.276026235108513647e+05 3.970884330154156316e-01 3.898446716408951462e-02 5.992953772367412668e+00 1.983676241201089152e-02
1.667000000000000000e+03 1.276672230276498449e+05 3.967370982878302144e-01 3.938824008861707693e-02 5.992953772367412668e+00 1.983676241201089152e-02
1.668000000000000000e+03 1.277312219950346480e+05 3.963857635602447971e-01 3.864352242618712685e-02 5.992953772367412668e+00 1.983676241201089152e-02
1.669000000000000000e+03 1.277965330931190110e+05 3.960344288326594353e-01 3.730925071777398128e-02 5.992953772367412668e+00 1.983676241201089152e-02
1.670000000000000000e+03 1.278642117180564674e+05 3.956830941050740180e-01 3.838595853058960478e-02 5.992953772367412668e+00 1.983676241201089152e-02
1.671000000000000000e+03 1.279300544090382900e+05 3.953317593774886007e-01 3.757819634483591104e-02 5.992953772367412668e+00 1.983676241201089152e-02
1.672000000000000000e+03 1.279973873651160102e+05 3.949804246499031835e-01 3.718203762709446081e-02 5.992953772367412668e+00 1.983676241201089152e-02
1.673000000000000000e+03 1.280654979617466888e+05 3.946290899223178217e-01 3.968680219493020411e-02 5.992953772367412668e+00 1.983676241201089152e-02
1.674000000000000000e+03 1.281293637996494508e+05 3.942777551947324044e-01 3.972753333371695228e-02 5.992953772367412668e+00 1.983676241201089152e-02
1.675000000000000000e+03 1.281932045744753705e+05 3.939264204671469871e-01 3.928444454472589803e-02 5.992953772367412668e+00 1.983676241201089152e-02
1.676000000000000000e+03 1.282578255319473537e+05 3.935750857395615698e-01 3.902641142179798239e-02 5.992953772367412668e+00 1.983676241201089152e-02
1.677000000000000000e+03 1.283229302900982002e+05 3.932237510119761525e-01 3.897366384798380684e-02 5.992953772367412668e+00 1.983676241201089152e-02
1.678000000000000000e+03 1.283881902822944830e+05 3.928724162843907353e-01 4.183018059021170743e-02 5.992953772367412668e+00 1.983676241201089152e-02
1.679000000000000000e+03 1.284490952014839422e+05 3.925210815568053180e-01 4.346080185758094405e-02 5.992953772367412668e+00 1.983676241201089152e-02
1.680000000000000000e+03 1.285077196123705071e+05 3.921697468292199562e-01 4.391572158221331013e-02 5.992953772367412668e+00 1.983676241201089152e-02
1.681000000000000000e+03 1.285657905206106516e+05 3.918184121016345389e-01 4.374290005759041283e-02 5.992953772367412668e+00 1.983676241201089152e-02
1.682000000000000000e+03 1.286241424143068434e+05 3.914670773740491216e-01 4.410757178892425051e-02 5.992953772367412668e+00 1.983676241201089152e-02
1.683000000000000000e+03 1.286820593658002472e+05 3.911157426464637044e-01 4.310972550850317164e-02 5.992953772367412668e+00 1.983676241201089152e-02
1.684000000000000000e+03 1.287413772308769840e+05 3.907645665359291698e-01 4.291457415789078772e-02 5.992953772367412668e+00 1.983676241201089152e-02
1.685000000000000000e+03 1.288010138743242860e+05 3.904140908147152311e-01 4.281912186290047495e-02 5.992953772367412668e+00 1.983676241201089152e-02
1.686000000000000000e+03 1.288608413584616937e+05 3.900641568657707836e-01 4.455655599630953256e-02 5.992953772367412668e+00 1.983676241201089152e-02
1.687000000000000000e+03 1.289184151339952950e+05 3.897142229168264471e-01 4.652411554258943649e-02 5.992953772367412668e+00 1.983676241201089152e-02
1.688000000000000000e+03 1.289735715573113848e+05 3.893642889678819996e-01 4.691210905270945530e-02 5.992953772367412668e+00 1.983676241201089152e-02
1.689000000000000000e+03 1.290283194636183180e+05 3.890143550189375521e-01 4.671790801836587376e-02 5.992953772367412668e+00 1.983676241201089152e-02
1.690000000000000000e+03 1.290833444264054415e+05 3.886644210699932156e-01 4.709993418084548050e-02 5.992953772367412668e+00 1.983676241201089152e-02
1.691000000000000000e+03 1.291379770330036263e+05 3.883144871210487681e-01 4.718863848782724885e-02 5.992953772367412668e+00 1.983676241201089152e-02
1.692000000000000000e+03 1.291925693906727683e+05 3.879645531721044316e-01 4.615872179502448353e-02 5.992953772367412668e+00 1.983676241201089152e-02
1.693000000000000000e+03 1.292484152048941760e+05 3.876146192231599841e-01 4.607935752762660347e-02 5.992953772367412668e+00 1.983676241201089152e-02
1.694000000000000000e+03 1.293044087996498711e+05 3.872646852742155921e-01 4.530378054207702399e-02 5.992953772367412668e+00 1.983676241201089152e-02
1.695000000000000000e+03 1.293614056702176167e+05 3.869147513252712001e-01 4.608890586193182398e-02 5.992953772367412668e+00 1.983676241201089152e-02
1.696000000000000000e+03 1.294174804371808277e+05 3.865648173763267526e-01 4.417416419184370252e-02 5.992953772367412668e+00 1.983676241201089152e-02
1.697000000000000000e+03 1.294760471064714366e+05 3.862148834273824161e-01 4.383863606273348534e-02 5.992953772367412668e+00 1.983676241201089152e-02
1.698000000000000000e+03 1.295351198911898973e+05 3.858649494784379685e-01 4.295933483973275735e-02 5.992953772367412668e+00 1.983676241201089152e-02
1.699000000000000000e+03 1.295954499387205578e+05 3.855150155294936321e-01 4.444554560185509651e-02 5.992953772367412668e+00 1.983676241201089152e-02
1.700000000000000000e+03 1.296538135453793075e+05 3.851650815805491845e-01 4.389036111196138734e-02 5.992953772367412668e+00 1.983676241201089152e-02
1.701000000000000000e+03 1.297129699755469192e+05 3.848151476316047370e-01 4.442668993464358312e-02 5.992953772367412668e+00 1.983676241201089152e-02
1.702000000000000000e+03 1.297714697836200357e+05 3.844652136826604005e-01 4.561248001253105644e-02 5.992953772367412668e+00 1.983676241201089152e-02
1.703000000000000000e+03 1.298285019491585845e+05 3.841152797337159530e-01 4.533081963673198794e-02 5.992953772367412668e+00 1.983676241201089152e-02
1.704000000000000000e+03 1.298859835701315606e+05 3.837653457847716165e-01 4.144397939456082730e-02 5.992953772367412668e+00 1.983676241201089152e-02
1.705000000000000000e+03 1.299488622821871832e+05 3.834154118358271690e-01 4.413268942006973172e-02 5.992953772367412668e+00 1.983676241201089152e-02
1.706000000000000000e+03 1.300079938992878597e+05 3.830655187385391680e-01 4.404890185331603730e-02 5.992953772367412668e+00 1.983676241201089152e-02
1.707000000000000000e+03 1.300672738579502329e+05 3.827163224585488077e-01 4.387075889872824042e-02 5.992953772367412668e+00 1.983676241201089152e-02
1.708000000000000000e+03 1.301268352708712773e+05 3.823677821441996971e-01 4.351946818128828165e-02 5.992953772367412668e+00 1.983676241201089152e-02
1.709000000000000000e+03 1.301869313115491823e+05 3.820192418298505865e-01 4.313561536083879849e-02 5.992953772367412668e+00 1.983676241201089152e-02
1.710000000000000000e+03 1.302476234867533785e+05 3.816707015155015315e-01 4.069232982601598408e-02 5.992953772367412668e+00 1.983676241201089152e-02
1.711000000000000000e+03 1.303120448176062200e+05 3.813221612011523654e-01 4.145507325227597989e-02 5.992953772367412668e+00 1.983676241201089152e-02
1.712000000000000000e+03 1.303753484714920342e+05 3.809736208868033103e-01 4.297984737938517069e-02 5.992953772367412668e+00 1.983676241201089152e-02
1.713000000000000000e+03 1.304364217614399531e+05 3.806250805724541442e-01 4.239242270318527295e-02 5.992953772367412668e+00 1.983676241201089152e-02
1.714000000000000000e+03 1.304983982734431047e+05 3.802765402581050891e-01 4.148962864505685577e-02 5.992953772367412668e+00 1.983676241201089152e-02
1.715000000000000000e+03 1.305617959386585717e+05 3.799279999437560340e-01 4.097029283766957797e-02 5.992953772367412668e+00 1.983676241201089152e-02
1.716000000000000000e+03 1.306260459403651621e+05 3.795794596294068679e-01 4.058585269912316079e-02 5.992953772367412668e+00 1.983676241201089152e-02
1.717000000000000000e+03 1.306909963063533069e+05 3.792309193150578128e-01 3.965032876525585726e-02 5.992953772367412668e+00 1.983676241201089152e-02
1.718000000000000000e+03 1.307575246724365716e+05 3.788823790007086467e-01 3.971262899657276163e-02 5.992953772367412668e+00 1.983676241201089152e-02
1.719000000000000000e+03 1.308239941184526688e+05 3.785338386863595916e-01 3.971404868150085060e-02 5.992953772367412668e+00 1.983676241201089152e-02
1.720000000000000000e+03 1.308905187588938279e+05 3.781852983720105366e-01 3.902113561679706327e-02 5.992953772367412668e+00 1.983676241201089152e-02
1.721000000000000000e+03 1.309583033242554811e+05 3.778367580576613705e-01 3.824506693780572314e-02 5.992953772367412668e+00 1.983676241201089152e-02
1.722000000000000000e+03 1.310275148583254195e+05 3.774882177433123154e-01 3.650801452559080534e-02 5.992953772367412668e+00 1.983676241201089152e-02
1.723000000000000000e+03 1.311001010489401524e+05 3.771396774289631493e-01 3.726120929476249566e-02 5.992953772367412668e+00 1.983676241201089152e-02
1.724000000000000000e+03 1.311712727133767330e+05 3.767911371146140942e-01 3.607589690627839574e-02 5.992953772367412668e+00 1.983676241201089152e-02
1.725000000000000000e+03 1.312448578800602409e+05 3.764425968002649836e-01 3.508423614282404901e-02 5.992953772367412668e+00 1.983676241201089152e-02
1.726000000000000000e+03 1.313205766884014884e+05 3.760940564859158730e-01 3.465807718120544889e-02 5.992953772367412668e+00 1.983676241201089152e-02
1.727000000000000000e+03 1.313973032759612543e+05 3.757455161715668179e-01 3.336885763123697418e-02 5.992953772367412668e+00 1.983676241201089152e-02
1.728000000000000000e+03 1.314770782243675785e+05 3.753971493483853061e-01 3.314915431825943976e-02 5.992953772367412668e+00 1.983676241201089152e-02
1.729000000000000000e+03 1.315574440358249121e+05 3.750494968467886769e-01 3.347296000400147575e-02 5.992953772367412668e+00 1.983676241201089152e-02
1.730000000000000000e+03 1.316371023017900297e+05 3.747023851756093871e-01 3.351305946154397447e-02 5.992953772367412668e+00 1.983676241201089152e-02
1.731000000000000000e+03 1.317167398800029187e+05 3.743552735044300417e-01 3.216917679710031008e-02 5.992953772367412668e+00 1.983676241201089152e-02
1.732000000000000000e+03 1.317997808900049422e+05 3.740081618332506963e-01 3.264116359592296457e-02 5.992953772367412668e+00 1.983676241201089152e-02
1.733000000000000000e+03 1.318817004391233204e+05 3.736610501620714064e-01 3.296871477252680260e-02 5.992953772367412668e+00 1.983676241201089152e-02
1.734000000000000000e+03 1.319628831520087551e+05 3.733139384908920055e-01 3.122493491723462092e-02 5.992953772367412668e+00 1.983676241201089152e-02
1.735000000000000000e+03 1.320487846413033840e+05 3.729668268197127157e-01 2.866242969209441965e-02 5.992953772367412668e+00 1.983676241201089152e-02
1.736000000000000000e+03 1.321423787614557077e+05 3.726197151485333148e-01 2.924303886616040973e-02 5.992953772367412668e+00 1.983676241201089152e-02
1.737000000000000000e+03 1.322341530623514554e+05 3.722726034773540249e-01 2.842759848642022191e-02 5.992953772367412668e+00 1.983676241201089152e-02
1.738000000000000000e+03 1.323286606150865846e+05 3.719254918061747350e-01 2.759576647366836569e-02 5.992953772367412668e+00 1.983676241201089152e-02
1.739000000000000000e+03 1.324260905055343173e+05 3.715783801349953341e-01 2.729742662832321948e-02 5.992953772367412668e+00 1.983676241201089152e-02
1.740000000000000000e+03 1.325246805934629519e+05 3.712312684638160443e-01 2.589126223770148519e-02 5.992953772367412668e+00 1.983676241201089152e-02
1.741000000000000000e+03 1.326287443452588341e+05 3.708841567926366434e-01 2.703196183505330794e-02 5.992953772367412668e+00 1.983676241201089152e-02
1.742000000000000000e+03 1.327285302000445663e+05 3.705370451214573535e-01 2.781086063670470954e-02 5.992953772367412668e+00 1.983676241201089152e-02
1.743000000000000000e+03 1.328255778693478205e+05 3.701899334502780081e-01 2.639702796660030326e-02 5.992953772367412668e+00 1.983676241201089152e-02
1.744000000000000000e+03 1.329279316225668008e+05 3.698428217790986627e-01 2.607931355999892203e-02 5.992953772367412668e+00 1.983676241201089152e-02
1.745000000000000000e+03 1.330316106776171946e+05 3.694957101079193729e-01 2.495827059111650759e-02 5.992953772367412668e+00 1.983676241201089152e-02
1.746000000000000000e+03 1.331401403935183189e+05 3.691485984367399720e-01 2.432397863341496935e-02 5.992953772367412668e+00 1.983676241201089152e-02
1.747000000000000000e+03 1.332515172307340254e+05 3.688014867655606821e-01 2.395427314516151290e-02 5.992953772367412668e+00 1.983676241201089152e-02
1.748000000000000000e+03 1.333647346530820651e+05 3.684543750943812812e-01 2.324966917772966143e-02 5.992953772367412668e+00 1.983676241201089152e-02
1.749000000000000000e+03 1.334814926036679244e+05 3.681072634232019913e-01 2.275936824477578849e-02 5.992953772367412668e+00 1.983676241201089152e-02
1.750000000000000000e+03 1.336009171693582030e+05 3.677606985085271618e-01 2.383355731329003455e-02 5.992953772367412668e+00 1.983676241201089152e-02
1.751000000000000000e+03 1.337150735408836917e+05 3.674148425131398277e-01 2.228436208334605775e-02 5.992953772367412668e+00 1.983676241201089152e-02
1.752000000000000000e+03 1.338372807971286820e+05 3.670691486805355286e-01 2.348357535067202226e-02 5.992953772367412668e+00 1.983676241201089152e-02
1.753000000000000000e+03 1.339533611950608611e+05 3.667234548479312295e-01 2.295707398161540500e-02 5.992953772367412668e+00 1.983676241201089152e-02
1.754000000000000000e+03 1.340723003743555164e+05 3.663777610153269304e-01 2.130860647185843504e-02 5.992953772367412668e+00 1.983676241201089152e-02
1.755000000000000000e+03 1.342004143333052343e+05 3.660320671827225758e-01 2.178572252999867384e-02 5.992953772367412668e+00 1.983676241201089152e-02
1.756000000000000000e+03 1.343258348510111391e+05 3.656863733501182767e-01 2.097730079560672020e-02 5.992953772367412668e+00 1.983676241201089152e-02
1.757000000000000000e+03 1.344562173712941876e+05 3.653406795175139221e-01 2.051933020593467438e-02 5.992953772367412668e+00 1.983676241201089152e-02
1.758000000000000000e+03 1.345896157050663896e+05 3.649949856849096230e-01 2.018426759238108742e-02 5.992953772367412668e+00 1.983676241201089152e-02
1.759000000000000000e+03 1.347253813477309013e+05 3.646492918523053239e-01 1.973285153731988220e-02 5.992953772367412668e+00 1.983676241201089152e-02
1.760000000000000000e+03 1.348643625919579645e+05 3.643035980197010248e-01 1.938160608906397755e-02 5.992953772367412668e+00 1.983676241201089152e-02
1.761000000000000000e+03 1.350059881352265365e+05 3.639579041870967258e-01 1.887149712802023774e-02 5.992953772367412668e+00 1.983676241201089152e-02
1.762000000000000000e+03 1.351515801083806145e+05 3.636122103544923712e-01 1.833117471932474429e-02 5.992953772367412668e+00 1.983676241201089152e-02
1.763000000000000000e+03 1.353016661898802267e+05 3.632665165218880721e-01 1.742654723900311994e-02 5.992953772367412668e+00 1.983676241201089152e-02
1.764000000000000000e+03 1.354596486834383686e+05 3.629208226892837175e-01 1.654336205975824939e-02 5.992953772367412668e+00 1.983676241201089152e-02
1.765000000000000000e+03 1.356262483470203297e+05 3.625751288566794184e-01 1.617747813476109672e-02 5.992953772367412668e+00 1.983676241201089152e-02
1.766000000000000000e+03 1.357967405094872811e+05 3.622294350240751193e-01 1.624263141068097230e-02 5.992953772367412668e+00 1.983676241201089152e-02
1.767000000000000000e+03 1.359667835513843747e+05 3.618837411914708202e-01 1.653609578157698781e-02 5.992953772367412668e+00 1.983676241201089152e-02
1.768000000000000000e+03 1.361339234672700986e+05 3.615380473588664656e-01 1.714079778790345357e-02 5.992953772367412668e+00 1.983676241201089152e-02
1.769000000000000000e+03 1.362952941658678756e+05 3.611923535262621665e-01 1.578504547933981192e-02 5.992953772367412668e+00 1.983676241201089152e-02
1.770000000000000000e+03 1.364707389706987306e+05 3.608466596936578674e-01 1.516017950514446898e-02 5.992953772367412668e+00 1.983676241201089152e-02
1.771000000000000000e+03 1.366536082304209995e+05 3.605015044312818717e-01 1.503067959328864209e-02 5.992953772367412668e+00 1.983676241201089152e-02
1.772000000000000000e+03 1.368382553601242253e+05 3.601571963676535315e-01 1.539637123633008121e-02 5.992953772367412668e+00 1.983676241201089152e-02
1.773000000000000000e+03 1.370186157716577582e+05 3.598131969325444324e-01 1.509464621384941363e-02 5.992953772367412668e+00 1.983676241201089152e-02
1.774000000000000000e+03 1.372027485262832488e+05 3.594691974974353332e-01 1.580972778723767000e-02 5.992953772367412668e+00 1.983676241201089152e-02
1.775000000000000000e+03 1.373788459703330882e+05 3.591251980623262896e-01 1.580730580530653392e-02 5.992953772367412668e+00 1.983676241201089152e-02
1.776000000000000000e+03 1.375550694312915439e+05 3.587811986272172460e-01 1.554993814046100320e-02 5.992953772367412668e+00 1.983676241201089152e-02
1.777000000000000000e+03 1.377343216566841293e+05 3.584371991921081468e-01 1.536240756208943035e-02 5.992953772367412668e+00 1.983676241201089152e-02
1.778000000000000000e+03 1.379159638438875554e+05 3.580931997569990477e-01 1.534135626382874748e-02 5.992953772367412668e+00 1.983676241201089152e-02
1.779000000000000000e+03 1.380980083413186658e+05 3.577492003218899486e-01 1.527979895142430461e-02 5.992953772367412668e+00 1.983676241201089152e-02
1.780000000000000000e+03 1.382809484184016765e+05 3.574052008867809049e-01 1.498940920559083817e-02 5.992953772367412668e+00 1.983676241201089152e-02
1.781000000000000000e+03 1.384676173313412000e+05 3.570612014516718613e-01 1.495424283307721786e-02 5.992953772367412668e+00 1.983676241201089152e-02
1.782000000000000000e+03 1.386549112884475326e+05 3.567172020165627622e-01 1.449324953138977912e-02 5.992953772367412668e+00 1.983676241201089152e-02
1.783000000000000000e+03 1.388483594853417308e+05 3.563732025814536630e-01 1.378916822899907933e-02 5.992953772367412668e+00 1.983676241201089152e-02
1.784000000000000000e+03 1.390518576548550627e+05 3.560292031463446194e-01 1.400074516612007970e-02 5.992953772367412668e+00 1.983676241201089152e-02
1.785000000000000000e+03 1.392524702991966624e+05 3.556852037112355203e-01 1.424151485846055984e-02 5.992953772367412668e+00 1.983676241201089152e-02
1.786000000000000000e+03 1.394499011004005151e+05 3.553412042761264766e-01 1.441085192166799249e-02 5.992953772367412668e+00 1.983676241201089152e-02
1.787000000000000000e+03 1.396451944365339004e+05 3.549972048410173775e-01 1.407413485676953235e-02 5.992953772367412668e+00 1.983676241201089152e-02
1.788000000000000000e+03 1.398453599105590838e+05 3.546532054059082784e-01 1.422155551373792751e-02 5.992953772367412668e+00 1.983676241201089152e-02
1.789000000000000000e+03 1.400436395878005715e+05 3.543092059707992347e-01 1.426249403515742788e-02 5.992953772367412668e+00 1.983676241201089152e-02
1.790000000000000000e+03 1.402415829411633604e+05 3.539652065356901911e-01 1.403826562756241465e-02 5.992953772367412668e+00 1.983676241201089152e-02
1.791000000000000000e+03 1.404428994893086492e+05 3.536212071005810920e-01 1.451234262303169147e-02 5.992953772367412668e+00 1.983676241201089152e-02
1.792000000000000000e+03 1.406377974366453418e+05 3.532777720398964649e-01 1.397474443506803617e-02 5.992953772367412668e+00 1.983676241201089152e-02
1.793000000000000000e+03 1.408403561453066941e+05 3.529350181315423773e-01 1.369338174736797580e-02 5.992953772367412668e+00 1.983676241201089152e-02
1.794000000000000000e+03 1.410472876235512085e+05 3.525923810010942461e-01 1.388804945208800025e-02 5.992953772367412668e+00 1.983676241201089152e-02
1.795000000000000000e+03 1.412515311879400106e+05 3.522497438706461148e-01 1.419566319036491726e-02 5.992953772367412668e+00 1.983676241201089152e-02
1.796000000000000000e+03 1.414515232098810084e+05 3.519071067401980946e-01 1.395583437442297729e-02 5.992953772367412668e+00 1.983676241201089152e-02
1.797000000000000000e+03 1.416552152673961245e+05 3.515644696097499633e-01 1.471034854579720413e-02 5.992953772367412668e+00 1.983676241201089152e-02
1.798000000000000000e+03 1.418487560846797714e+05 3.512218324793018875e-01 1.484159971179920164e-02 5.992953772367412668e+00 1.983676241201089152e-02
1.799000000000000000e+03 1.420405971138871391e+05 3.508791953488538118e-01 1.463517556349195475e-02 5.992953772367412668e+00 1.983676241201089152e-02
1.800000000000000000e+03 1.422354253443973721e+05 3.505365582184056805e-01 1.383542522028789225e-02 5.992953772367412668e+00 1.983676241201089152e-02
1.801000000000000000e+03 1.424416480015568959e+05 3.501939210879576048e-01 1.408353848047930179e-02 5.992953772367412668e+00 1.983676241201089152e-02
1.802000000000000000e+03 1.426444458216415078e+05 3.498512839575095290e-01 1.468282956224547728e-02 5.992953772367412668e+00 1.983676241201089152e-02
1.803000000000000000e+03 1.428391346785818459e+05 3.495086468270613977e-01 1.520203260955347788e-02 5.992953772367412668e+00 1.983676241201089152e-02
1.804000000000000000e+03 1.430273370638009219e+05 3.491660096966133775e-01 1.436486926503812919e-02 5.992953772367412668e+00 1.983676241201089152e-02
1.805000000000000000e+03 1.432268132209785690e+05 3.488233725661652462e-01 1.411841297565752038e-02 5.992953772367412668e+00 1.983676241201089152e-02
1.806000000000000000e+03 1.434299134649129119e+05 3.484807354357171150e-01 1.511345443940900583e-02 5.992953772367412668e+00 1.983676241201089152e-02
1.807000000000000000e+03 1.436199403616051713e+05 3.481380983052690947e-01 1.466137674575837893e-02 5.992953772367412668e+00 1.983676241201089152e-02
1.808000000000000000e+03 1.438160796662968642e+05 3.477954611748209635e-01 1.418410390679451967e-02 5.992953772367412668e+00 1.983676241201089152e-02
1.809000000000000000e+03 1.440187921135521901e+05 3.474528240443728322e-01 1.421283133544136955e-02 5.992953772367412668e+00 1.983676241201089152e-02
1.810000000000000000e+03 1.442213798024246062e+05 3.471101869139248119e-01 1.514671441642371358e-02 5.992953772367412668e+00 1.983676241201089152e-02
1.811000000000000000e+03 1.444116614977486897e+05 3.467675497834766807e-01 1.494446620507725206e-02 5.992953772367412668e+00 1.983676241201089152e-02
1.812000000000000000e+03 1.446046692374514823e+05 3.464251969522479380e-01 1.484982680199552207e-02 5.992953772367412668e+00 1.983676241201089152e-02
1.813000000000000000e+03 1.447990763793939550e+05 3.460836741509155656e-01 1.488155826277676348e-02 5.992953772367412668e+00 1.983676241201089152e-02
1.814000000000000000e+03 1.449932548303765943e+05 3.457426970802603972e-01 1.483264541972636845e-02 5.992953772367412668e+00 1.983676241201089152e-02
1.815000000000000000e+03 1.451882799594603712e+05 3.454017200096052287e-01 1.460578603190997027e-02 5.992953772367412668e+00 1.983676241201089152e-02
1.816000000000000000e+03 1.453865321122631722e+05 3.450607429389500602e-01 1.507319554072365092e-02 5.992953772367412668e+00 1.983676241201089152e-02
1.817000000000000000e+03 1.455788160874946334e+05 3.447197658682948918e-01 1.441881457312029456e-02 5.992953772367412668e+00 1.983676241201089152e-02
1.818000000000000000e+03 1.457800394177313428e+05 3.443787887976397233e-01 1.415701457486113861e-02 5.992953772367412668e+00 1.983676241201089152e-02
1.819000000000000000e+03 1.459852037121046160e+05 3.440378117269846103e-01 1.418155527046741429e-02 5.992953772367412668e+00 1.983676241201089152e-02
1.820000000000000000e+03 1.461904497394231439e+05 3.436968346563294419e-01 1.539177025226045811e-02 5.992953772367412668e+00 1.983676241201089152e-02
1.821000000000000000e+03 1.463795452440939844e+05 3.433558575856742734e-01 1.483122342832831307e-02 5.992953772367412668e+00 1.983676241201089152e-02
1.822000000000000000e+03 1.465759154018038535e+05 3.430148805150191049e-01 1.521741737496317380e-02 5.992953772367412668e+00 1.983676241201089152e-02
1.823000000000000000e+03 1.467675141874032270e+05 3.426739034443639365e-01 1.656063897071635357e-02 5.992953772367412668e+00 1.983676241201089152e-02
1.824000000000000000e+03 1.469438836102139612e+05 3.423329263737087680e-01 1.593508962844031665e-02 5.992953772367412668e+00 1.983676241201089152e-02
1.825000000000000000e+03 1.471273592796235171e+05 3.419919493030536550e-01 1.578140178394399698e-02 5.992953772367412668e+00 1.983676241201089152e-02
1.826000000000000000e+03 1.473126420868560381e+05 3.416509722323984866e-01 1.525362698439883431e-02 5.992953772367412668e+00 1.983676241201089152e-02
1.827000000000000000e+03 1.475046092686135380e+05 3.413099951617433181e-01 1.446327455664584913e-02 5.992953772367412668e+00 1.983676241201089152e-02
1.828000000000000000e+03 1.477072138038089906e+05 3.409690180910881496e-01 1.443584203873254750e-02 5.992953772367412668e+00 1.983676241201089152e-02
1.829000000000000000e+03 1.479103862606190669e+05 3.406280410204329812e-01 1.486816148196676290e-02 5.992953772367412668e+00 1.983676241201089152e-02
1.830000000000000000e+03 1.481079408502010338e+05 3.402870639497778127e-01 1.609322222583547957e-02 5.992953772367412668e+00 1.983676241201089152e-02
1.831000000000000000e+03 1.482905886535321479e+05 3.399460868791226442e-01 1.588986562014592374e-02 5.992953772367412668e+00 1.983676241201089152e-02
1.832000000000000000e+03 1.484757297931220091e+05 3.396052446390932511e-01 1.627887242200266177e-02 5.992953772367412668e+00 1.983676241201089152e-02
1.833000000000000000e+03 1.486566632463322021e+05 3.392651934617351706e-01 1.561167341060599664e-02 5.992953772367412668e+00 1.983676241201089152e-02
1.834000000000000000e+03 1.488455699568966229e+05 3.389257985164225162e-01 1.506868236292128321e-02 5.992953772367412668e+00 1.983676241201089152e-02
1.835000000000000000e+03 1.490413808147492527e+05 3.385864035711098619e-01 1.548511664014635102e-02 5.992953772367412668e+00 1.983676241201089152e-02
1.836000000000000000e+03 1.492321156508142303e+05 3.382470086257972075e-01 1.520784803723100424e-02 5.992953772367412668e+00 1.983676241201089152e-02
1.837000000000000000e+03 1.494265337070991809e+05 3.379076136804846087e-01 1.508834014640134114e-02 5.992953772367412668e+00 1.983676241201089152e-02
1.838000000000000000e+03 1.496226791049189051e+05 3.375682187351719543e-01 1.552877210635812341e-02 5.992953772367412668e+00 1.983676241201089152e-02
1.839000000000000000e+03 1.498135085713505396e+05 3.372288237898593000e-01 1.640675892348338744e-02 5.992953772367412668e+00 1.983676241201089152e-02
1.840000000000000000e+03 1.499942469149218232e+05 3.368894288445466456e-01 1.661136819864134778e-02 5.992953772367412668e+00 1.983676241201089152e-02
1.841000000000000000e+03 1.501729755088686361e+05 3.365500338992340468e-01 1.693956550804547392e-02 5.992953772367412668e+00 1.983676241201089152e-02
1.842000000000000000e+03 1.503483781033121923e+05 3.362106389539213924e-01 1.703541687475882555e-02 5.992953772367412668e+00 1.983676241201089152e-02
1.843000000000000000e+03 1.505229668042670819e+05 3.358712440086087381e-01 1.690294598937312071e-02 5.992953772367412668e+00 1.983676241201089152e-02
1.844000000000000000e+03 1.506991038131797395e+05 3.355318490632960837e-01 1.642219616299459006e-02 5.992953772367412668e+00 1.983676241201089152e-02
1.845000000000000000e+03 1.508806020070006780e+05 3.351924541179834849e-01 1.631421247232324109e-02 5.992953772367412668e+00 1.983676241201089152e-02
1.846000000000000000e+03 1.510634693190997932e+05 3.348530591726708305e-01 1.627520226052530869e-02 5.992953772367412668e+00 1.983676241201089152e-02
1.847000000000000000e+03 1.512469635729438742e+05 3.345136642273581762e-01 1.605351479545441551e-02 5.992953772367412668e+00 1.983676241201089152e-02
1.848000000000000000e+03 1.514331878947970981e+05 3.341742692820455218e-01 1.627026035147221064e-02 5.992953772367412668e+00 1.983676241201089152e-02
1.849000000000000000e+03 1.516171290134856245e+05 3.338348743367328675e-01 1.616744750369598568e-02 5.992953772367412668e+00 1.983676241201089152e-02
1.850000000000000000e+03 1.518024170224863046e+05 3.334954793914202686e-01 1.625157271312436744e-02 5.992953772367412668e+00 1.983676241201089152e-02
1.851000000000000000e+03 1.519869454926627805e+05 3.331560844461076143e-01 1.593864816893899791e-02 5.992953772367412668e+00 1.983676241201089152e-02
1.852000000000000000e+03 1.521752739029929508e+05 3.328169475378119357e-01 1.579936380282565000e-02 5.992953772367412668e+00 1.983676241201089152e-02
1.853000000000000000e+03 1.523654559582217480e+05 3.324786574759764912e-01 1.564423305993018279e-02 5.992953772367412668e+00 1.983676241201089152e-02
1.854000000000000000e+03 1.525577192318786401e+05 3.321409562235843049e-01 1.602557568598085569e-02 5.992953772367412668e+00 1.983676241201089152e-02
1.855000000000000000e+03 1.527456064320502919e+05 3.318032549711922297e-01 1.617374479844998700e-02 5.992953772367412668e+00 1.983676241201089152e-02
1.856000000000000000e+03 1.529319819898716523e+05 3.314655537188000434e-01 1.648483651696518171e-02 5.992953772367412668e+00 1.983676241201089152e-02
1.857000000000000000e+03 1.531150377267595322e+05 3.311278524664079126e-01 1.607331616774151581e-02 5.992953772367412668e+00 1.983676241201089152e-02
1.858000000000000000e+03 1.533030110427390609e+05 3.307901512140157818e-01 1.611158344476653140e-02 5.992953772367412668e+00 1.983676241201089152e-02
1.859000000000000000e+03 1.534908161810420861e+05 3.304524499616235955e-01 1.521576872276149406e-02 5.992953772367412668e+00 1.983676241201089152e-02
1.860000000000000000e+03 1.536897498811197875e+05 3.301147487092314647e-01 1.503813891435311703e-02 5.992953772367412668e+00 1.983676241201089152e-02
1.861000000000000000e+03 1.538912194500658370e+05 3.297770474568393340e-01 1.550287667655189661e-02 5.992953772367412668e+00 1.983676241201089152e-02
1.862000000000000000e+03 1.540868132445375086e+05 3.294393462044471477e-01 1.527090270849480909e-02 5.992953772367412668e+00 1.983676241201089152e-02
1.863000000000000000e+03 1.542856145800805534e+05 3.291016449520550724e-01 1.418976829748091160e-02 5.992953772367412668e+00 1.983676241201089152e-02
1.864000000000000000e+03 1.544997926699432137e+05 3.287639436996628861e-01 1.469533122482383214e-02 5.992953772367412668e+00 1.983676241201089152e-02
1.865000000000000000e+03 1.547068888965816877e+05 3.284262424472706998e-01 1.490127509637529865e-02 5.992953772367412668e+00 1.983676241201089152e-02
1.866000000000000000e+03 1.549112489025755203e+05 3.280885411948786246e-01 1.418231544310904861e-02 5.992953772367412668e+00 1.983676241201089152e-02
1.867000000000000000e+03 1.551262683244213986e+05 3.277508399424864383e-01 1.389196644000502759e-02 5.992953772367412668e+00 1.983676241201089152e-02
1.868000000000000000e+03 1.553459285918027454e+05 3.274131386900942520e-01 1.397786931966705191e-02 5.992953772367412668e+00 1.983676241201089152e-02
1.869000000000000000e+03 1.555644410851706925e+05 3.270754374377021767e-01 1.433260130610226023e-02 5.992953772367412668e+00 1.983676241201089152e-02
1.870000000000000000e+03 1.557777895276717027e+05 3.267377361853099904e-01 1.420221354904968245e-02 5.992953772367412668e+00 1.983676241201089152e-02
1.871000000000000000e+03 1.559933197578754043e+05 3.264000349329178596e-01 1.458106146065169494e-02 5.992953772367412668e+00 1.983676241201089152e-02
1.872000000000000000e+03 1.562034940989300667e+05 3.260629293252500505e-01 1.428633907877704945e-02 5.992953772367412668e+00 1.983676241201089152e-02
1.873000000000000000e+03 1.564182899510552525e+05 3.257266298431515938e-01 1.300257899769791808e-02 5.992953772367412668e+00 1.983676241201089152e-02
1.874000000000000000e+03 1.566545429048147635e+05 3.253905408418980016e-01 1.305088800080259070e-02 5.992953772367412668e+00 1.983676241201089152e-02
1.875000000000000000e+03 1.568902117458044668e+05 3.250544518406445205e-01 1.381629953502787160e-02 5.992953772367412668e+00 1.983676241201089152e-02
1.876000000000000000e+03 1.571129450613319350e+05 3.247183628393909283e-01 1.390043362028537711e-02 5.992953772367412668e+00 1.983676241201089152e-02
1.877000000000000000e+03 1.573345694075121137e+05 3.243822738381373916e-01 1.429698209145336546e-02 5.992953772367412668e+00 1.983676241201089152e-02
1.878000000000000000e+03 1.575501964110451809e+05 3.240461848368838549e-01 1.393524372339373721e-02 5.992953772367412668e+00 1.983676241201089152e-02
1.879000000000000000e+03 1.577717175073410326e+05 3.237100958356302627e-01 1.391372267786581546e-02 5.992953772367412668e+00 1.983676241201089152e-02
1.880000000000000000e+03 1.579938707701481180e+05 3.233740068343767815e-01 1.464007018085490726e-02 5.992953772367412668e+00 1.983676241201089152e-02
1.881000000000000000e+03 1.582050984607798455e+05 3.230379178331231893e-01 1.443913083843486461e-02 5.992953772367412668e+00 1.983676241201089152e-02
1.882000000000000000e+03 1.584195144075157295e+05 3.227018288318697081e-01 1.538415208203950876e-02 5.992953772367412668e+00 1.983676241201089152e-02
1.883000000000000000e+03 1.586215066867087444e+05 3.223657398306161159e-01 1.660219608888601969e-02 5.992953772367412668e+00 1.983676241201089152e-02
1.884000000000000000e+03 1.588083557085577922e+05 3.220296508293626347e-01 1.618819605040769730e-02 5.992953772367412668e+00 1.983676241201089152e-02
1.885000000000000000e+03 1.590002308688905323e+05 3.216935618281090425e-01 1.605263411911437774e-02 5.992953772367412668e+00 1.983676241201089152e-02
1.886000000000000000e+03 1.591939935814498167e+05 3.213574728268555614e-01 1.709936323225189417e-02 5.992953772367412668e+00 1.983676241201089152e-02
1.887000000000000000e+03 1.593759948708151642e+05 3.210213838256019692e-01 1.763792608597843439e-02 5.992953772367412668e+00 1.983676241201089152e-02
1.888000000000000000e+03 1.595526348350796325e+05 3.206852948243484880e-01 1.783598805760817571e-02 5.992953772367412668e+00 1.983676241201089152e-02
1.889000000000000000e+03 1.597275211081110174e+05 3.203492058230948958e-01 1.787880447874424725e-02 5.992953772367412668e+00 1.983676241201089152e-02
1.890000000000000000e+03 1.599022318007668655e+05 3.200131168218414146e-01 1.696134136581911936e-02 5.992953772367412668e+00 1.983676241201089152e-02
1.891000000000000000e+03 1.600864862089797680e+05 3.196774233946879651e-01 1.657379340305070031e-02 5.992953772367412668e+00 1.983676241201089152e-02
1.892000000000000000e+03 1.602752354875206656e+05 3.193425783268254436e-01 1.651646852223691980e-02 5.992953772367412668e+00 1.983676241201089152e-02
1.893000000000000000e+03 1.604648385873925581e+05 3.190081860441537076e-01 1.632193498242247992e-02 5.992953772367412668e+00 1.983676241201089152e-02
1.894000000000000000e+03 1.606570011765127128e+05 3.186737937614819716e-01 1.563287538869834528e-02 5.992953772367412668e+00 1.983676241201089152e-02
1.895000000000000000e+03 1.608577976056058251e+05 3.183394014788101800e-01 1.610978871503659579e-02 5.992953772367412668e+00 1.983676241201089152e-02
1.896000000000000000e+03 1.610528199870749086e+05 3.180050091961383885e-01 1.548202634608767357e-02 5.992953772367412668e+00 1.983676241201089152e-02
1.897000000000000000e+03 1.612559805993641203e+05 3.176706169134666524e-01 1.513340700993702145e-02 5.992953772367412668e+00 1.983676241201089152e-02
1.898000000000000000e+03 1.614640113181982888e+05 3.173362246307949164e-01 1.493041943708377575e-02 5.992953772367412668e+00 1.983676241201089152e-02
1.899000000000000000e+03 1.616750754565301177e+05 3.170018323481231248e-01 1.496633758636560681e-02 5.992953772367412668e+00 1.983676241201089152e-02
1.900000000000000000e+03 1.618858693190399208e+05 3.166674400654513333e-01 1.618029285923379759e-02 5.992953772367412668e+00 1.983676241201089152e-02
1.901000000000000000e+03 1.620812564762887778e+05 3.163330477827795972e-01 1.647291498638230045e-02 5.992953772367412668e+00 1.983676241201089152e-02
1.902000000000000000e+03 1.622731853937266860e+05 3.159986555001078612e-01 1.706865347045482748e-02 5.992953772367412668e+00 1.983676241201089152e-02
1.903000000000000000e+03 1.624586423466798442e+05 3.156642632174360696e-01 1.723129037161795843e-02 5.992953772367412668e+00 1.983676241201089152e-02
1.904000000000000000e+03 1.626425076332135359e+05 3.153298709347642781e-01 1.757472685232017162e-02 5.992953772367412668e+00 1.983676241201089152e-02
1.905000000000000000e+03 1.628229559414426913e+05 3.149954786520925420e-01 1.779479390872549735e-02 5.992953772367412668e+00 1.983676241201089152e-02
1.906000000000000000e+03 1.630013619366512285e+05 3.146610863694208060e-01 1.696573515244955560e-02 5.992953772367412668e+00 1.983676241201089152e-02
1.907000000000000000e+03 1.631886883525934245e+05 3.143266940867490145e-01 1.707388699122608378e-02 5.992953772367412668e+00 1.983676241201089152e-02
1.908000000000000000e+03 1.633750246641142876e+05 3.139923018040772229e-01 1.698775697864635462e-02 5.992953772367412668e+00 1.983676241201089152e-02
1.909000000000000000e+03 1.635625288818468107e+05 3.136579095214054869e-01 1.647568500626457599e-02 5.992953772367412668e+00 1.983676241201089152e-02
1.910000000000000000e+03 1.637560726320045360e+05 3.133239190429666365e-01 1.555079482976652258e-02 5.992953772367412668e+00 1.983676241201089152e-02
1.911000000000000000e+03 1.639614356953815150e+05 3.129907650973056121e-01 1.606683474911484860e-02 5.992953772367412668e+00 1.983676241201089152e-02
1.912000000000000000e+03 1.641604229667806067e+05 3.126580458801895834e-01 1.510763782974493090e-02 5.992953772367412668e+00 1.983676241201089152e-02
1.913000000000000000e+03 1.643724252673643059e+05 3.123253266630735547e-01 1.404743978622032506e-02 5.992953772367412668e+00 1.983676241201089152e-02
1.914000000000000000e+03 1.646004204249691393e+05 3.119926074459574705e-01 1.401383165795655993e-02 5.992953772367412668e+00 1.983676241201089152e-02
1.915000000000000000e+03 1.648292719840192585e+05 3.116598882288413863e-01 1.464475002430279046e-02 5.992953772367412668e+00 1.983676241201089152e-02
1.916000000000000000e+03 1.650483885188004060e+05 3.113271690117253576e-01 1.466279312401987979e-02 5.992953772367412668e+00 1.983676241201089152e-02
1.917000000000000000e+03 1.652674645425443014e+05 3.109944497946093289e-01 1.456878337906586558e-02 5.992953772367412668e+00 1.983676241201089152e-02
1.918000000000000000e+03 1.654882104420760588e+05 3.106617305774932447e-01 1.463254425215729064e-02 5.992953772367412668e+00 1.983676241201089152e-02
1.919000000000000000e+03 1.657082597985971370e+05 3.103290113603771605e-01 1.533852366004304427e-02 5.992953772367412668e+00 1.983676241201089152e-02
1.920000000000000000e+03 1.659183463722782908e+05 3.099962921432611318e-01 1.478879817454572740e-02 5.992953772367412668e+00 1.983676241201089152e-02
1.921000000000000000e+03 1.661364707630302291e+05 3.096635729261450476e-01 1.508207279224581254e-02 5.992953772367412668e+00 1.983676241201089152e-02
1.922000000000000000e+03 1.663505997546549770e+05 3.093308537090290189e-01 1.479524339204780527e-02 5.992953772367412668e+00 1.983676241201089152e-02
1.923000000000000000e+03 1.665691374638997368e+05 3.089981344919129347e-01 1.535730583232892792e-02 5.992953772367412668e+00 1.983676241201089152e-02
1.924000000000000000e+03 1.667799615566278808e+05 3.086654152747968505e-01 1.534373986710080469e-02 5.992953772367412668e+00 1.983676241201089152e-02
1.925000000000000000e+03 1.669911739861733513e+05 3.083326960576808218e-01 1.499132040793444386e-02 5.992953772367412668e+00 1.983676241201089152e-02
1.926000000000000000e+03 1.672075558147981355e+05 3.079999768405647931e-01 1.597611821020695003e-02 5.992953772367412668e+00 1.983676241201089152e-02
1.927000000000000000e+03 1.674108293287745037e+05 3.076672576234487089e-01 1.614808854220796397e-02 5.992953772367412668e+00 1.983676241201089152e-02
1.928000000000000000e+03 1.676121133109573566e+05 3.073345384063326247e-01 1.689497835513514151e-02 5.992953772367412668e+00 1.983676241201089152e-02
1.929000000000000000e+03 1.678047995882515388e+05 3.070024932071405699e-01 1.653178874171194399e-02 5.992953772367412668e+00 1.983676241201089152e-02
1.930000000000000000e+03 1.680020194879323535e+05 3.066713180207500944e-01 1.642710401915878707e-02 5.992953772367412668e+00 1.983676241201089152e-02
1.931000000000000000e+03 1.682006462452966662e+05 3.063403388292372242e-01 1.756465970316099801e-02 5.992953772367412668e+00 1.983676241201089152e-02
1.932000000000000000e+03 1.683865176771228435e+05 3.060093596377243541e-01 1.825519429061350091e-02 5.992953772367412668e+00 1.983676241201089152e-02
1.933000000000000000e+03 1.685655708764661103e+05 3.056783804462115395e-01 1.781084240935038726e-02 5.992953772367412668e+00 1.983676241201089152e-02
1.934000000000000000e+03 1.687493565431472380e+05 3.053474012546986693e-01 1.750910813636391214e-02 5.992953772367412668e+00 1.983676241201089152e-02
1.935000000000000000e+03 1.689364115678973321e+05 3.050164220631857992e-01 1.697452453531133124e-02 5.992953772367412668e+00 1.983676241201089152e-02
1.936000000000000000e+03 1.691296988586056104e+05 3.046854428716729846e-01 1.680985234622384833e-02 5.992953772367412668e+00 1.983676241201089152e-02
1.937000000000000000e+03 1.693250785120195360e+05 3.043544636801601699e-01 1.765160825330048394e-02 5.992953772367412668e+00 1.983676241201089152e-02
1.938000000000000000e+03 1.695112152715084376e+05 3.040234844886472443e-01 1.721999119755054583e-02 5.992953772367412668e+00 1.983676241201089152e-02
1.939000000000000000e+03 1.697023269951433467e+05 3.036925052971344297e-01 1.608539972432902060e-02 5.992953772367412668e+00 1.983676241201089152e-02
1.940000000000000000e+03 1.699070960850258125e+05 3.033615261056216150e-01 1.635157594301216155e-02 5.992953772367412668e+00 1.983676241201089152e-02
1.941000000000000000e+03 1.701087873290559510e+05 3.030305469141087449e-01 1.678166363550834608e-02 5.992953772367412668e+00 1.983676241201089152e-02
1.942000000000000000e+03 1.703055839925501496e+05 3.026995677225958747e-01 1.548069954525144523e-02 5.992953772367412668e+00 1.983676241201089152e-02
1.943000000000000000e+03 1.705190278269397386e+05 3.023685885310830601e-01 1.522726764167484960e-02 5.992953772367412668e+00 1.983676241201089152e-02
1.944000000000000000e+03 1.707362338210553280e+05 3.020376093395701900e-01 1.557559560021657893e-02 5.992953772367412668e+00 1.983676241201089152e-02
1.945000000000000000e+03 1.709488315848793427e+05 3.017066301480573198e-01 1.559873358588515467e-02 5.992953772367412668e+00 1.983676241201089152e-02
1.946000000000000000e+03 1.711613409273595316e+05 3.013756509565445052e-01 1.517186855168327006e-02 5.992953772367412668e+00 1.983676241201089152e-02
1.947000000000000000e+03 1.713800613558737678e+05 3.010450274085577083e-01 1.479731416730731795e-02 5.992953772367412668e+00 1.983676241201089152e-02
1.948000000000000000e+03 1.716045654195293027e+05 3.007154404693725414e-01 1.490588948226206564e-02 5.992953772367412668e+00 1.983676241201089152e-02
1.949000000000000000e+03 1.718276823896156857e+05 3.003865344954628203e-01 1.598244696038094229e-02 5.992953772367412668e+00 1.983676241201089152e-02
1.950000000000000000e+03 1.720362218610650743e+05 3.000576285215531547e-01 1.730448053143051126e-02 5.992953772367412668e+00 1.983676241201089152e-02
1.951000000000000000e+03 1.722289074753356981e+05 2.997287225476434891e-01 1.784494500003733566e-02 5.992953772367412668e+00 1.983676241201089152e-02
1.952000000000000000e+03 1.724158747740618419e+05 2.993998165737338235e-01 1.823746761882762482e-02 5.992953772367412668e+00 1.983676241201089152e-02
1.953000000000000000e+03 1.725990463795210817e+05 2.990709105998241579e-01 1.789508298960607729e-02 5.992953772367412668e+00 1.983676241201089152e-02
1.954000000000000000e+03 1.727859269753663684e+05 2.987420046259144368e-01 1.736144780438836008e-02 5.992953772367412668e+00 1.983676241201089152e-02
1.955000000000000000e+03 1.729787646391410090e+05 2.984130986520047712e-01 1.668393550915243592e-02 5.992953772367412668e+00 1.983676241201089152e-02
1.956000000000000000e+03 1.731796441173471103e+05 2.980841926780950502e-01 1.565630094351207896e-02 5.992953772367412668e+00 1.983676241201089152e-02
1.957000000000000000e+03 1.733939115580354701e+05 2.977552867041853846e-01 1.562767815348967138e-02 5.992953772367412668e+00 1.983676241201089152e-02
1.958000000000000000e+03 1.736088601299698348e+05 2.974263807302757190e-01 1.531543427073677431e-02 5.992953772367412668e+00 1.983676241201089152e-02
1.959000000000000000e+03 1.738283894353976066e+05 2.970974747563660534e-01 1.549397743955923355e-02 5.992953772367412668e+00 1.983676241201089152e-02
1.960000000000000000e+03 1.740456292804802943e+05 2.967685687824563323e-01 1.514055062272779036e-02 5.992953772367412668e+00 1.983676241201089152e-02
1.961000000000000000e+03 1.742682243808057974e+05 2.964396628085466667e-01 1.470040963006496830e-02 5.992953772367412668e+00 1.983676241201089152e-02
1.962000000000000000e+03 1.744977141061319271e+05 2.961107568346369456e-01 1.477294784492171401e-02 5.992953772367412668e+00 1.983676241201089152e-02
1.963000000000000000e+03 1.747263654888714373e+05 2.957818508607272801e-01 1.519484900028395674e-02 5.992953772367412668e+00 1.983676241201089152e-02
1.964000000000000000e+03 1.749488760312960367e+05 2.954529448868176145e-01 1.516222930044458170e-02 5.992953772367412668e+00 1.983676241201089152e-02
1.965000000000000000e+03 1.751721122577569622e+05 2.951241808192533456e-01 1.548240779357677732e-02 5.992953772367412668e+00 1.983676241201089152e-02
1.966000000000000000e+03 1.753910030782679096e+05 2.947962084102735414e-01 1.573537490189737612e-02 5.992953772367412668e+00 1.983676241201089152e-02
1.967000000000000000e+03 1.756065869950742926e+05 2.944688857535328053e-01 1.575563163941014894e-02 5.992953772367412668e+00 1.983676241201089152e-02
1.968000000000000000e+03 1.758221675875919755e+05 2.941415630967920691e-01 1.540316146821613108e-02 5.992953772367412668e+00 1.983676241201089152e-02
1.969000000000000000e+03 1.760428980053780251e+05 2.938142404400513330e-01 1.589840421953950256e-02 5.992953772367412668e+00 1.983676241201089152e-02
1.970000000000000000e+03 1.762569996497170359e+05 2.934869177833105969e-01 1.535895623148372281e-02 5.992953772367412668e+00 1.983676241201089152e-02
1.971000000000000000e+03 1.764789421648836869e+05 2.931595951265699163e-01 1.444527277691151114e-02 5.992953772367412668e+00 1.983676241201089152e-02
1.972000000000000000e+03 1.767151559602230554e+05 2.928322724698291801e-01 1.409190763788613875e-02 5.992953772367412668e+00 1.983676241201089152e-02
1.973000000000000000e+03 1.769574915687926114e+05 2.925049498130884440e-01 1.450835257674839077e-02 5.992953772367412668e+00 1.983676241201089152e-02
1.974000000000000000e+03 1.771931544745034771e+05 2.921776271563477079e-01 1.442759233573294789e-02 5.992953772367412668e+00 1.983676241201089152e-02
1.975000000000000000e+03 1.774303798255542351e+05 2.918503044996069717e-01 1.496670218291961361e-02 5.992953772367412668e+00 1.983676241201089152e-02
1.976000000000000000e+03 1.776594555392043549e+05 2.915229818428662356e-01 1.567468618263855376e-02 5.992953772367412668e+00 1.983676241201089152e-02
1.977000000000000000e+03 1.778783463147040748e+05 2.911956591861254995e-01 1.676550264789306369e-02 5.992953772367412668e+00 1.983676241201089152e-02
1.978000000000000000e+03 1.780833745673637895e+05 2.908683365293848189e-01 1.807866635794868129e-02 5.992953772367412668e+00 1.983676241201089152e-02
1.979000000000000000e+03 1.782735749953168561e+05 2.905410138726440827e-01 1.788792561149097488e-02 5.992953772367412668e+00 1.983676241201089152e-02
1.980000000000000000e+03 1.784660261306336324e+05 2.902136912159033466e-01 1.780085215989652206e-02 5.992953772367412668e+00 1.983676241201089152e-02
1.981000000000000000e+03 1.786596025291772385e+05 2.898863685591626105e-01 1.702551609104515848e-02 5.992953772367412668e+00 1.983676241201089152e-02
1.982000000000000000e+03 1.788622765481045062e+05 2.895590459024218744e-01 1.850844869257649294e-02 5.992953772367412668e+00 1.983676241201089152e-02
1.983000000000000000e+03 1.790491904149897746e+05 2.892319684552823178e-01 1.914382281594712368e-02 5.992953772367412668e+00 1.983676241201089152e-02
1.984000000000000000e+03 1.792298188962863642e+05 2.889057730635227195e-01 1.849440503700912342e-02 5.992953772367412668e+00 1.983676241201089152e-02
1.985000000000000000e+03 1.794169875259783003e+05 2.885802145175417888e-01 1.788824533437338715e-02 5.992953772367412668e+00 1.983676241201089152e-02
1.986000000000000000e+03 1.796107570060956641e+05 2.882546559715608581e-01 1.771481968539076121e-02 5.992953772367412668e+00 1.983676241201089152e-02
1.987000000000000000e+03 1.798066092865692335e+05 2.879290974255799829e-01 1.739988364579620264e-02 5.992953772367412668e+00 1.983676241201089152e-02
1.988000000000000000e+03 1.800062810172975587e+05 2.876035388795990522e-01 1.679042578235895311e-02 5.992953772367412668e+00 1.983676241201089152e-02
1.989000000000000000e+03 1.802133993250939238e+05 2.872779803336181215e-01 1.594227572112157099e-02 5.992953772367412668e+00 1.983676241201089152e-02
1.990000000000000000e+03 1.804318556591348315e+05 2.869524217876371908e-01 1.510822408316456374e-02 5.992953772367412668e+00 1.983676241201089152e-02
1.991000000000000000e+03 1.806625201665275381e+05 2.866268632416563156e-01 1.468665699705120828e-02 5.992953772367412668e+00 1.983676241201089152e-02
1.992000000000000000e+03 1.809001227324188221e+05 2.863013046956753849e-01 1.466425014400767925e-02 5.992953772367412668e+00 1.983676241201089152e-02
1.993000000000000000e+03 1.811384269265685871e+05 2.859757461496944542e-01 1.568911680572154452e-02 5.992953772367412668e+00 1.983676241201089152e-02
1.994000000000000000e+03 1.813613152537958522e+05 2.856501876037135235e-01 1.500026682402768284e-02 5.992953772367412668e+00 1.983676241201089152e-02
1.995000000000000000e+03 1.815948241754710907e+05 2.853246290577325928e-01 1.541630997686558972e-02 5.992953772367412668e+00 1.983676241201089152e-02
1.996000000000000000e+03 1.818222168915032526e+05 2.849990705117516621e-01 1.456990268681457139e-02 5.992953772367412668e+00 1.983676241201089152e-02
1.997000000000000000e+03 1.820630799921679136e+05 2.846735119657707314e-01 1.449992554071655865e-02 5.992953772367412668e+00 1.983676241201089152e-02
1.998000000000000000e+03 1.823053712132513756e+05 2.843479534197898562e-01 1.476852092465450253e-02 5.992953772367412668e+00 1.983676241201089152e-02
1.999000000000000000e+03 1.825435074826627679e+05 2.840223948738089255e-01 1.453066763681079045e-02 5.992953772367412668e+00 1.983676241201089152e-02
2.000000000000000000e+03 1.827858446289264248e+05 2.836968363278279948e-01 1.455042156484340210e-02 5.992953772367412668e+00 1.983676241201089152e-02
2.001000000000000000e+03 1.830283973167902150e+05 2.833719256477317261e-01 1.525540880034226103e-02 5.992953772367412668e+00 1.983676241201089152e-02
2.002000000000000000e+03 1.832599507251716277e+05 2.830480386917169078e-01 1.421001566263085589e-02 5.992953772367412668e+00 1.983676241201089152e-02
2.003000000000000000e+03 1.835086124750474701e+05 2.827245275938987668e-01 1.440247715564524876e-02 5.992953772367412668e+00 1.983676241201089152e-02
2.004000000000000000e+03 1.837542133347309427e+05 2.824010164960806257e-01 1.415482908604527926e-02 5.992953772367412668e+00 1.983676241201089152e-02
2.005000000000000000e+03 1.840044831072152010e+05 2.820775053982625957e-01 1.484593520983133047e-02 5.992953772367412668e+00 1.983676241201089152e-02
2.006000000000000000e+03 1.842433564832871198e+05 2.817539943004444547e-01 1.444111745153555358e-02 5.992953772367412668e+00 1.983676241201089152e-02
2.007000000000000000e+03 1.844891296965560177e+05 2.814304832026263137e-01 1.450359758391621748e-02 5.992953772367412668e+00 1.983676241201089152e-02
2.008000000000000000e+03 1.847341230647642224e+05 2.811069721048082837e-01 1.436861289566649692e-02 5.992953772367412668e+00 1.983676241201089152e-02
2.009000000000000000e+03 1.849817059343575675e+05 2.807834610069901426e-01 1.444816788490026552e-02 5.992953772367412668e+00 1.983676241201089152e-02
2.010000000000000000e+03 1.852282301900622260e+05 2.804599499091720016e-01 1.384296644609043538e-02 5.992953772367412668e+00 1.983676241201089152e-02
2.011000000000000000e+03 1.854857925155290868e+05 2.801364388113539716e-01 1.438121472263563169e-02 5.992953772367412668e+00 1.983676241201089152e-02
2.012000000000000000e+03 1.857340436501155491e+05 2.798129277135358306e-01 1.449395202481127028e-02 5.992953772367412668e+00 1.983676241201089152e-02
2.013000000000000000e+03 1.859806276112144114e+05 2.794894166157176896e-01 1.414338706545236260e-02 5.992953772367412668e+00 1.983676241201089152e-02
2.014000000000000000e+03 1.862336282243560127e+05 2.791659055178996596e-01 1.420732062919290682e-02 5.992953772367412668e+00 1.983676241201089152e-02
2.015000000000000000e+03 1.864857829796974838e+05 2.788423944200815185e-01 1.418126817686030453e-02 5.992953772367412668e+00 1.983676241201089152e-02
2.016000000000000000e+03 1.867387541591823101e+05 2.785188833222633775e-01 1.505177293250474675e-02 5.992953772367412668e+00 1.983676241201089152e-02
2.017000000000000000e+03 1.869774197815432271e+05 2.781953722244453475e-01 1.519180867563060811e-02 5.992953772367412668e+00 1.983676241201089152e-02
2.018000000000000000e+03 1.872141331204861344e+05 2.778720537989639583e-01 1.466313022685324270e-02 5.992953772367412668e+00 1.983676241201089152e-02
2.019000000000000000e+03 1.874595725929442851e+05 2.775495416883569377e-01 1.482816406438693980e-02 5.992953772367412668e+00 1.983676241201089152e-02
2.020000000000000000e+03 1.877025781437511614e+05 2.772276432202874230e-01 1.533235642568267325e-02 5.992953772367412668e+00 1.983676241201089152e-02
2.021000000000000000e+03 1.879378653968504514e+05 2.769057447522179638e-01 1.576298882982726454e-02 5.992953772367412668e+00 1.983676241201089152e-02
2.022000000000000000e+03 1.881671118333406630e+05 2.765838462841484491e-01 1.669572042739440529e-02 5.992953772367412668e+00 1.983676241201089152e-02
2.023000000000000000e+03 1.883836886814022146e+05 2.762619478160789344e-01 1.693821839237774282e-02 5.992953772367412668e+00 1.983676241201089152e-02
2.024000000000000000e+03 1.885973977717628877e+05 2.759400493480094196e-01 1.691781028229312131e-02 5.992953772367412668e+00 1.983676241201089152e-02
2.025000000000000000e+03 1.888116199039699277e+05 2.756181508799399049e-01 1.753766135870711562e-02 5.992953772367412668e+00 1.983676241201089152e-02
2.026000000000000000e+03 1.890186129885910777e+05 2.752962524118703902e-01 1.865220946740858352e-02 5.992953772367412668e+00 1.983676241201089152e-02
2.027000000000000000e+03 1.892134027705525514e+05 2.749743539438008755e-01 1.914844098096820171e-02 5.992953772367412668e+00 1.983676241201089152e-02
2.028000000000000000e+03 1.894033826732177986e+05 2.746524554757313608e-01 2.037393135240403441e-02 5.992953772367412668e+00 1.983676241201089152e-02
2.029000000000000000e+03 1.895821497166584304e+05 2.743305570076618460e-01 2.179296625548122687e-02 5.992953772367412668e+00 1.983676241201089152e-02
2.030000000000000000e+03 1.897494159108426247e+05 2.740086585395923313e-01 2.110640571663635612e-02 5.992953772367412668e+00 1.983676241201089152e-02
2.031000000000000000e+03 1.899224844161175424e+05 2.736867600715228166e-01 1.902106929806379743e-02 5.992953772367412668e+00 1.983676241201089152e-02
2.032000000000000000e+03 1.901147020687771728e+05 2.733648616034533019e-01 1.860500241435793581e-02 5.992953772367412668e+00 1.983676241201089152e-02
2.033000000000000000e+03 1.903113737346501730e+05 2.730429631353837872e-01 1.777249020943970706e-02 5.992953772367412668e+00 1.983676241201089152e-02
2.034000000000000000e+03 1.905174765330934897e+05 2.727210646673142724e-01 1.755574712489547939e-02 5.992953772367412668e+00 1.983676241201089152e-02
2.035000000000000000e+03 1.907263980075546133e+05 2.723992629343377492e-01 1.840263910410240220e-02 5.992953772367412668e+00 1.983676241201089152e-02
2.036000000000000000e+03 1.909259230623254552e+05 2.720785363513497090e-01 1.774169780486706954e-02 5.992953772367412668e+00 1.983676241201089152e-02
2.037000000000000000e+03 1.911331339601292857e+05 2.717587881832570496e-01 1.721111151103205464e-02 5.992953772367412668e+00 1.983676241201089152e-02
2.038000000000000000e+03 1.913469561335808539e+05 2.714390400151643901e-01 1.738359804197818145e-02 5.992953772367412668e+00 1.983676241201089152e-02
2.039000000000000000e+03 1.915589079708366771e+05 2.711192918470717861e-01 1.669717361113785478e-02 5.992953772367412668e+00 1.983676241201089152e-02
2.040000000000000000e+03 1.917798597411946976e+05 2.707995436789791266e-01 1.706424661429791975e-02 5.992953772367412668e+00 1.983676241201089152e-02
2.041000000000000000e+03 1.919963206994767243e+05 2.704797955108865226e-01 1.595425328408935431e-02 5.992953772367412668e+00 1.983676241201089152e-02
2.042000000000000000e+03 1.922283503638416005e+05 2.701600473427938631e-01 1.543586820409576302e-02 5.992953772367412668e+00 1.983676241201089152e-02
2.043000000000000000e+03 1.924681958754999214e+05 2.698402991747012036e-01 1.570844911361323273e-02 5.992953772367412668e+00 1.983676241201089152e-02
2.044000000000000000e+03 1.927041223431123944e+05 2.695205510066085997e-01 1.625116890978599293e-02 5.992953772367412668e+00 1.983676241201089152e-02
2.045000000000000000e+03 1.929324266224369931e+05 2.692008028385159957e-01 1.653868180217202971e-02 5.992953772367412668e+00 1.983676241201089152e-02
2.046000000000000000e+03 1.931570435825958266e+05 2.688810546704233362e-01 1.704286736599255891e-02 5.992953772367412668e+00 1.983676241201089152e-02
2.047000000000000000e+03 1.933752730519022152e+05 2.685613065023306767e-01 1.793562454842131254e-02 5.992953772367412668e+00 1.983676241201089152e-02
2.048000000000000000e+03 1.935831193398029427e+05 2.682415583342380727e-01 1.962524205618685486e-02 5.992953772367412668e+00 1.983676241201089152e-02
2.049000000000000000e+03 1.937731997009232873e+05 2.679218101661454132e-01 2.027963488865473438e-02 5.992953772367412668e+00 1.983676241201089152e-02
2.050000000000000000e+03 1.939572512753724004e+05 2.676020619980528092e-01 1.932817894853306601e-02 5.992953772367412668e+00 1.983676241201089152e-02
2.051000000000000000e+03 1.941510184949449904e+05 2.672823138299601498e-01 1.752931655365573896e-02 5.992953772367412668e+00 1.983676241201089152e-02
2.052000000000000000e+03 1.943644597661585431e+05 2.669627441663737777e-01 1.759716638928426891e-02 5.992953772367412668e+00 1.983676241201089152e-02
2.053000000000000000e+03 1.945773682669906993e+05 2.666441580802644262e-01 1.816268302089828202e-02 5.992953772367412668e+00 1.983676241201089152e-02
2.054000000000000000e+03 1.947839088689009950e+05 2.663263770671258079e-01 1.651683707843794660e-02 5.992953772367412668e+00 1.983676241201089152e-02
2.055000000000000000e+03 1.950114387120569590e+05 2.660085960539870786e-01 1.672492348802373172e-02 5.992953772367412668e+00 1.983676241201089152e-02
2.056000000000000000e+03 1.952362445360269921e+05 2.656908150408484603e-01 1.677068776000791364e-02 5.992953772367412668e+00 1.983676241201089152e-02
2.057000000000000000e+03 1.954606779863556148e+05 2.653730340277097866e-01 1.677970529584670717e-02 5.992953772367412668e+00 1.983676241201089152e-02
2.058000000000000000e+03 1.956852587963984988e+05 2.650552530145711128e-01 1.708265081306820435e-02 5.992953772367412668e+00 1.983676241201089152e-02
2.059000000000000000e+03 1.959061302124654176e+05 2.647374720014324945e-01 1.730327038326028022e-02 5.992953772367412668e+00 1.983676241201089152e-02
2.060000000000000000e+03 1.961244514261109580e+05 2.644196909882937652e-01 1.784534583572987970e-02 5.992953772367412668e+00 1.983676241201089152e-02
2.061000000000000000e+03 1.963363915413040668e+05 2.641019099751551469e-01 1.781983281413180784e-02 5.992953772367412668e+00 1.983676241201089152e-02
2.062000000000000000e+03 1.965488896491116902e+05 2.637841289620164176e-01 1.903246642818820500e-02 5.992953772367412668e+00 1.983676241201089152e-02
2.063000000000000000e+03 1.967482143484606640e+05 2.634663479488777993e-01 1.923679474756706184e-02 5.992953772367412668e+00 1.983676241201089152e-02
2.064000000000000000e+03 1.969455201167508494e+05 2.631485669357391255e-01 2.017788305161676010e-02 5.992953772367412668e+00 1.983676241201089152e-02
2.065000000000000000e+03 1.971341111749334377e+05 2.628307859226004517e-01 2.079660356114155020e-02 5.992953772367412668e+00 1.983676241201089152e-02
2.066000000000000000e+03 1.973172730783760780e+05 2.625130049094618334e-01 1.965031521419394536e-02 5.992953772367412668e+00 1.983676241201089152e-02
2.067000000000000000e+03 1.975111408607212652e+05 2.621952238963231041e-01 2.052534340400775925e-02 5.992953772367412668e+00 1.983676241201089152e-02
2.068000000000000000e+03 1.976969759935243928e+05 2.618774428831844858e-01 2.039274049971554967e-02 5.992953772367412668e+00 1.983676241201089152e-02
2.069000000000000000e+03 1.978842358529699850e+05 2.615601964247382116e-01 2.097318739727804110e-02 5.992953772367412668e+00 1.983676241201089152e-02
2.070000000000000000e+03 1.980665609564890037e+05 2.612440020078138359e-01 2.045430073660661069e-02 5.992953772367412668e+00 1.983676241201089152e-02
2.071000000000000000e+03 1.982537825024178892e+05 2.609283250777187924e-01 2.093542715339149693e-02 5.992953772367412668e+00 1.983676241201089152e-02
2.072000000000000000e+03 1.984368860374620417e+05 2.606126481476238599e-01 2.162074073775213656e-02 5.992953772367412668e+00 1.983676241201089152e-02
2.073000000000000000e+03 1.986143715389782155e+05 2.602969712175288164e-01 2.253976279664712812e-02 5.992953772367412668e+00 1.983676241201089152e-02
2.074000000000000000e+03 1.987848289816473552e+05 2.599812942874338839e-01 2.239471437561280781e-02 5.992953772367412668e+00 1.983676241201089152e-02
2.075000000000000000e+03 1.989565897630472318e+05 2.596656173573388404e-01 2.338157668840630185e-02 5.992953772367412668e+00 1.983676241201089152e-02
2.076000000000000000e+03 1.991214073865220416e+05 2.593499404272439079e-01 2.371739339376965558e-02 5.992953772367412668e+00 1.983676241201089152e-02
2.077000000000000000e+03 1.992840045500000706e+05 2.590342634971488645e-01 2.352139620900175684e-02 5.992953772367412668e+00 1.983676241201089152e-02
2.078000000000000000e+03 1.994481315208589658e+05 2.587185865670538210e-01 2.426763532186868022e-02 5.992953772367412668e+00 1.983676241201089152e-02
2.079000000000000000e+03 1.996074310793869954e+05 2.584029096369588885e-01 2.411119455363884556e-02 5.992953772367412668e+00 1.983676241201089152e-02
2.080000000000000000e+03 1.997680214734628971e+05 2.580872327068638450e-01 2.360054269447735276e-02 5.992953772367412668e+00 1.983676241201089152e-02
2.081000000000000000e+03 1.999322311813894194e+05 2.577715557767689125e-01 2.521185097579564660e-02 5.992953772367412668e+00 1.983676241201089152e-02
2.082000000000000000e+03 2.000862810948595870e+05 2.574558788466739800e-01 2.610643363104768813e-02 5.992953772367412668e+00 1.983676241201089152e-02
2.083000000000000000e+03 2.002351835228351410e+05 2.571402019165789365e-01 2.420210041860297936e-02 5.992953772367412668e+00 1.983676241201089152e-02
2.084000000000000000e+03 2.003958842389399942e+05 2.568245249864840041e-01 2.478385370839059423e-02 5.992953772367412668e+00 1.983676241201089152e-02
2.085000000000000000e+03 2.005529990377281792e+05 2.565089011308712141e-01 2.482832489493474667e-02 5.992953772367412668e+00 1.983676241201089152e-02
2.086000000000000000e+03 2.007100225165949087e+05 2.561941023954478203e-01 2.486366870526133394e-02 5.992953772367412668e+00 1.983676241201089152e-02
2.087000000000000000e+03 2.008670152312200516e+05 2.558800757057316244e-01 2.473315799725309821e-02 5.992953772367412668e+00 1.983676241201089152e-02
2.088000000000000000e+03 2.010250377711508481e+05 2.555660490160154286e-01 2.437443888263486624e-02 5.992953772367412668e+00 1.983676241201089152e-02
2.089000000000000000e+03 2.011856165131567977e+05 2.552520223262991772e-01 2.587459572172970401e-02 5.992953772367412668e+00 1.983676241201089152e-02
2.090000000000000000e+03 2.013370734826035914e+05 2.549379956365830369e-01 2.555844635387794286e-02 5.992953772367412668e+00 1.983676241201089152e-02
2.091000000000000000e+03 2.014905628478604194e+05 2.546239689468667855e-01 2.538895208012537791e-02 5.992953772367412668e+00 1.983676241201089152e-02
2.092000000000000000e+03 2.016452567455898388e+05 2.543099422571506452e-01 2.433317887997629367e-02 5.992953772367412668e+00 1.983676241201089152e-02
2.093000000000000000e+03 2.018068899007599975e+05 2.539959155674343938e-01 2.431054706341976776e-02 5.992953772367412668e+00 1.983676241201089152e-02
2.094000000000000000e+03 2.019688405613841314e+05 2.536818888777181424e-01 2.512057750933288300e-02 5.992953772367412668e+00 1.983676241201089152e-02
2.095000000000000000e+03 2.021257879844074778e+05 2.533678621880020021e-01 2.537884388159119403e-02 5.992953772367412668e+00 1.983676241201089152e-02
2.096000000000000000e+03 2.022813065994030039e+05 2.530538354982857507e-01 2.505425457888850460e-02 5.992953772367412668e+00 1.983676241201089152e-02
2.097000000000000000e+03 2.024390323038084025e+05 2.527398088085696104e-01 2.546308347172066000e-02 5.992953772367412668e+00 1.983676241201089152e-02
2.098000000000000000e+03 2.025944840028182371e+05 2.524257821188533590e-01 2.411898006751781939e-02 5.992953772367412668e+00 1.983676241201089152e-02
2.099000000000000000e+03 2.027588546412724245e+05 2.521117554291372187e-01 2.553975109429591425e-02 5.992953772367412668e+00 1.983676241201089152e-02
2.100000000000000000e+03 2.029142167007150128e+05 2.517977287394209673e-01 2.561530892708640747e-02 5.992953772367412668e+00 1.983676241201089152e-02
2.101000000000000000e+03 2.030693033634897438e+05 2.514837020497047160e-01 2.373159020430051780e-02 5.992953772367412668e+00 1.983676241201089152e-02
2.102000000000000000e+03 2.032368841066798777e+05 2.511705377153166663e-01 2.314471718737556513e-02 5.992953772367412668e+00 1.983676241201089152e-02
2.103000000000000000e+03 2.034089107367253746e+05 2.508583933835940583e-01 2.234209801167079054e-02 5.992953772367412668e+00 1.983676241201089152e-02
2.104000000000000000e+03 2.035874188545769430e+05 2.505464066992087457e-01 2.183630225159586408e-02 5.992953772367412668e+00 1.983676241201089152e-02
2.105000000000000000e+03 2.037702143691298843e+05 2.502344200148234332e-01 2.211551332295907946e-02 5.992953772367412668e+00 1.983676241201089152e-02
2.106000000000000000e+03 2.039509325803293905e+05 2.499224333304381762e-01 2.098448785364537272e-02 5.992953772367412668e+00 1.983676241201089152e-02
2.107000000000000000e+03 2.041416287490315735e+05 2.496104466460528637e-01 2.104328031367210319e-02 5.992953772367412668e+00 1.983676241201089152e-02
2.108000000000000000e+03 2.043320323613902438e+05 2.492984599616675512e-01 1.980460417975687601e-02 5.992953772367412668e+00 1.983676241201089152e-02
2.109000000000000000e+03 2.045346499930434802e+05 2.489864732772822942e-01 1.985905181502240630e-02 5.992953772367412668e+00 1.983676241201089152e-02
2.110000000000000000e+03 2.047369054870290274e+05 2.486744865928969817e-01 1.981000081787611528e-02 5.992953772367412668e+00 1.983676241201089152e-02
2.111000000000000000e+03 2.049398997099500266e+05 2.483624999085116969e-01 1.986556558821197041e-02 5.992953772367412668e+00 1.983676241201089152e-02
2.112000000000000000e+03 2.051426106303410197e+05 2.480505132241264121e-01 2.004084884459618812e-02 5.992953772367412668e+00 1.983676241201089152e-02
2.113000000000000000e+03 2.053437974100938009e+05 2.477385265397410996e-01 1.970219246984520126e-02 5.992953772367412668e+00 1.983676241201089152e-02
2.114000000000000000e+03 2.055487200392539089e+05 2.474265398553558148e-01 2.006521714218782379e-02 5.992953772367412668e+00 1.983676241201089152e-02
2.115000000000000000e+03 2.057502240933839639e+05 2.471145531709705301e-01 2.057303648067080465e-02 5.992953772367412668e+00 1.983676241201089152e-02
2.116000000000000000e+03 2.059469735584049195e+05 2.468025664865852176e-01 2.159045374318935978e-02 5.992953772367412668e+00 1.983676241201089152e-02
2.117000000000000000e+03 2.061346640528459393e+05 2.464905798021999328e-01 2.062190751849304546e-02 5.992953772367412668e+00 1.983676241201089152e-02
2.118000000000000000e+03 2.063313977130582789e+05 2.461794953148381815e-01 2.173369487003214140e-02 5.992953772367412668e+00 1.983676241201089152e-02
2.119000000000000000e+03 2.065183632031692541e+05 2.458694762146214075e-01 2.217084872631087250e-02 5.992953772367412668e+00 1.983676241201089152e-02
2.120000000000000000e+03 2.067018167962919106e+05 2.455596203045260495e-01 2.245710321423239827e-02 5.992953772367412668e+00 1.983676241201089152e-02
2.121000000000000000e+03 2.068831738570325251e+05 2.452497643944306360e-01 2.268596844708261132e-02 5.992953772367412668e+00 1.983676241201089152e-02
2.122000000000000000e+03 2.070629254197083064e+05 2.449399084843352781e-01 2.267575779244412545e-02 5.992953772367412668e+00 1.983676241201089152e-02
2.123000000000000000e+03 2.072430044868063706e+05 2.446300525742399201e-01 2.253889512795357458e-02 5.992953772367412668e+00 1.983676241201089152e-02
2.124000000000000000e+03 2.074243866100285959e+05 2.443201966641445066e-01 2.238838298203932667e-02 5.992953772367412668e+00 1.983676241201089152e-02
2.125000000000000000e+03 2.076072056443402544e+05 2.440103407540491487e-01 2.302829311699128648e-02 5.992953772367412668e+00 1.983676241201089152e-02
2.126000000000000000e+03 2.077852063863506482e+05 2.437004848439537352e-01 2.398098460626341480e-02 5.992953772367412668e+00 1.983676241201089152e-02
2.127000000000000000e+03 2.079563338152518263e+05 2.433906289338583773e-01 2.337139165344592762e-02 5.992953772367412668e+00 1.983676241201089152e-02
2.128000000000000000e+03 2.081321644725337392e+05 2.430807730237630193e-01 2.302592159383138118e-02 5.992953772367412668e+00 1.983676241201089152e-02
2.129000000000000000e+03 2.083108451312020770e+05 2.427709171136676058e-01 2.298411953984538098e-02 5.992953772367412668e+00 1.983676241201089152e-02
2.130000000000000000e+03 2.084901136579663143e+05 2.424610612035722479e-01 2.343112061547559383e-02 5.992953772367412668e+00 1.983676241201089152e-02
2.131000000000000000e+03 2.086661392726551276e+05 2.421512052934768344e-01 2.317651185868516150e-02 5.992953772367412668e+00 1.983676241201089152e-02
2.132000000000000000e+03 2.088443336953665712e+05 2.418413493833814765e-01 2.386790286711630918e-02 5.992953772367412668e+00 1.983676241201089152e-02
2.133000000000000000e+03 2.090176487106230634e+05 2.415315485711472254e-01 2.508138259318433774e-02 5.992953772367412668e+00 1.983676241201089152e-02
2.134000000000000000e+03 2.091827539061337884e+05 2.412226116098143414e-01 2.457105342202118431e-02 5.992953772367412668e+00 1.983676241201089152e-02
2.135000000000000000e+03 2.093514937025304243e+05 2.409144834015217174e-01 2.453383004153365798e-02 5.992953772367412668e+00 1.983676241201089152e-02
2.136000000000000000e+03 2.095207004156143812e+05 2.406063551932290934e-01 2.491495613258328662e-02 5.992953772367412668e+00 1.983676241201089152e-02
2.137000000000000000e+03 2.096875207202548918e+05 2.402982269849364694e-01 2.432874722127364650e-02 5.992953772367412668e+00 1.983676241201089152e-02
2.138000000000000000e+03 2.098585776857066958e+05 2.399900987766438454e-01 2.534572813892402993e-02 5.992953772367412668e+00 1.983676241201089152e-02
2.139000000000000000e+03 2.100230744949586224e+05 2.396819705683512214e-01 2.574231592325812099e-02 5.992953772367412668e+00 1.983676241201089152e-02
2.140000000000000000e+03 2.101851775972176401e+05 2.393738423600585974e-01 2.582130764488585820e-02 5.992953772367412668e+00 1.983676241201089152e-02
2.141000000000000000e+03 2.103470042149429792e+05 2.390657141517659734e-01 2.602247344933696777e-02 5.992953772367412668e+00 1.983676241201089152e-02
2.142000000000000000e+03 2.105077639507028798e+05 2.387575859434733772e-01 2.553093419926668120e-02 5.992953772367412668e+00 1.983676241201089152e-02
2.143000000000000000e+03 2.106718146357962978e+05 2.384494577351807532e-01 2.574053968202536999e-02 5.992953772367412668e+00 1.983676241201089152e-02
2.144000000000000000e+03 2.108347948797014542e+05 2.381413295268881292e-01 2.598754337060974612e-02 5.992953772367412668e+00 1.983676241201089152e-02
2.145000000000000000e+03 2.109963789966061013e+05 2.378332013185955052e-01 2.628888547399999692e-02 5.992953772367412668e+00 1.983676241201089152e-02
2.146000000000000000e+03 2.111563201645387453e+05 2.375250731103028812e-01 2.672422731163848555e-02 5.992953772367412668e+00 1.983676241201089152e-02
2.147000000000000000e+03 2.113138642669577675e+05 2.372169449020102572e-01 2.790028880898947489e-02 5.992953772367412668e+00 1.983676241201089152e-02
2.148000000000000000e+03 2.114650739117097110e+05 2.369088166937176332e-01 2.834823570190588005e-02 5.992953772367412668e+00 1.983676241201089152e-02
2.149000000000000000e+03 2.116140642966509040e+05 2.366012480996887157e-01 2.722795039074351123e-02 5.992953772367412668e+00 1.983676241201089152e-02
2.150000000000000000e+03 2.117692951688487083e+05 2.362948179938407500e-01 2.707084816733076188e-02 5.992953772367412668e+00 1.983676241201089152e-02
2.151000000000000000e+03 2.119256475340099132e+05 2.359889667619100018e-01 2.579325064322604555e-02 5.992953772367412668e+00 1.983676241201089152e-02
2.152000000000000000e+03 2.120899975599483878e+05 2.356831155299792813e-01 2.603926570579207997e-02 5.992953772367412668e+00 1.983676241201089152e-02
2.153000000000000000e+03 2.122530746893179312e+05 2.353772642980485330e-01 2.741373032254006484e-02 5.992953772367412668e+00 1.983676241201089152e-02
2.154000000000000000e+03 2.124080789003450773e+05 2.350714130661177848e-01 2.620434763612874279e-02 5.992953772367412668e+00 1.983676241201089152e-02
2.155000000000000000e+03 2.125704561209207168e+05 2.347655618341870642e-01 2.698685371434619146e-02 5.992953772367412668e+00 1.983676241201089152e-02
2.156000000000000000e+03 2.127283400856905209e+05 2.344597106022562882e-01 2.608844313028900117e-02 5.992953772367412668e+00 1.983676241201089152e-02
2.157000000000000000e+03 2.128918536561723740e+05 2.341538593703255677e-01 2.676683750356037214e-02 5.992953772367412668e+00 1.983676241201089152e-02
2.158000000000000000e+03 2.130514329197558982e+05 2.338480081383948472e-01 2.573770936968656012e-02 5.992953772367412668e+00 1.983676241201089152e-02
2.159000000000000000e+03 2.132176049861772044e+05 2.335421569064640712e-01 2.607043571904568355e-02 5.992953772367412668e+00 1.983676241201089152e-02
2.160000000000000000e+03 2.133818473551197094e+05 2.332363056745333507e-01 2.604531062077021855e-02 5.992953772367412668e+00 1.983676241201089152e-02
2.161000000000000000e+03 2.135464973336918047e+05 2.329304544426026302e-01 2.492970365818347397e-02 5.992953772367412668e+00 1.983676241201089152e-02
2.162000000000000000e+03 2.137187179784069885e+05 2.326246032106718542e-01 2.485838384940756290e-02 5.992953772367412668e+00 1.983676241201089152e-02
2.163000000000000000e+03 2.138916771420065779e+05 2.323187519787411337e-01 2.596499497225976047e-02 5.992953772367412668e+00 1.983676241201089152e-02
2.164000000000000000e+03 2.140574962058829842e+05 2.320130431357448897e-01 2.600662706403178426e-02 5.992953772367412668e+00 1.983676241201089152e-02
2.165000000000000000e+03 2.142232381150918663e+05 2.317084701804729696e-01 2.576259268565155719e-02 5.992953772367412668e+00 1.983676241201089152e-02
2.166000000000000000e+03 2.143907677693564619e+05 2.314048907239907860e-01 2.630694653602754299e-02 5.992953772367412668e+00 1.983676241201089152e-02
2.167000000000000000e+03 2.145550481840950088e+05 2.311013112675086023e-01 2.586550100695561571e-02 5.992953772367412668e+00 1.983676241201089152e-02
2.168000000000000000e+03 2.147223518757146667e+05 2.307977318110264187e-01 2.547704238253243117e-02 5.992953772367412668e+00 1.983676241201089152e-02
2.169000000000000000e+03 2.148924777679959370e+05 2.304941523545442628e-01 2.451523028174464394e-02 5.992953772367412668e+00 1.983676241201089152e-02
2.170000000000000000e+03 2.150694900160070683e+05 2.301905728980620791e-01 2.615038252775519351e-02 5.992953772367412668e+00 1.983676241201089152e-02
2.171000000000000000e+03 2.152357820714513655e+05 2.298869934415799232e-01 2.659279213451370277e-02 5.992953772367412668e+00 1.983676241201089152e-02
2.172000000000000000e+03 2.153993968557323969e+05 2.295834139850977396e-01 2.553416449981466690e-02 5.992953772367412668e+00 1.983676241201089152e-02
2.173000000000000000e+03 2.155699760959405394e+05 2.292798345286155559e-01 2.556141093213402590e-02 5.992953772367412668e+00 1.983676241201089152e-02
2.174000000000000000e+03 2.157405997848445259e+05 2.289762550721334000e-01 2.604087509287771399e-02 5.992953772367412668e+00 1.983676241201089152e-02
2.175000000000000000e+03 2.159083304464141838e+05 2.286726756156512164e-01 2.651843842280416155e-02 5.992953772367412668e+00 1.983676241201089152e-02
2.176000000000000000e+03 2.160732383647379465e+05 2.283690961591690605e-01 2.728299173235196676e-02 5.992953772367412668e+00 1.983676241201089152e-02
2.177000000000000000e+03 2.162338023620038293e+05 2.280655167026868768e-01 2.771520597328239882e-02 5.992953772367412668e+00 1.983676241201089152e-02
2.178000000000000000e+03 2.163920110549845267e+05 2.277619372462046932e-01 2.828560769763647023e-02 5.992953772367412668e+00 1.983676241201089152e-02
2.179000000000000000e+03 2.165472436530897685e+05 2.274583577897225095e-01 2.815806680935226472e-02 5.992953772367412668e+00 1.983676241201089152e-02
2.180000000000000000e+03 2.167033946248692810e+05 2.271557451007488737e-01 2.742347030129766924e-02 5.992953772367412668e+00 1.983676241201089152e-02
2.181000000000000000e+03 2.168639340358064801e+05 2.268541380388937601e-01 2.729487919734315329e-02 5.992953772367412668e+00 1.983676241201089152e-02
2.182000000000000000e+03 2.170254452908316744e+05 2.265525698366485652e-01 2.648456270310718327e-02 5.992953772367412668e+00 1.983676241201089152e-02
2.183000000000000000e+03 2.171921165194044879e+05 2.262510016344033981e-01 2.597632281568336421e-02 5.992953772367412668e+00 1.983676241201089152e-02
2.184000000000000000e+03 2.173622739097142185e+05 2.259494334321582309e-01 2.537130812964367294e-02 5.992953772367412668e+00 1.983676241201089152e-02
2.185000000000000000e+03 2.175367406255235255e+05 2.256478652299130361e-01 2.433843810818836148e-02 5.992953772367412668e+00 1.983676241201089152e-02
2.186000000000000000e+03 2.177188582467763044e+05 2.253462970276678967e-01 2.441832818856289403e-02 5.992953772367412668e+00 1.983676241201089152e-02
2.187000000000000000e+03 2.179005956473806873e+05 2.250447288254227018e-01 2.454449474510231322e-02 5.992953772367412668e+00 1.983676241201089152e-02
2.188000000000000000e+03 2.180816292975595570e+05 2.247431606231775070e-01 2.341837724215422439e-02 5.992953772367412668e+00 1.983676241201089152e-02
2.189000000000000000e+03 2.182716521880637447e+05 2.244415924209323676e-01 2.251990920679014865e-02 5.992953772367412668e+00 1.983676241201089152e-02
2.190000000000000000e+03 2.184695612991718808e+05 2.241400242186871727e-01 2.193476006913062590e-02 5.992953772367412668e+00 1.983676241201089152e-02
2.191000000000000000e+03 2.186729633336678962e+05 2.238384560164420056e-01 2.189427694248371678e-02 5.992953772367412668e+00 1.983676241201089152e-02
2.192000000000000000e+03 2.188770391428808507e+05 2.235368878141968385e-01 2.209535103783258000e-02 5.992953772367412668e+00 1.983676241201089152e-02
2.193000000000000000e+03 2.190795937138287991e+05 2.232353196119516436e-01 2.074836076093629009e-02 5.992953772367412668e+00 1.983676241201089152e-02
2.194000000000000000e+03 2.192955017236469721e+05 2.229337514097065043e-01 2.100522270349992546e-02 5.992953772367412668e+00 1.983676241201089152e-02
2.195000000000000000e+03 2.195091126658161811e+05 2.226331503432879555e-01 1.946353260288855719e-02 5.992953772367412668e+00 1.983676241201089152e-02
2.196000000000000000e+03 2.197400596557455428e+05 2.223335207559368754e-01 1.976593477423511588e-02 5.992953772367412668e+00 1.983676241201089152e-02
2.197000000000000000e+03 2.199676520880101889e+05 2.220338955118266733e-01 1.957029683323418742e-02 5.992953772367412668e+00 1.983676241201089152e-02
2.198000000000000000e+03 2.201977952325626393e+05 2.217342702677164989e-01 2.007132515433771719e-02 5.992953772367412668e+00 1.983676241201089152e-02
2.199000000000000000e+03 2.204225105182424595e+05 2.214346450236063246e-01 2.030734482147682207e-02 5.992953772367412668e+00 1.983676241201089152e-02
2.200000000000000000e+03 2.206449912046579993e+05 2.211350197794961225e-01 1.957827270815506310e-02 5.992953772367412668e+00 1.983676241201089152e-02
2.201000000000000000e+03 2.208760225203064329e+05 2.208353945353859205e-01 1.989955799442359383e-02 5.992953772367412668e+00 1.983676241201089152e-02
2.202000000000000000e+03 2.211036452261525264e+05 2.205357692912757461e-01 1.866574033740726890e-02 5.992953772367412668e+00 1.983676241201089152e-02
2.203000000000000000e+03 2.213466500939461112e+05 2.202361440471655440e-01 1.843560911971140609e-02 5.992953772367412668e+00 1.983676241201089152e-02
2.204000000000000000e+03 2.215929456410222338e+05 2.199365188030553697e-01 1.823517923222464296e-02 5.992953772367412668e+00 1.983676241201089152e-02
2.205000000000000000e+03 2.218423347406056128e+05 2.196368935589451676e-01 1.746213324049743568e-02 5.992953772367412668e+00 1.983676241201089152e-02
2.206000000000000000e+03 2.221030924778141489e+05 2.193372683148349656e-01 1.727965178442731828e-02 5.992953772367412668e+00 1.983676241201089152e-02
2.207000000000000000e+03 2.223669467662162206e+05 2.190376430707247912e-01 1.698884101726950285e-02 5.992953772367412668e+00 1.983676241201089152e-02
2.208000000000000000e+03 2.226357294415449433e+05 2.187380178266146169e-01 1.634940799618702853e-02 5.992953772367412668e+00 1.983676241201089152e-02
2.209000000000000000e+03 2.229154385999488586e+05 2.184386707674766948e-01 1.508034364555322152e-02 5.992953772367412668e+00 1.983676241201089152e-02
2.210000000000000000e+03 2.232192984361273702e+05 2.181405718488481082e-01 1.596848285588877564e-02 5.992953772367412668e+00 1.983676241201089152e-02
2.211000000000000000e+03 2.235066574808376899e+05 2.178434428857565219e-01 1.575156947269889737e-02 5.992953772367412668e+00 1.983676241201089152e-02
2.212000000000000000e+03 2.237982829138814122e+05 2.175463139226649356e-01 1.508402065675685903e-02 5.992953772367412668e+00 1.983676241201089152e-02
2.213000000000000000e+03 2.241030360637135163e+05 2.172491849595733493e-01 1.492895888139798150e-02 5.992953772367412668e+00 1.983676241201089152e-02
2.214000000000000000e+03 2.244113784565188107e+05 2.169520559964817630e-01 1.483384367358606126e-02 5.992953772367412668e+00 1.983676241201089152e-02
2.215000000000000000e+03 2.247221092754906567e+05 2.166549270333901767e-01 1.488551950504704048e-02 5.992953772367412668e+00 1.983676241201089152e-02
2.216000000000000000e+03 2.250321811304708535e+05 2.163577980702985903e-01 1.461624954265914982e-02 5.992953772367412668e+00 1.983676241201089152e-02
2.217000000000000000e+03 2.253484157342641556e+05 2.160606691072070040e-01 1.454740951327445318e-02 5.992953772367412668e+00 1.983676241201089152e-02
2.218000000000000000e+03 2.256665621088506014e+05 2.157635401441154177e-01 1.464406439233599359e-02 5.992953772367412668e+00 1.983676241201089152e-02
2.219000000000000000e+03 2.259830500767792691e+05 2.154664111810238314e-01 1.506458062286819555e-02 5.992953772367412668e+00 1.983676241201089152e-02
2.220000000000000000e+03 2.262911683764738264e+05 2.151692822179322451e-01 1.552201137858453053e-02 5.992953772367412668e+00 1.983676241201089152e-02
2.221000000000000000e+03 2.265906187503846013e+05 2.148721532548406588e-01 1.560628432931910475e-02 5.992953772367412668e+00 1.983676241201089152e-02
2.222000000000000000e+03 2.268889466173453548e+05 2.145750242917490724e-01 1.687289101389018164e-02 5.992953772367412668e+00 1.983676241201089152e-02
2.223000000000000000e+03 2.271654100368367799e+05 2.142778953286574861e-01 1.787622984280705027e-02 5.992953772367412668e+00 1.983676241201089152e-02
2.224000000000000000e+03 2.274265482119887311e+05 2.139812946630557655e-01 1.959414482022464599e-02 5.992953772367412668e+00 1.983676241201089152e-02
2.225000000000000000e+03 2.276652717558780278e+05 2.136855198263816202e-01 1.899030156434173763e-02 5.992953772367412668e+00 1.983676241201089152e-02
2.226000000000000000e+03 2.279119711207581277e+05 2.133900425211451291e-01 1.830974117787366462e-02 5.992953772367412668e+00 1.983676241201089152e-02
2.227000000000000000e+03 2.281679346758157772e+05 2.130945652159086656e-01 1.821298597447920317e-02 5.992953772367412668e+00 1.983676241201089152e-02
2.228000000000000000e+03 2.284256232834336988e+05 2.127990879106722022e-01 1.741994535922290754e-02 5.992953772367412668e+00 1.983676241201089152e-02
2.229000000000000000e+03 2.286955367418348324e+05 2.125036106054357110e-01 1.620312447979089382e-02 5.992953772367412668e+00 1.983676241201089152e-02
2.230000000000000000e+03 2.289861273711489630e+05 2.122081333001992198e-01 1.575831736673503902e-02 5.992953772367412668e+00 1.983676241201089152e-02
2.231000000000000000e+03 2.292851621603392123e+05 2.119126559949627286e-01 1.525849163045073231e-02 5.992953772367412668e+00 1.983676241201089152e-02
2.232000000000000000e+03 2.295946070130814333e+05 2.116171786897262652e-01 1.467928784139941982e-02 5.992953772367412668e+00 1.983676241201089152e-02
2.233000000000000000e+03 2.299165156162268831e+05 2.113217013844898018e-01 1.473209811960475221e-02 5.992953772367412668e+00 1.983676241201089152e-02
2.234000000000000000e+03 2.302377321593305387e+05 2.110262240792533106e-01 1.553636597077345978e-02 5.992953772367412668e+00 1.983676241201089152e-02
2.235000000000000000e+03 2.305428843957672943e+05 2.107307467740168194e-01 1.735620360313361657e-02 5.992953772367412668e+00 1.983676241201089152e-02
2.236000000000000000e+03 2.308166425529647386e+05 2.104352694687803560e-01 1.843710072652988974e-02 5.992953772367412668e+00 1.983676241201089152e-02
2.237000000000000000e+03 2.310744507091882406e+05 2.101397921635438926e-01 1.725185175221497294e-02 5.992953772367412668e+00 1.983676241201089152e-02
2.238000000000000000e+03 2.313505030032888171e+05 2.098446267920422437e-01 1.620052645504461639e-02 5.992953772367412668e+00 1.983676241201089152e-02
2.239000000000000000e+03 2.316451090240121703e+05 2.095507485836156092e-01 1.534763930135350438e-02 5.992953772367412668e+00 1.983676241201089152e-02
2.240000000000000000e+03 2.319560480703524954e+05 2.092578456045292024e-01 1.552340715579503781e-02 5.992953772367412668e+00 1.983676241201089152e-02
2.241000000000000000e+03 2.322639233376944030e+05 2.089649426254427955e-01 1.613240759031908667e-02 5.992953772367412668e+00 1.983676241201089152e-02
2.242000000000000000e+03 2.325606376265414292e+05 2.086720396463563887e-01 1.675847697965034133e-02 5.992953772367412668e+00 1.983676241201089152e-02
2.243000000000000000e+03 2.328466488177940482e+05 2.083791366672699819e-01 1.746947724582058326e-02 5.992953772367412668e+00 1.983676241201089152e-02
2.244000000000000000e+03 2.331213720879696775e+05 2.080862336881835750e-01 1.791401377403561285e-02 5.992953772367412668e+00 1.983676241201089152e-02
2.245000000000000000e+03 2.333896360482829914e+05 2.077933307090971682e-01 1.753362930540252815e-02 5.992953772367412668e+00 1.983676241201089152e-02
2.246000000000000000e+03 2.336640962851285003e+05 2.075004277300107614e-01 1.750566634254546380e-02 5.992953772367412668e+00 1.983676241201089152e-02
2.247000000000000000e+03 2.339393902120665880e+05 2.072075247509243545e-01 1.768442075060520924e-02 5.992953772367412668e+00 1.983676241201089152e-02
2.248000000000000000e+03 2.342122890862298082e+05 2.069146217718379477e-01 1.822105163780239970e-02 5.992953772367412668e+00 1.983676241201089152e-02
2.249000000000000000e+03 2.344776253647917765e+05 2.066217187927515131e-01 1.916472794867238316e-02 5.992953772367412668e+00 1.983676241201089152e-02
2.250000000000000000e+03 2.347301918259718805e+05 2.063288158136651063e-01 1.946386166666906614e-02 5.992953772367412668e+00 1.983676241201089152e-02
2.251000000000000000e+03 2.349792128637260757e+05 2.060359128345786994e-01 1.939070285160147955e-02 5.992953772367412668e+00 1.983676241201089152e-02
2.252000000000000000e+03 2.352295259149311169e+05 2.057430339946645925e-01 1.936639617728213095e-02 5.992953772367412668e+00 1.983676241201089152e-02
2.253000000000000000e+03 2.354805095304583374e+05 2.054510756447047171e-01 1.994154374205652641e-02 5.992953772367412668e+00 1.983676241201089152e-02
2.254000000000000000e+03 2.357247413226838107e+05 2.051600136455268286e-01 2.136565518757047380e-02 5.992953772367412668e+00 1.983676241201089152e-02
2.255000000000000000e+03 2.359529420370729640e+05 2.048689516463489402e-01 2.183632612858363645e-02 5.992953772367412668e+00 1.983676241201089152e-02
2.256000000000000000e+03 2.361764949296515842e+05 2.045778896471710517e-01 2.200151630132983482e-02 5.992953772367412668e+00 1.983676241201089152e-02
2.257000000000000000e+03 2.363986739864175906e+05 2.042868276479931633e-01 2.147566765676375139e-02 5.992953772367412668e+00 1.983676241201089152e-02
2.258000000000000000e+03 2.366266265533859259e+05 2.039957656488152749e-01 2.235056767168506348e-02 5.992953772367412668e+00 1.983676241201089152e-02
2.259000000000000000e+03 2.368460352340390382e+05 2.037047036496373864e-01 2.357559202474746735e-02 5.992953772367412668e+00 1.983676241201089152e-02
2.260000000000000000e+03 2.370542775423770654e+05 2.034136416504594980e-01 2.326149046934098547e-02 5.992953772367412668e+00 1.983676241201089152e-02
2.261000000000000000e+03 2.372656172404591343e+05 2.031225796512816095e-01 2.390735637221395177e-02 5.992953772367412668e+00 1.983676241201089152e-02
2.262000000000000000e+03 2.374715585914714902e+05 2.028315176521037488e-01 2.376569280628232708e-02 5.992953772367412668e+00 1.983676241201089152e-02
2.263000000000000000e+03 2.376790187932831177e+05 2.025404556529258604e-01 2.323004130688352195e-02 5.992953772367412668e+00 1.983676241201089152e-02
2.264000000000000000e+03 2.378915823817990895e+05 2.022493936537479720e-01 2.371864926974125848e-02 5.992953772367412668e+00 1.983676241201089152e-02
2.265000000000000000e+03 2.381000968975192518e+05 2.019583316545700835e-01 2.403175791304083472e-02 5.992953772367412668e+00 1.983676241201089152e-02
2.266000000000000000e+03 2.383061754847441916e+05 2.016672696553921951e-01 2.342609636518100391e-02 5.992953772367412668e+00 1.983676241201089152e-02
2.267000000000000000e+03 2.385178662766345078e+05 2.013774062099130124e-01 2.471457030391247325e-02 5.992953772367412668e+00 1.983676241201089152e-02
2.268000000000000000e+03 2.387188223122579511e+05 2.010887560079392400e-01 2.425162198398229246e-02 5.992953772367412668e+00 1.983676241201089152e-02
2.269000000000000000e+03 2.389239584048574325e+05 2.008001204957721719e-01 2.414586280807675886e-02 5.992953772367412668e+00 1.983676241201089152e-02
2.270000000000000000e+03 2.391302435556651326e+05 2.005114849836050483e-01 2.477502448725423315e-02 5.992953772367412668e+00 1.983676241201089152e-02
2.271000000000000000e+03 2.393316036540826608e+05 2.002228494714379248e-01 2.573426885112906071e-02 5.992953772367412668e+00 1.983676241201089152e-02
2.272000000000000000e+03 2.395256898625446483e+05 1.999342139592708567e-01 2.538446122536100816e-02 5.992953772367412668e+00 1.983676241201089152e-02
2.273000000000000000e+03 2.397227946379880887e+05 1.996455784471037331e-01 2.491895706931910801e-02 5.992953772367412668e+00 1.983676241201089152e-02
2.274000000000000000e+03 2.399238597454442934e+05 1.993569429349366096e-01 2.479273339825363576e-02 5.992953772367412668e+00 1.983676241201089152e-02
2.275000000000000000e+03 2.401263014504125167e+05 1.990683074227695137e-01 2.485219256490502765e-02 5.992953772367412668e+00 1.983676241201089152e-02
2.276000000000000000e+03 2.403285022405873751e+05 1.987796719106024179e-01 2.746510780994442305e-02 5.992953772367412668e+00 1.983676241201089152e-02
2.277000000000000000e+03 2.405118468171475106e+05 1.984910363984352943e-01 2.776422130774414826e-02 5.992953772367412668e+00 1.983676241201089152e-02
2.278000000000000000e+03 2.406933761389330903e+05 1.982024008862681985e-01 2.721283125621343224e-02 5.992953772367412668e+00 1.983676241201089152e-02
2.279000000000000000e+03 2.408788020460613770e+05 1.979137653741011027e-01 2.793356232018260471e-02 5.992953772367412668e+00 1.983676241201089152e-02
2.280000000000000000e+03 2.410596938310118858e+05 1.976252769923216301e-01 2.767936849506059255e-02 5.992953772367412668e+00 1.983676241201089152e-02
2.281000000000000000e+03 2.412425185647251783e+05 1.973379728149475543e-01 2.849224126757481448e-02 5.992953772367412668e+00 1.983676241201089152e-02
2.282000000000000000e+03 2.414204512276342721e+05 1.970517057115912518e-01 2.922701781399455329e-02 5.992953772367412668e+00 1.983676241201089152e-02
2.283000000000000000e+03 2.415940916335581569e+05 1.967654386082349216e-01 3.033127143858674324e-02 5.992953772367412668e+00 1.983676241201089152e-02
2.284000000000000000e+03 2.417617124771957460e+05 1.964791715048785914e-01 3.161942953577507459e-02 5.992953772367412668e+00 1.983676241201089152e-02
2.285000000000000000e+03 2.419226881009097851e+05 1.961929044015222612e-01 3.242425535988250479e-02 5.992953772367412668e+00 1.983676241201089152e-02
2.286000000000000000e+03 2.420798952328458545e+05 1.959066372981659587e-01 3.284649490535672400e-02 5.992953772367412668e+00 1.983676241201089152e-02
2.287000000000000000e+03 2.422353160523543193e+05 1.956203701948096285e-01 3.456746283158587674e-02 5.992953772367412668e+00 1.983676241201089152e-02
2.288000000000000000e+03 2.423833735398365825e+05 1.953341030914533261e-01 3.837198255472119152e-02 5.992953772367412668e+00 1.983676241201089152e-02
2.289000000000000000e+03 2.425168485128584143e+05 1.950478359880969959e-01 3.834981341459691578e-02 5.992953772367412668e+00 1.983676241201089152e-02
2.290000000000000000e+03 2.426505449873961916e+05 1.947615688847406656e-01 3.873408008491843746e-02 5.992953772367412668e+00 1.983676241201089152e-02
2.291000000000000000e+03 2.427831029247987899e+05 1.944753017813843354e-01 3.851759166819918034e-02 5.992953772367412668e+00 1.983676241201089152e-02
2.292000000000000000e+03 2.429166315886246448e+05 1.941890346780280052e-01 3.936899747026220697e-02 5.992953772367412668e+00 1.983676241201089152e-02
2.293000000000000000e+03 2.430474418933971610e+05 1.939027675746717028e-01 3.840703360980590730e-02 5.992953772367412668e+00 1.983676241201089152e-02
2.294000000000000000e+03 2.431817454720406968e+05 1.936169009779917793e-01 3.758540418143273970e-02 5.992953772367412668e+00 1.983676241201089152e-02
2.295000000000000000e+03 2.433191651469420176e+05 1.933319661123748534e-01 3.687104057504273641e-02 5.992953772367412668e+00 1.983676241201089152e-02
2.296000000000000000e+03 2.434594729825877876e+05 1.930475624711446292e-01 3.732603523462470207e-02 5.992953772367412668e+00 1.983676241201089152e-02
2.297000000000000000e+03 2.435982739818019909e+05 1.927631588299143772e-01 3.620315301120973633e-02 5.992953772367412668e+00 1.983676241201089152e-02
2.298000000000000000e+03 2.437416359948300233e+05 1.924787551886841253e-01 3.419372019008033725e-02 5.992953772367412668e+00 1.983676241201089152e-02
2.299000000000000000e+03 2.438935912494820659e+05 1.921943515474539010e-01 3.408662909819552139e-02 5.992953772367412668e+00 1.983676241201089152e-02
2.300000000000000000e+03 2.440462410714239231e+05 1.919099479062236491e-01 3.494835414362239961e-02 5.992953772367412668e+00 1.983676241201089152e-02
2.301000000000000000e+03 2.441953378800491046e+05 1.916255442649933971e-01 3.391358139466918442e-02 5.992953772367412668e+00 1.983676241201089152e-02
2.302000000000000000e+03 2.443492838902949297e+05 1.913411406237631729e-01 3.184510913453474784e-02 5.992953772367412668e+00 1.983676241201089152e-02
2.303000000000000000e+03 2.445134352507712028e+05 1.910567369825329209e-01 3.061612929305832301e-02 5.992953772367412668e+00 1.983676241201089152e-02
2.304000000000000000e+03 2.446844829936147144e+05 1.907723333413026690e-01 2.778928001287806621e-02 5.992953772367412668e+00 1.983676241201089152e-02
2.305000000000000000e+03 2.448733914125829178e+05 1.904879297000724447e-01 2.613893794575295262e-02 5.992953772367412668e+00 1.983676241201089152e-02
2.306000000000000000e+03 2.450742496648280357e+05 1.902035260588421650e-01 2.610158620102788832e-02 5.992953772367412668e+00 1.983676241201089152e-02
2.307000000000000000e+03 2.452757036849598226e+05 1.899191224176119408e-01 2.494500693605301508e-02 5.992953772367412668e+00 1.983676241201089152e-02
2.308000000000000000e+03 2.454868532480911235e+05 1.896357755314657112e-01 2.408209123408662153e-02 5.992953772367412668e+00 1.983676241201089152e-02
2.309000000000000000e+03 2.457058402884279785e+05 1.893535995457087395e-01 2.320395605314386211e-02 5.992953772367412668e+00 1.983676241201089152e-02
2.310000000000000000e+03 2.459334539994742372e+05 1.890715377052570034e-01 2.194152934019317006e-02 5.992953772367412668e+00 1.983676241201089152e-02
2.311000000000000000e+03 2.461745228518887598e+05 1.887894758648052673e-01 2.141434296312653973e-02 5.992953772367412668e+00 1.983676241201089152e-02
2.312000000000000000e+03 2.464220346316883806e+05 1.885074140243535035e-01 2.051529651416063305e-02 5.992953772367412668e+00 1.983676241201089152e-02
2.313000000000000000e+03 2.466806233596684178e+05 1.882253521839017396e-01 1.922900853131545573e-02 5.992953772367412668e+00 1.983676241201089152e-02
2.314000000000000000e+03 2.469571376988590055e+05 1.879432903434500313e-01 1.788010834581271746e-02 5.992953772367412668e+00 1.983676241201089152e-02
2.315000000000000000e+03 2.472550291351838096e+05 1.876612285029982674e-01 1.673367991228530069e-02 5.992953772367412668e+00 1.983676241201089152e-02
2.316000000000000000e+03 2.475735151780740707e+05 1.873791666625465036e-01 1.716846287522977646e-02 5.992953772367412668e+00 1.983676241201089152e-02
2.317000000000000000e+03 2.478844511774894781e+05 1.870971048220947675e-01 1.822784387409605300e-02 5.992953772367412668e+00 1.983676241201089152e-02
2.318000000000000000e+03 2.481777770772589429e+05 1.868150429816430314e-01 1.847600728680793072e-02 5.992953772367412668e+00 1.983676241201089152e-02
2.319000000000000000e+03 2.484675122933411621e+05 1.865329811411912675e-01 1.897213646548854063e-02 5.992953772367412668e+00 1.983676241201089152e-02
2.320000000000000000e+03 2.487501537480210536e+05 1.862509193007395314e-01 1.902897522293437935e-02 5.992953772367412668e+00 1.983676241201089152e-02
2.321000000000000000e+03 2.490323657376354677e+05 1.859694558300558076e-01 1.860478213226925484e-02 5.992953772367412668e+00 1.983676241201089152e-02
2.322000000000000000e+03 2.493214004288456927e+05 1.856891032480655346e-01 1.805904440263389824e-02 5.992953772367412668e+00 1.983676241201089152e-02
2.323000000000000000e+03 2.496196716609233699e+05 1.854092631850005612e-01 1.784481952661063839e-02 5.992953772367412668e+00 1.983676241201089152e-02
2.324000000000000000e+03 2.499219813889188226e+05 1.851294231219356434e-01 1.696402493502254319e-02 5.992953772367412668e+00 1.983676241201089152e-02
2.325000000000000000e+03 2.502405025098555780e+05 1.848495830588706701e-01 1.626733864507062463e-02 5.992953772367412668e+00 1.983676241201089152e-02
2.326000000000000000e+03 2.505731278672066692e+05 1.845697429958057523e-01 1.595907418382273846e-02 5.992953772367412668e+00 1.983676241201089152e-02
2.327000000000000000e+03 2.509126301356121548e+05 1.842899029327407789e-01 1.597261466541564923e-02 5.992953772367412668e+00 1.983676241201089152e-02
2.328000000000000000e+03 2.512523671592320025e+05 1.840100628696758611e-01 1.608680795259453608e-02 5.992953772367412668e+00 1.983676241201089152e-02
2.329000000000000000e+03 2.515902070886543370e+05 1.837302228066108878e-01 1.646092175310910621e-02 5.992953772367412668e+00 1.983676241201089152e-02
2.330000000000000000e+03 2.519208589842170768e+05 1.834503827435459700e-01 1.570040115883658549e-02 5.992953772367412668e+00 1.983676241201089152e-02
2.331000000000000000e+03 2.522682985336145503e+05 1.831705426804809966e-01 1.473906111716440440e-02 5.992953772367412668e+00 1.983676241201089152e-02
2.332000000000000000e+03 2.526387128821785445e+05 1.828907026174160788e-01 1.505007175680015546e-02 5.992953772367412668e+00 1.983676241201089152e-02
2.333000000000000000e+03 2.530020338543808612e+05 1.826108625543511055e-01 1.538805471810923003e-02 5.992953772367412668e+00 1.983676241201089152e-02
2.334000000000000000e+03 2.533579339783967589e+05 1.823313962450097969e-01 1.520939634163887173e-02 5.992953772367412668e+00 1.983676241201089152e-02
2.335000000000000000e+03 2.537185661579538137e+05 1.820530468576436189e-01 1.496954778049688906e-02 5.992953772367412668e+00 1.983676241201089152e-02
2.336000000000000000e+03 2.540855662317063834e+05 1.817754406385289068e-01 1.565908836979261823e-02 5.992953772367412668e+00 1.983676241201089152e-02
2.337000000000000000e+03 2.544370162283532845e+05 1.814978344194142501e-01 1.620923589714419119e-02 5.992953772367412668e+00 1.983676241201089152e-02
2.338000000000000000e+03 2.547769541053866269e+05 1.812202282002995379e-01 1.562460894015856375e-02 5.992953772367412668e+00 1.983676241201089152e-02
2.339000000000000000e+03 2.551303245219587116e+05 1.809426219811848813e-01 1.557281029279894077e-02 5.992953772367412668e+00 1.983676241201089152e-02
2.340000000000000000e+03 2.554853110105573433e+05 1.806650157620701691e-01 1.577978232756260465e-02 5.992953772367412668e+00 1.983676241201089152e-02
2.341000000000000000e+03 2.558361037536453805e+05 1.803874095429555124e-01 1.553493908759756223e-02 5.992953772367412668e+00 1.983676241201089152e-02
2.342000000000000000e+03 2.561929533774707525e+05 1.801098033238408003e-01 1.527089210893159930e-02 5.992953772367412668e+00 1.983676241201089152e-02
2.343000000000000000e+03 2.565565496728188591e+05 1.798321971047260881e-01 1.581874758993894250e-02 5.992953772367412668e+00 1.983676241201089152e-02
2.344000000000000000e+03 2.569081388762950664e+05 1.795545908856114314e-01 1.654883697680151547e-02 5.992953772367412668e+00 1.983676241201089152e-02
2.345000000000000000e+03 2.572447219392156112e+05 1.792769846664967193e-01 1.638855222837933348e-02 5.992953772367412668e+00 1.983676241201089152e-02
2.346000000000000000e+03 2.575851189537512546e+05 1.789993784473820626e-01 1.646152810740238864e-02 5.992953772367412668e+00 1.983676241201089152e-02
2.347000000000000000e+03 2.579245907541712804e+05 1.787221161851155760e-01 1.594960056904404927e-02 5.992953772367412668e+00 1.983676241201089152e-02
2.348000000000000000e+03 2.582754613233146083e+05 1.784460524628719014e-01 1.659169935615941935e-02 5.992953772367412668e+00 1.983676241201089152e-02
2.349000000000000000e+03 2.586132252374281816e+05 1.781708433238028966e-01 1.682929495000317494e-02 5.992953772367412668e+00 1.983676241201089152e-02
2.350000000000000000e+03 2.589467696429026837e+05 1.778956341847338640e-01 1.748900363437650568e-02 5.992953772367412668e+00 1.983676241201089152e-02
2.351000000000000000e+03 2.592682434503308323e+05 1.776204250456648315e-01 1.669364903972021461e-02 5.992953772367412668e+00 1.983676241201089152e-02
2.352000000000000000e+03 2.596058814818795945e+05 1.773452159065958267e-01 1.593494213118125391e-02 5.992953772367412668e+00 1.983676241201089152e-02
2.353000000000000000e+03 2.599597372444516513e+05 1.770700067675268219e-01 1.520618572540391629e-02 5.992953772367412668e+00 1.983676241201089152e-02
2.354000000000000000e+03 2.603311415182646015e+05 1.767947976284577893e-01 1.590913023497069964e-02 5.992953772367412668e+00 1.983676241201089152e-02
2.355000000000000000e+03 2.606867833274461736e+05 1.765195884893887568e-01 1.556723417967604411e-02 5.992953772367412668e+00 1.983676241201089152e-02
2.356000000000000000e+03 2.610508575533751573e+05 1.762443793503197520e-01 1.486452217501751938e-02 5.992953772367412668e+00 1.983676241201089152e-02
2.357000000000000000e+03 2.614325675422097556e+05 1.759691702112507472e-01 1.552657803748291182e-02 5.992953772367412668e+00 1.983676241201089152e-02
2.358000000000000000e+03 2.617989101474950439e+05 1.756939610721817147e-01 1.653128426464493123e-02 5.992953772367412668e+00 1.983676241201089152e-02
2.359000000000000000e+03 2.621432853654105566e+05 1.754187519331126821e-01 1.645314902177811081e-02 5.992953772367412668e+00 1.983676241201089152e-02
2.360000000000000000e+03 2.624897924904228421e+05 1.751440102958596867e-01 1.551554792842859028e-02 5.992953772367412668e+00 1.983676241201089152e-02
2.361000000000000000e+03 2.628579399839562830e+05 1.748704603552445613e-01 1.542025057899577660e-02 5.992953772367412668e+00 1.983676241201089152e-02
2.362000000000000000e+03 2.632289396878846455e+05 1.745976346094513243e-01 1.606458131384880944e-02 5.992953772367412668e+00 1.983676241201089152e-02
2.363000000000000000e+03 2.635854952023641672e+05 1.743248088636580873e-01 1.610086993776941103e-02 5.992953772367412668e+00 1.983676241201089152e-02
2.364000000000000000e+03 2.639418251592461020e+05 1.740519831178648502e-01 1.624803299525414899e-02 5.992953772367412668e+00 1.983676241201089152e-02
2.365000000000000000e+03 2.642954328426883440e+05 1.737791573720716132e-01 1.727068664441492110e-02 5.992953772367412668e+00 1.983676241201089152e-02
2.366000000000000000e+03 2.646290960063327220e+05 1.735063316262783484e-01 1.824196604838845479e-02 5.992953772367412668e+00 1.983676241201089152e-02
2.367000000000000000e+03 2.649450321318332572e+05 1.732335058804851113e-01 1.762451074208554527e-02 5.992953772367412668e+00 1.983676241201089152e-02
2.368000000000000000e+03 2.652725926535530598e+05 1.729606801346918465e-01 1.735360040463590145e-02 5.992953772367412668e+00 1.983676241201089152e-02
2.369000000000000000e+03 2.656058140703343670e+05 1.726878543888986095e-01 1.685416728029859312e-02 5.992953772367412668e+00 1.983676241201089152e-02
2.370000000000000000e+03 2.659494057364144828e+05 1.724150286431053725e-01 1.708068187276286926e-02 5.992953772367412668e+00 1.983676241201089152e-02
2.371000000000000000e+03 2.662890005614053807e+05 1.721422028973121354e-01 1.641612612963026796e-02 5.992953772367412668e+00 1.983676241201089152e-02
2.372000000000000000e+03 2.666429209867445752e+05 1.718693771515188706e-01 1.639640263473620893e-02 5.992953772367412668e+00 1.983676241201089152e-02
2.373000000000000000e+03 2.669977911870894022e+05 1.715973040135210237e-01 1.614045491445167957e-02 5.992953772367412668e+00 1.983676241201089152e-02
2.374000000000000000e+03 2.673589867078556563e+05 1.713263935760948320e-01 1.510324484376335437e-02 5.992953772367412668e+00 1.983676241201089152e-02
2.375000000000000000e+03 2.677456006117021316e+05 1.710558932314449609e-01 1.454603444123641828e-02 5.992953772367412668e+00 1.983676241201089152e-02
2.376000000000000000e+03 2.681476169859517249e+05 1.707853928867951177e-01 1.535669884670012343e-02 5.992953772367412668e+00 1.983676241201089152e-02
2.377000000000000000e+03 2.685290906318239286e+05 1.705148925421452466e-01 1.512567998964806960e-02 5.992953772367412668e+00 1.983676241201089152e-02
2.378000000000000000e+03 2.689170073549563531e+05 1.702443921974953756e-01 1.444209058359079319e-02 5.992953772367412668e+00 1.983676241201089152e-02
2.379000000000000000e+03 2.693237382752479170e+05 1.699738918528455323e-01 1.472650149089309475e-02 5.992953772367412668e+00 1.983676241201089152e-02
2.380000000000000000e+03 2.697233086856234586e+05 1.697033915081956612e-01 1.490850441743942802e-02 5.992953772367412668e+00 1.983676241201089152e-02
2.381000000000000000e+03 2.701185624504339648e+05 1.694328911635458179e-01 1.475516867424336159e-02 5.992953772367412668e+00 1.983676241201089152e-02
2.382000000000000000e+03 2.705185628131772974e+05 1.691623908188959469e-01 1.442993152885814999e-02 5.992953772367412668e+00 1.983676241201089152e-02
2.383000000000000000e+03 2.709282382681555464e+05 1.688918904742460758e-01 1.424517841892551130e-02 5.992953772367412668e+00 1.983676241201089152e-02
2.384000000000000000e+03 2.713439512857484515e+05 1.686213901295962048e-01 1.415640754853541607e-02 5.992953772367412668e+00 1.983676241201089152e-02
2.385000000000000000e+03 2.717629098123508156e+05 1.683509407695337190e-01 1.418997070794242310e-02 5.992953772367412668e+00 1.983676241201089152e-02
2.386000000000000000e+03 2.721815271219095448e+05 1.680815368541973553e-01 1.456780143748465095e-02 5.992953772367412668e+00 1.983676241201089152e-02
2.387000000000000000e+03 2.725899817443857319e+05 1.678131273989997285e-01 1.370019975924150271e-02 5.992953772367412668e+00 1.983676241201089152e-02
2.388000000000000000e+03 2.730250769668102730e+05 1.675447179438021572e-01 1.372581546696806550e-02 5.992953772367412668e+00 1.983676241201089152e-02
2.389000000000000000e+03 2.734599528175771120e+05 1.672763084886045859e-01 1.356192642717215374e-02 5.992953772367412668e+00 1.983676241201089152e-02
2.390000000000000000e+03 2.739007700101874652e+05 1.670078990334069591e-01 1.355602550153910645e-02 5.992953772367412668e+00 1.983676241201089152e-02
2.391000000000000000e+03 2.743424690200706827e+05 1.667394895782093878e-01 1.365996439386912321e-02 5.992953772367412668e+00 1.983676241201089152e-02
2.392000000000000000e+03 2.747815042759526405e+05 1.664710801230118165e-01 1.359112215633137034e-02 5.992953772367412668e+00 1.983676241201089152e-02
2.393000000000000000e+03 2.752234943877517944e+05 1.662026706678141896e-01 1.378189678918671085e-02 5.992953772367412668e+00 1.983676241201089152e-02
2.394000000000000000e+03 2.756600604953829315e+05 1.659342612126166183e-01 1.376538497326409462e-02 5.992953772367412668e+00 1.983676241201089152e-02
2.395000000000000000e+03 2.760978598928237916e+05 1.656658517574190193e-01 1.397458551580401526e-02 5.992953772367412668e+00 1.983676241201089152e-02
2.396000000000000000e+03 2.765298821189458831e+05 1.653974423022214202e-01 1.418410389687953417e-02 5.992953772367412668e+00 1.983676241201089152e-02
2.397000000000000000e+03 2.769561432382778730e+05 1.651290328470238489e-01 1.408413426806028046e-02 5.992953772367412668e+00 1.983676241201089152e-02
2.398000000000000000e+03 2.773861629390093731e+05 1.648613478780876496e-01 1.452377205222543481e-02 5.992953772367412668e+00 1.983676241201089152e-02
2.399000000000000000e+03 2.778041395390856778e+05 1.645948833321167482e-01 1.510907696050646683e-02 5.992953772367412668e+00 1.983676241201089152e-02
2.400000000000000000e+03 2.782063140873472439e+05 1.643289147228497171e-01 1.442243230832913718e-02 5.992953772367412668e+00 1.983676241201089152e-02
2.401000000000000000e+03 2.786283699976689531e+05 1.640629461135826306e-01 1.429738258541251791e-02 5.992953772367412668e+00 1.983676241201089152e-02
2.402000000000000000e+03 2.790547408628840349e+05 1.637969775043155995e-01 1.402555141320371498e-02 5.992953772367412668e+00 1.983676241201089152e-02
2.403000000000000000e+03 2.794901466006596456e+05 1.635310088950485130e-01 1.541498639992249821e-02 5.992953772367412668e+00 1.983676241201089152e-02
2.404000000000000000e+03 2.798868965256916126e+05 1.632650402857814820e-01 1.506804979792559541e-02 5.992953772367412668e+00 1.983676241201089152e-02
2.405000000000000000e+03 2.802935045293733710e+05 1.629990716765143954e-01 1.432318610471916207e-02 5.992953772367412668e+00 1.983676241201089152e-02
2.406000000000000000e+03 2.807219167471250403e+05 1.627331030672473644e-01 1.492125225449384904e-02 5.992953772367412668e+00 1.983676241201089152e-02
2.407000000000000000e+03 2.811338980088586104e+05 1.624671344579802779e-01 1.486124428960866259e-02 5.992953772367412668e+00 1.983676241201089152e-02
2.408000000000000000e+03 2.815481218898318475e+05 1.622011658487132468e-01 1.572659575299050275e-02 5.992953772367412668e+00 1.983676241201089152e-02
2.409000000000000000e+03 2.819405268520298414e+05 1.619351972394461603e-01 1.727004400399464665e-02 5.992953772367412668e+00 1.983676241201089152e-02
2.410000000000000000e+03 2.822985821468214272e+05 1.616695596915609379e-01 1.809020579401321785e-02 5.992953772367412668e+00 1.983676241201089152e-02
2.411000000000000000e+03 2.826408319427873939e+05 1.614051091446259134e-01 1.700113124032203230e-02 5.992953772367412668e+00 1.983676241201089152e-02
2.412000000000000000e+03 2.830052691792119294e+05 1.611415145372592783e-01 1.643108136019610921e-02 5.992953772367412668e+00 1.983676241201089152e-02
2.413000000000000000e+03 2.833833698851979570e+05 1.608779199298926155e-01 1.644028231531908038e-02 5.992953772367412668e+00 1.983676241201089152e-02
2.414000000000000000e+03 2.837618288154379115e+05 1.606143253225259804e-01 1.714307028612832573e-02 5.992953772367412668e+00 1.983676241201089152e-02
2.415000000000000000e+03 2.841250245887175552e+05 1.603507307151593453e-01 1.745950348146350917e-02 5.992953772367412668e+00 1.983676241201089152e-02
2.416000000000000000e+03 2.844822216548046563e+05 1.600871361077927102e-01 1.782516524282761611e-02 5.992953772367412668e+00 1.983676241201089152e-02
2.417000000000000000e+03 2.848326705453907489e+05 1.598235415004260751e-01 1.826529390165912772e-02 5.992953772367412668e+00 1.983676241201089152e-02
2.418000000000000000e+03 2.851752381963655935e+05 1.595599468930594400e-01 1.849950665131798108e-02 5.992953772367412668e+00 1.983676241201089152e-02
2.419000000000000000e+03 2.855140320448272978e+05 1.592963522856928049e-01 1.827824320766033295e-02 5.992953772367412668e+00 1.983676241201089152e-02
2.420000000000000000e+03 2.858575139824189828e+05 1.590327576783261698e-01 1.872228395038342402e-02 5.992953772367412668e+00 1.983676241201089152e-02
2.421000000000000000e+03 2.861933847692671698e+05 1.587691630709595347e-01 1.873221171059886309e-02 5.992953772367412668e+00 1.983676241201089152e-02
2.422000000000000000e+03 2.865296287147048279e+05 1.585056903516232352e-01 1.834168119609619688e-02 5.992953772367412668e+00 1.983676241201089152e-02
2.423000000000000000e+03 2.868736387311193976e+05 1.582434162154337520e-01 1.906249949707488830e-02 5.992953772367412668e+00 1.983676241201089152e-02
2.424000000000000000e+03 2.872051786309203017e+05 1.579822187743607498e-01 1.913967579625036608e-02 5.992953772367412668e+00 1.983676241201089152e-02
2.425000000000000000e+03 2.875359391870047548e+05 1.577210213332877475e-01 1.990308437533845273e-02 5.992953772367412668e+00 1.983676241201089152e-02
2.426000000000000000e+03 2.878545199711009045e+05 1.574598238922147175e-01 1.981777180011019129e-02 5.992953772367412668e+00 1.983676241201089152e-02
2.427000000000000000e+03 2.881750348354487796e+05 1.571986264511417153e-01 1.981215594136269409e-02 5.992953772367412668e+00 1.983676241201089152e-02
2.428000000000000000e+03 2.884961450678618276e+05 1.569374290100687130e-01 1.986725739332812282e-02 5.992953772367412668e+00 1.983676241201089152e-02
2.429000000000000000e+03 2.888169127907270449e+05 1.566762315689957108e-01 2.048485154999664382e-02 5.992953772367412668e+00 1.983676241201089152e-02
2.430000000000000000e+03 2.891285099694555975e+05 1.564150341279227086e-01 2.154750429642545567e-02 5.992953772367412668e+00 1.983676241201089152e-02
2.431000000000000000e+03 2.894252541890005814e+05 1.561538366868496786e-01 2.050806175892614866e-02 5.992953772367412668e+00 1.983676241201089152e-02
2.432000000000000000e+03 2.897376017554657301e+05 1.558926392457766763e-01 2.065080915743774601e-02 5.992953772367412668e+00 1.983676241201089152e-02
2.433000000000000000e+03 2.900482349409023882e+05 1.556314418047036741e-01 2.074940419146617185e-02 5.992953772367412668e+00 1.983676241201089152e-02
2.434000000000000000e+03 2.903579306523911655e+05 1.553703056177299091e-01 2.110811059382340302e-02 5.992953772367412668e+00 1.983676241201089152e-02
2.435000000000000000e+03 2.906629657752477215e+05 1.551102038582271025e-01 2.250709046869167618e-02 5.992953772367412668e+00 1.983676241201089152e-02
2.436000000000000000e+03 2.909494914792890195e+05 1.548510752720960171e-01 2.223043843342781614e-02 5.992953772367412668e+00 1.983676241201089152e-02
2.437000000000000000e+03 2.912400464646241744e+05 1.545919466859649316e-01 2.135176784496496671e-02 5.992953772367412668e+00 1.983676241201089152e-02
2.438000000000000000e+03 2.915430141511686961e+05 1.543328180998338739e-01 2.128433929385250417e-02 5.992953772367412668e+00 1.983676241201089152e-02
2.439000000000000000e+03 2.918475584393070894e+05 1.540736895137028162e-01 1.944302601597928948e-02 5.992953772367412668e+00 1.983676241201089152e-02
2.440000000000000000e+03 2.921817160054614651e+05 1.538145609275717307e-01 1.897077674479011669e-02 5.992953772367412668e+00 1.983676241201089152e-02
2.441000000000000000e+03 2.925244243027460179e+05 1.535554323414406452e-01 1.823210610406834908e-02 5.992953772367412668e+00 1.983676241201089152e-02
2.442000000000000000e+03 2.928819247665024595e+05 1.532963037553095598e-01 1.758009853288814914e-02 5.992953772367412668e+00 1.983676241201089152e-02
2.443000000000000000e+03 2.932529952843383071e+05 1.530371751691785021e-01 1.761758216819304945e-02 5.992953772367412668e+00 1.983676241201089152e-02
2.444000000000000000e+03 2.936239368032442289e+05 1.527780465830474443e-01 1.659336660997990168e-02 5.992953772367412668e+00 1.983676241201089152e-02
2.445000000000000000e+03 2.940186115863298182e+05 1.525189179969163589e-01 1.601502235822876638e-02 5.992953772367412668e+00 1.983676241201089152e-02
2.446000000000000000e+03 2.944282158802970662e+05 1.522599822867952424e-01 1.674752911193422983e-02 5.992953772367412668e+00 1.983676241201089152e-02
2.447000000000000000e+03 2.948205744364788989e+05 1.520023547199440828e-01 1.567395205737056804e-02 5.992953772367412668e+00 1.983676241201089152e-02
2.448000000000000000e+03 2.952403276245257002e+05 1.517458424203529110e-01 1.602404667070844030e-02 5.992953772367412668e+00 1.983676241201089152e-02
2.449000000000000000e+03 2.956517591046838788e+05 1.514893301207617393e-01 1.675342790115863859e-02 5.992953772367412668e+00 1.983676241201089152e-02
2.450000000000000000e+03 2.960459306508639711e+05 1.512328178211705954e-01 1.842772177131892647e-02 5.992953772367412668e+00 1.983676241201089152e-02
2.451000000000000000e+03 2.964052863867534907e+05 1.509763055215794236e-01 1.861432619018273463e-02 5.992953772367412668e+00 1.983676241201089152e-02
2.452000000000000000e+03 2.967613919906175579e+05 1.507197932219882519e-01 1.725119185272992739e-02 5.992953772367412668e+00 1.983676241201089152e-02
2.453000000000000000e+03 2.971462486006417312e+05 1.504632809223970802e-01 1.619249740273699667e-02 5.992953772367412668e+00 1.983676241201089152e-02
2.454000000000000000e+03 2.975567507199390093e+05 1.502067686228059362e-01 1.665155791080349598e-02 5.992953772367412668e+00 1.983676241201089152e-02
2.455000000000000000e+03 2.979567756894245977e+05 1.499502563232147645e-01 1.579205298584329328e-02 5.992953772367412668e+00 1.983676241201089152e-02
2.456000000000000000e+03 2.983794314283832791e+05 1.496937440236235928e-01 1.623703205439116018e-02 5.992953772367412668e+00 1.983676241201089152e-02
2.457000000000000000e+03 2.987910459410682670e+05 1.494372317240324488e-01 1.698255278439533833e-02 5.992953772367412668e+00 1.983676241201089152e-02
2.458000000000000000e+03 2.991851234349817969e+05 1.491811541101107919e-01 1.726859229334089252e-02 5.992953772367412668e+00 1.983676241201089152e-02
2.459000000000000000e+03 2.995733056256577838e+05 1.489262711336442335e-01 1.751668624689331141e-02 5.992953772367412668e+00 1.983676241201089152e-02
2.460000000000000000e+03 2.999567424470417318e+05 1.486721481089632035e-01 1.860374524663526569e-02 5.992953772367412668e+00 1.983676241201089152e-02
2.461000000000000000e+03 3.003183568827968556e+05 1.484180250842821736e-01 1.936274949213643085e-02 5.992953772367412668e+00 1.983676241201089152e-02
2.462000000000000000e+03 3.006663645436203224e+05 1.481639020596011436e-01 1.804667686883000902e-02 5.992953772367412668e+00 1.983676241201089152e-02
2.463000000000000000e+03 3.010405555727409082e+05 1.479097790349201136e-01 1.698684487764247700e-02 5.992953772367412668e+00 1.983676241201089152e-02
2.464000000000000000e+03 3.014386211158913793e+05 1.476556560102390836e-01 1.681014188447731844e-02 5.992953772367412668e+00 1.983676241201089152e-02
2.465000000000000000e+03 3.018415088248479879e+05 1.474015329855580814e-01 1.689556837254926544e-02 5.992953772367412668e+00 1.983676241201089152e-02
2.466000000000000000e+03 3.022432585056409589e+05 1.471474099608770514e-01 1.791490832701315289e-02 5.992953772367412668e+00 1.983676241201089152e-02
2.467000000000000000e+03 3.026226898104016436e+05 1.468932869361960214e-01 1.795455106357093239e-02 5.992953772367412668e+00 1.983676241201089152e-02
2.468000000000000000e+03 3.030019133562966599e+05 1.466391639115149914e-01 1.892134783262220538e-02 5.992953772367412668e+00 1.983676241201089152e-02
2.469000000000000000e+03 3.033624580248056445e+05 1.463850408868339614e-01 1.921929114491698759e-02 5.992953772367412668e+00 1.983676241201089152e-02
2.470000000000000000e+03 3.037179088067323901e+05 1.461316865592079406e-01 1.990762055092126781e-02 5.992953772367412668e+00 1.983676241201089152e-02
2.471000000000000000e+03 3.040617316348471213e+05 1.458794197671063886e-01 1.996030878795537408e-02 5.992953772367412668e+00 1.983676241201089152e-02
2.472000000000000000e+03 3.044052385671405937e+05 1.456274718134742963e-01 1.984083790135904996e-02 5.992953772367412668e+00 1.983676241201089152e-02
2.473000000000000000e+03 3.047513460616919911e+05 1.453755238598422039e-01 2.047644649786177148e-02 5.992953772367412668e+00 1.983676241201089152e-02
2.474000000000000000e+03 3.050875770614848007e+05 1.451235759062101116e-01 2.167026134509616314e-02 5.992953772367412668e+00 1.983676241201089152e-02
2.475000000000000000e+03 3.054056088082075585e+05 1.448716279525779915e-01 2.043684197777928535e-02 5.992953772367412668e+00 1.983676241201089152e-02
2.476000000000000000e+03 3.057436646116423653e+05 1.446196799989458992e-01 1.947007333958697059e-02 5.992953772367412668e+00 1.983676241201089152e-02
2.477000000000000000e+03 3.060988011333541363e+05 1.443677320453137791e-01 1.949388165554365171e-02 5.992953772367412668e+00 1.983676241201089152e-02
2.478000000000000000e+03 3.064541326313368627e+05 1.441157840916816868e-01 1.748125701395586429e-02 5.992953772367412668e+00 1.983676241201089152e-02
2.479000000000000000e+03 3.068517133121282677e+05 1.438638361380495945e-01 1.698707925027957352e-02 5.992953772367412668e+00 1.983676241201089152e-02
2.480000000000000000e+03 3.072609595286861295e+05 1.436118881844175021e-01 1.722361189833042372e-02 5.992953772367412668e+00 1.983676241201089152e-02
2.481000000000000000e+03 3.076652726165081258e+05 1.433601737334396220e-01 1.786543429375162320e-02 5.992953772367412668e+00 1.983676241201089152e-02
2.482000000000000000e+03 3.080558766921686474e+05 1.431098180306888956e-01 1.847777358253024915e-02 5.992953772367412668e+00 1.983676241201089152e-02
2.483000000000000000e+03 3.084340498227761709e+05 1.428605875735110275e-01 1.851351787591797721e-02 5.992953772367412668e+00 1.983676241201089152e-02
2.484000000000000000e+03 3.088122078174686176e+05 1.426113571163331317e-01 1.856375906436081441e-02 5.992953772367412668e+00 1.983676241201089152e-02
2.485000000000000000e+03 3.091899856585558155e+05 1.423621266591552359e-01 1.792163755292952229e-02 5.992953772367412668e+00 1.983676241201089152e-02
2.486000000000000000e+03 3.095819856048703659e+05 1.421128962019773678e-01 1.836581866194555990e-02 5.992953772367412668e+00 1.983676241201089152e-02
2.487000000000000000e+03 3.099651556890674401e+05 1.418636657447994720e-01 1.838921588277374342e-02 5.992953772367412668e+00 1.983676241201089152e-02
2.488000000000000000e+03 3.103484720787303522e+05 1.416144352876215762e-01 1.887358226413192105e-02 5.992953772367412668e+00 1.983676241201089152e-02
2.489000000000000000e+03 3.107227917966028908e+05 1.413652048304436804e-01 1.940283033170098898e-02 5.992953772367412668e+00 1.983676241201089152e-02
2.490000000000000000e+03 3.110873774958463619e+05 1.411159743732657845e-01 1.910642460243750645e-02 5.992953772367412668e+00 1.983676241201089152e-02
2.491000000000000000e+03 3.114583054547291831e+05 1.408667439160879165e-01 1.953384268532568774e-02 5.992953772367412668e+00 1.983676241201089152e-02
2.492000000000000000e+03 3.118217612756663002e+05 1.406175134589100206e-01 1.992567226462630889e-02 5.992953772367412668e+00 1.983676241201089152e-02
2.493000000000000000e+03 3.121786794465567800e+05 1.403690352374201700e-01 1.977292608033968599e-02 5.992953772367412668e+00 1.983676241201089152e-02
2.494000000000000000e+03 3.125390608478508075e+05 1.401215507691244144e-01 2.075449736376095908e-02 5.992953772367412668e+00 1.983676241201089152e-02
2.495000000000000000e+03 3.128830847202268196e+05 1.398743078183347088e-01 2.111206959263430688e-02 5.992953772367412668e+00 1.983676241201089152e-02
2.496000000000000000e+03 3.132217882756554754e+05 1.396270648675450032e-01 2.201109251092436825e-02 5.992953772367412668e+00 1.983676241201089152e-02
2.497000000000000000e+03 3.135472416892508045e+05 1.393798219167552699e-01 2.243665584754611989e-02 5.992953772367412668e+00 1.983676241201089152e-02
2.498000000000000000e+03 3.138670290178888827e+05 1.391325789659655365e-01 2.218362658132139870e-02 5.992953772367412668e+00 1.983676241201089152e-02
2.499000000000000000e+03 3.141910593692320981e+05 1.388853360151758309e-01 2.230120128985180195e-02 5.992953772367412668e+00 1.983676241201089152e-02
2.500000000000000000e+03 3.145139139007533086e+05 1.386380930643861253e-01 2.285363161815970323e-02 5.992953772367412668e+00 1.983676241201089152e-02
2.501000000000000000e+03 3.148296633150336565e+05 1.383908501135963920e-01 2.358231813335476962e-02 5.992953772367412668e+00 1.983676241201089152e-02
2.502000000000000000e+03 3.151361844461576547e+05 1.381436071628066586e-01 2.221511540108506155e-02 5.992953772367412668e+00 1.983676241201089152e-02
2.503000000000000000e+03 3.154623364437108976e+05 1.378963642120169530e-01 2.379711936073242509e-02 5.992953772367412668e+00 1.983676241201089152e-02
2.504000000000000000e+03 3.157672798341790913e+05 1.376497880270270979e-01 2.513964404866810345e-02 5.992953772367412668e+00 1.983676241201089152e-02
2.505000000000000000e+03 3.160564007697716006e+05 1.374046616690589029e-01 2.645468253947989151e-02 5.992953772367412668e+00 1.983676241201089152e-02
2.506000000000000000e+03 3.163316096350346925e+05 1.371603183723124619e-01 2.453798785982335903e-02 5.992953772367412668e+00 1.983676241201089152e-02
2.507000000000000000e+03 3.166292628233626601e+05 1.369159750755660210e-01 2.315338188119665797e-02 5.992953772367412668e+00 1.983676241201089152e-02
2.508000000000000000e+03 3.169447233815702493e+05 1.366716317788196078e-01 2.274584472296908161e-02 5.992953772367412668e+00 1.983676241201089152e-02
2.509000000000000000e+03 3.172664296340706642e+05 1.364272884820731668e-01 2.211042999970629780e-02 5.992953772367412668e+00 1.983676241201089152e-02
2.510000000000000000e+03 3.175979460787420394e+05 1.361829451853267536e-01 2.191896163623370183e-02 5.992953772367412668e+00 1.983676241201089152e-02
2.511000000000000000e+03 3.179329471686664037e+05 1.359386018885803127e-01 2.193127256564467165e-02 5.992953772367412668e+00 1.983676241201089152e-02
2.512000000000000000e+03 3.182684010182868224e+05 1.356942585918338717e-01 2.063402578827841852e-02 5.992953772367412668e+00 1.983676241201089152e-02
2.513000000000000000e+03 3.186257226343961665e+05 1.354499152950874585e-01 1.927728747046211777e-02 5.992953772367412668e+00 1.983676241201089152e-02
2.514000000000000000e+03 3.190088437513159588e+05 1.352055719983410176e-01 1.951148133127531339e-02 5.992953772367412668e+00 1.983676241201089152e-02
2.515000000000000000e+03 3.193880451132934541e+05 1.349615105877825516e-01 1.986849803915503171e-02 5.992953772367412668e+00 1.983676241201089152e-02
2.516000000000000000e+03 3.197609814433790161e+05 1.347184686032063261e-01 1.985859680482204848e-02 5.992953772367412668e+00 1.983676241201089152e-02
2.517000000000000000e+03 3.201347932398712728e+05 1.344761641584243383e-01 2.043851926057662499e-02 5.992953772367412668e+00 1.983676241201089152e-02
2.518000000000000000e+03 3.204986952759348787e+05 1.342338597136423783e-01 2.060072090867917302e-02 5.992953772367412668e+00 1.983676241201089152e-02
2.519000000000000000e+03 3.208603469271821086e+05 1.339915552688603628e-01 2.156443774907185890e-02 5.992953772367412668e+00 1.983676241201089152e-02
2.520000000000000000e+03 3.212066155915525160e+05 1.337492508240784028e-01 2.229397059491317057e-02 5.992953772367412668e+00 1.983676241201089152e-02
2.521000000000000000e+03 3.215419777099961066e+05 1.335069463792963873e-01 2.315838764320977960e-02 5.992953772367412668e+00 1.983676241201089152e-02
2.522000000000000000e+03 3.218654669021529844e+05 1.332646419345144273e-01 2.320556464842564448e-02 5.992953772367412668e+00 1.983676241201089152e-02
2.523000000000000000e+03 3.221888421810563304e+05 1.330223374897324118e-01 2.359093748791019768e-02 5.992953772367412668e+00 1.983676241201089152e-02
2.524000000000000000e+03 3.225075104810086195e+05 1.327800330449504518e-01 2.421866057202857678e-02 5.992953772367412668e+00 1.983676241201089152e-02
2.525000000000000000e+03 3.228185232575850678e+05 1.325377286001684918e-01 2.498295111874953775e-02 5.992953772367412668e+00 1.983676241201089152e-02
2.526000000000000000e+03 3.231205788148602587e+05 1.322957056657031449e-01 2.543540030278725744e-02 5.992953772367412668e+00 1.983676241201089152e-02
2.527000000000000000e+03 3.234177885854551569e+05 1.320550508585450200e-01 2.550093747363594079e-02 5.992953772367412668e+00 1.983676241201089152e-02
2.528000000000000000e+03 3.237148066423874698e+05 1.318154826683774483e-01 2.647297164096074074e-02 5.992953772367412668e+00 1.983676241201089152e-02
2.529000000000000000e+03 3.240013968746984028e+05 1.315759144782098489e-01 2.684963871841646380e-02 5.992953772367412668e+00 1.983676241201089152e-02
2.530000000000000000e+03 3.242844886887072935e+05 1.313363462880422494e-01 2.693539843151723442e-02 5.992953772367412668e+00 1.983676241201089152e-02
2.531000000000000000e+03 3.245672058852866758e+05 1.310967780978746777e-01 2.771754240629922469e-02 5.992953772367412668e+00 1.983676241201089152e-02
2.532000000000000000e+03 3.248424191694332985e+05 1.308572099077071060e-01 2.916327517172506364e-02 5.992953772367412668e+00 1.983676241201089152e-02
2.533000000000000000e+03 3.251044701294468250e+05 1.306176417175395343e-01 2.887764526973262899e-02 5.992953772367412668e+00 1.983676241201089152e-02
2.534000000000000000e+03 3.253696408932869672e+05 1.303780735273719349e-01 2.827532657961530707e-02 5.992953772367412668e+00 1.983676241201089152e-02
2.535000000000000000e+03 3.256409076409884728e+05 1.301385053372043632e-01 2.870771917663485565e-02 5.992953772367412668e+00 1.983676241201089152e-02
2.536000000000000000e+03 3.259085814496885287e+05 1.298989371470367638e-01 2.939223314905754086e-02 5.992953772367412668e+00 1.983676241201089152e-02
2.537000000000000000e+03 3.261705183649249957e+05 1.296596243637473667e-01 3.004062986253776615e-02 5.992953772367412668e+00 1.983676241201089152e-02
2.538000000000000000e+03 3.264273085664366954e+05 1.294213590791158941e-01 3.121889838200381240e-02 5.992953772367412668e+00 1.983676241201089152e-02
2.539000000000000000e+03 3.266748248794667306e+05 1.291838858862641715e-01 3.195882737903437548e-02 5.992953772367412668e+00 1.983676241201089152e-02
2.540000000000000000e+03 3.269170469023867627e+05 1.289464126934124488e-01 3.101257391741957248e-02 5.992953772367412668e+00 1.983676241201089152e-02
2.541000000000000000e+03 3.271671579127567820e+05 1.287089395005607262e-01 3.073312905758099692e-02 5.992953772367412668e+00 1.983676241201089152e-02
2.542000000000000000e+03 3.274199756231964566e+05 1.284714663077090036e-01 3.134887577454466279e-02 5.992953772367412668e+00 1.983676241201089152e-02
2.543000000000000000e+03 3.276682671378239174e+05 1.282339931148572809e-01 3.084736712538981018e-02 5.992953772367412668e+00 1.983676241201089152e-02
2.544000000000000000e+03 3.279210658968650387e+05 1.279965199220055305e-01 3.109759975342992616e-02 5.992953772367412668e+00 1.983676241201089152e-02
2.545000000000000000e+03 3.281722960489645484e+05 1.277590467291538079e-01 3.205555559279719274e-02 5.992953772367412668e+00 1.983676241201089152e-02
2.546000000000000000e+03 3.284165832454334013e+05 1.275215735363020852e-01 3.311421064087253369e-02 5.992953772367412668e+00 1.983676241201089152e-02
2.547000000000000000e+03 3.286534181130622746e+05 1.272841003434503626e-01 3.208594806852651388e-02 5.992953772367412668e+00 1.983676241201089152e-02
2.548000000000000000e+03 3.288982812346505816e+05 1.270471362570907425e-01 3.162068391087644037e-02 5.992953772367412668e+00 1.983676241201089152e-02
2.549000000000000000e+03 3.291472114863423049e+05 1.268114834294541970e-01 3.237997078684357044e-02 5.992953772367412668e+00 1.983676241201089152e-02
2.550000000000000000e+03 3.293908355752590578e+05 1.265766327540485681e-01 3.322005483510021701e-02 5.992953772367412668e+00 1.983676241201089152e-02
2.551000000000000000e+03 3.296286690069400356e+05 1.263417820786429946e-01 3.200040419311798306e-02 5.992953772367412668e+00 1.983676241201089152e-02
2.552000000000000000e+03 3.298760724060630891e+05 1.261069314032373934e-01 3.069591819514392791e-02 5.992953772367412668e+00 1.983676241201089152e-02
2.553000000000000000e+03 3.301344252758435905e+05 1.258720807278317921e-01 3.077162963825985295e-02 5.992953772367412668e+00 1.983676241201089152e-02
2.554000000000000000e+03 3.303926060080811731e+05 1.256372300524262187e-01 3.120294743908826746e-02 5.992953772367412668e+00 1.983676241201089152e-02
2.555000000000000000e+03 3.306477251134013059e+05 1.254023793770205897e-01 3.159206767353839318e-02 5.992953772367412668e+00 1.983676241201089152e-02
2.556000000000000000e+03 3.309001496927568223e+05 1.251675287016150162e-01 3.228962166123779814e-02 5.992953772367412668e+00 1.983676241201089152e-02
2.557000000000000000e+03 3.311475819249756751e+05 1.249326780262094011e-01 3.202452732558386250e-02 5.992953772367412668e+00 1.983676241201089152e-02
2.558000000000000000e+03 3.313976018820283352e+05 1.246978273508038138e-01 3.116116875633116734e-02 5.992953772367412668e+00 1.983676241201089152e-02
2.559000000000000000e+03 3.316549617602570215e+05 1.244638412817158923e-01 3.061002831275021555e-02 5.992953772367412668e+00 1.983676241201089152e-02
2.560000000000000000e+03 3.319175130453524180e+05 1.242312103313994720e-01 2.951060768956845909e-02 5.992953772367412668e+00 1.983676241201089152e-02
2.561000000000000000e+03 3.321903005636908929e+05 1.239990698935369146e-01 3.004521025131992248e-02 5.992953772367412668e+00 1.983676241201089152e-02
2.562000000000000000e+03 3.324587477807392133e+05 1.237669294556743571e-01 3.185827537208772015e-02 5.992953772367412668e+00 1.983676241201089152e-02
2.563000000000000000e+03 3.327126300102443201e+05 1.235347890178117858e-01 3.359881143375186702e-02 5.992953772367412668e+00 1.983676241201089152e-02
2.564000000000000000e+03 3.329535790504392935e+05 1.233026485799492283e-01 3.508805027228728557e-02 5.992953772367412668e+00 1.983676241201089152e-02
2.565000000000000000e+03 3.331848085568047245e+05 1.230705081420866709e-01 3.709059087542426053e-02 5.992953772367412668e+00 1.983676241201089152e-02
2.566000000000000000e+03 3.334039483535531908e+05 1.228383677042240996e-01 3.947468091251336159e-02 5.992953772367412668e+00 1.983676241201089152e-02
2.567000000000000000e+03 3.336102697862791829e+05 1.226062272663615282e-01 3.986213617703021628e-02 5.992953772367412668e+00 1.983676241201089152e-02
2.568000000000000000e+03 3.338149138964178856e+05 1.223740868284989847e-01 4.049284546849717115e-02 5.992953772367412668e+00 1.983676241201089152e-02
2.569000000000000000e+03 3.340168057238426991e+05 1.221419463906364133e-01 4.250832470463191542e-02 5.992953772367412668e+00 1.983676241201089152e-02
2.570000000000000000e+03 3.342094561623803456e+05 1.219108567226359074e-01 4.302672077039769449e-02 5.992953772367412668e+00 1.983676241201089152e-02
2.571000000000000000e+03 3.344001465787671623e+05 1.216808314831588078e-01 4.126046287910942190e-02 5.992953772367412668e+00 1.983676241201089152e-02
2.572000000000000000e+03 3.345993422598499455e+05 1.214508199023429935e-01 4.109874184999770530e-02 5.992953772367412668e+00 1.983676241201089152e-02
2.573000000000000000e+03 3.347997312459675013e+05 1.212208083215271792e-01 4.358916021499894405e-02 5.992953772367412668e+00 1.983676241201089152e-02
2.574000000000000000e+03 3.349890587194736581e+05 1.209907967407113649e-01 4.252332901306307700e-02 5.992953772367412668e+00 1.983676241201089152e-02
2.575000000000000000e+03 3.351834909959145589e+05 1.207607851598955645e-01 4.084000666254059692e-02 5.992953772367412668e+00 1.983676241201089152e-02
2.576000000000000000e+03 3.353862516307124170e+05 1.205307735790797641e-01 4.045382059855000961e-02 5.992953772367412668e+00 1.983676241201089152e-02
2.577000000000000000e+03 3.355914549417653470e+05 1.203007619982639498e-01 3.717909019597642750e-02 5.992953772367412668e+00 1.983676241201089152e-02
2.578000000000000000e+03 3.358150509150617872e+05 1.200707504174481355e-01 3.674804469446197458e-02 5.992953772367412668e+00 1.983676241201089152e-02
2.579000000000000000e+03 3.360417054040249786e+05 1.198407388366323212e-01 3.484092808465483887e-02 5.992953772367412668e+00 1.983676241201089152e-02
2.580000000000000000e+03 3.362812528099692427e+05 1.196112980332964676e-01 3.249983865203367323e-02 5.992953772367412668e+00 1.983676241201089152e-02
2.581000000000000000e+03 3.365386984688345692e+05 1.193831665398598779e-01 3.065371250049387514e-02 5.992953772367412668e+00 1.983676241201089152e-02
2.582000000000000000e+03 3.368120150665689725e+05 1.191557735788426331e-01 2.890788354080426822e-02 5.992953772367412668e+00 1.983676241201089152e-02
2.583000000000000000e+03 3.371024450222821906e+05 1.189283806178253744e-01 2.695471342984383234e-02 5.992953772367412668e+00 1.983676241201089152e-02
2.584000000000000000e+03 3.374144039211877389e+05 1.187009876568081296e-01 2.608251846692984099e-02 5.992953772367412668e+00 1.983676241201089152e-02
2.585000000000000000e+03 3.377374628123194561e+05 1.184735946957908848e-01 2.496375589263115022e-02 5.992953772367412668e+00 1.983676241201089152e-02
2.586000000000000000e+03 3.380755879942312022e+05 1.182462017347736261e-01 2.431057106068494622e-02 5.992953772367412668e+00 1.983676241201089152e-02
2.587000000000000000e+03 3.384235241847216384e+05 1.180188087737563674e-01 2.276854159349755297e-02 5.992953772367412668e+00 1.983676241201089152e-02
2.588000000000000000e+03 3.387957999303675024e+05 1.177914158127391364e-01 2.138729602885096684e-02 5.992953772367412668e+00 1.983676241201089152e-02
2.589000000000000000e+03 3.391929963798271492e+05 1.175640228517218777e-01 1.971474351290245647e-02 5.992953772367412668e+00 1.983676241201089152e-02
2.590000000000000000e+03 3.396246292701839702e+05 1.173366298907046190e-01 1.892722136830564048e-02 5.992953772367412668e+00 1.983676241201089152e-02
2.591000000000000000e+03 3.400750332536968053e+05 1.171105699089909219e-01 1.781811657698501028e-02 5.992953772367412668e+00 1.983676241201089152e-02
2.592000000000000000e+03 3.405544815913905040e+05 1.168858676173350764e-01 1.680109731870348816e-02 5.992953772367412668e+00 1.983676241201089152e-02
2.593000000000000000e+03 3.410639713168362505e+05 1.166611900364335763e-01 1.541070508400789983e-02 5.992953772367412668e+00 1.983676241201089152e-02
2.594000000000000000e+03 3.416211485393344192e+05 1.164365124555320624e-01 1.392047796837341846e-02 5.992953772367412668e+00 1.983676241201089152e-02
2.595000000000000000e+03 3.422384211589127081e+05 1.162118348746305485e-01 1.379567662266765679e-02 5.992953772367412668e+00 1.983676241201089152e-02
2.596000000000000000e+03 3.428622757857561810e+05 1.159871572937290485e-01 1.369955207798452708e-02 5.992953772367412668e+00 1.983676241201089152e-02
2.597000000000000000e+03 3.434917599639689433e+05 1.157624797128275207e-01 1.412651822478259815e-02 5.992953772367412668e+00 1.983676241201089152e-02
2.598000000000000000e+03 3.441032823031080770e+05 1.155378021319260207e-01 1.436591518606671405e-02 5.992953772367412668e+00 1.983676241201089152e-02
2.599000000000000000e+03 3.447057858109073131e+05 1.153131245510244929e-01 1.416948576077147436e-02 5.992953772367412668e+00 1.983676241201089152e-02
2.600000000000000000e+03 3.453178390429842984e+05 1.150884469701229929e-01 1.444465308965911174e-02 5.992953772367412668e+00 1.983676241201089152e-02
2.601000000000000000e+03 3.459194386480398825e+05 1.148643799813092725e-01 1.471957466013697723e-02 5.992953772367412668e+00 1.983676241201089152e-02
2.602000000000000000e+03 3.465109322226556833e+05 1.146412964291062264e-01 1.464934367127827992e-02 5.992953772367412668e+00 1.983676241201089152e-02
2.603000000000000000e+03 3.471064635591680417e+05 1.144185857214261165e-01 1.489954612600950801e-02 5.992953772367412668e+00 1.983676241201089152e-02
2.604000000000000000e+03 3.476931027006702498e+05 1.141958750137459927e-01 1.513474355798297317e-02 5.992953772367412668e+00 1.983676241201089152e-02
2.605000000000000000e+03 3.482719914066190831e+05 1.139731643060658689e-01 1.524466556648312009e-02 5.992953772367412668e+00 1.983676241201089152e-02
2.606000000000000000e+03 3.488480107576379669e+05 1.137504535983857590e-01 1.468360193709914059e-02 5.992953772367412668e+00 1.983676241201089152e-02
2.607000000000000000e+03 3.494469014639052912e+05 1.135277428907056352e-01 1.632775011499348200e-02 5.992953772367412668e+00 1.983676241201089152e-02
2.608000000000000000e+03 3.499872817848636187e+05 1.133050321830255114e-01 1.643708045532629725e-02 5.992953772367412668e+00 1.983676241201089152e-02
2.609000000000000000e+03 3.505243527778837015e+05 1.130823214753453876e-01 1.640724466350201860e-02 5.992953772367412668e+00 1.983676241201089152e-02
2.610000000000000000e+03 3.510633640280208201e+05 1.128596107676652638e-01 1.570250292810817030e-02 5.992953772367412668e+00 1.983676241201089152e-02
2.611000000000000000e+03 3.516276714338367456e+05 1.126373899588639926e-01 1.573244158804327358e-02 5.992953772367412668e+00 1.983676241201089152e-02
2.612000000000000000e+03 3.521920052754442440e+05 1.124165674864784636e-01 1.563467117688675453e-02 5.992953772367412668e+00 1.983676241201089152e-02
2.613000000000000000e+03 3.527609736891352222e+05 1.121966534516298242e-01 1.569378953618537700e-02 5.992953772367412668e+00 1.983676241201089152e-02
2.614000000000000000e+03 3.533289072759362170e+05 1.119767394167811569e-01 1.565361153366317398e-02 5.992953772367412668e+00 1.983676241201089152e-02
2.615000000000000000e+03 3.538994138988952618e+05 1.117568253819325175e-01 1.592755387720838287e-02 5.992953772367412668e+00 1.983676241201089152e-02
2.616000000000000000e+03 3.544612773733020294e+05 1.115369113470838502e-01 1.621509621182600641e-02 5.992953772367412668e+00 1.983676241201089152e-02
2.617000000000000000e+03 3.550141842870404944e+05 1.113169973122352108e-01 1.554793733220841655e-02 5.992953772367412668e+00 1.983676241201089152e-02
2.618000000000000000e+03 3.555926802378230495e+05 1.110970832773865713e-01 1.431127249392822633e-02 5.992953772367412668e+00 1.983676241201089152e-02
2.619000000000000000e+03 3.562218193751678918e+05 1.108771692425379041e-01 1.397474443507009181e-02 5.992953772367412668e+00 1.983676241201089152e-02
2.620000000000000000e+03 3.568672046772133326e+05 1.106572552076892646e-01 1.418392813843757580e-02 5.992953772367412668e+00 1.983676241201089152e-02
2.621000000000000000e+03 3.575043912170365802e+05 1.104375639442705809e-01 1.443042359980652688e-02 5.992953772367412668e+00 1.983676241201089152e-02
2.622000000000000000e+03 3.581319014859924791e+05 1.102191910425024401e-01 1.425579959957085259e-02 5.992953772367412668e+00 1.983676241201089152e-02
2.623000000000000000e+03 3.587683518141472596e+05 1.100019137309548589e-01 1.407364776164669526e-02 5.992953772367412668e+00 1.983676241201089152e-02
2.624000000000000000e+03 3.594143094832981587e+05 1.097846364194072777e-01 1.393842771273625866e-02 5.992953772367412668e+00 1.983676241201089152e-02
2.625000000000000000e+03 3.600678323218839942e+05 1.095673591078596826e-01 1.423065461755500596e-02 5.992953772367412668e+00 1.983676241201089152e-02
2.626000000000000000e+03 3.607092046030719066e+05 1.093500817963120875e-01 1.453464473153464123e-02 5.992953772367412668e+00 1.983676241201089152e-02
2.627000000000000000e+03 3.613384935656921589e+05 1.091328044847645062e-01 1.475984243915728911e-02 5.992953772367412668e+00 1.983676241201089152e-02
2.628000000000000000e+03 3.619592960963145597e+05 1.089155271732169250e-01 1.483301639158471873e-02 5.992953772367412668e+00 1.983676241201089152e-02
2.629000000000000000e+03 3.625783456267455476e+05 1.086982498616693438e-01 1.507954344079324820e-02 5.992953772367412668e+00 1.983676241201089152e-02
2.630000000000000000e+03 3.631884434589052689e+05 1.084809725501217487e-01 1.552394560267537221e-02 5.992953772367412668e+00 1.983676241201089152e-02
2.631000000000000000e+03 3.637826084143283078e+05 1.082637811702074904e-01 1.546823651938344230e-02 5.992953772367412668e+00 1.983676241201089152e-02
2.632000000000000000e+03 3.643799633613999467e+05 1.080477492603243439e-01 1.601923382462789106e-02 5.992953772367412668e+00 1.983676241201089152e-02
2.633000000000000000e+03 3.649581362746083178e+05 1.078327908888389863e-01 1.649569751117147681e-02 5.992953772367412668e+00 1.983676241201089152e-02
2.634000000000000000e+03 3.655203638882417581e+05 1.076178325173536149e-01 1.619499612608703287e-02 5.992953772367412668e+00 1.983676241201089152e-02
2.635000000000000000e+03 3.660941373990473803e+05 1.074028741458682434e-01 1.587767956408302206e-02 5.992953772367412668e+00 1.983676241201089152e-02
2.636000000000000000e+03 3.666808519061436527e+05 1.071879157743828859e-01 1.521105245769638695e-02 5.992953772367412668e+00 1.983676241201089152e-02
2.637000000000000000e+03 3.672943748849218828e+05 1.069729574028975283e-01 1.604123318673883469e-02 5.992953772367412668e+00 1.983676241201089152e-02
2.638000000000000000e+03 3.678773053697583382e+05 1.067579990314121569e-01 1.599320917686006260e-02 5.992953772367412668e+00 1.983676241201089152e-02
2.639000000000000000e+03 3.684630111835260177e+05 1.065430406599267854e-01 1.586314937473096154e-02 5.992953772367412668e+00 1.983676241201089152e-02
2.640000000000000000e+03 3.690547196419881657e+05 1.063280822884414278e-01 1.585181142456139683e-02 5.992953772367412668e+00 1.983676241201089152e-02
2.641000000000000000e+03 3.696481151221497566e+05 1.061132092211366229e-01 1.636419226268046034e-02 5.992953772367412668e+00 1.983676241201089152e-02
2.642000000000000000e+03 3.702240412330145482e+05 1.058996877061717107e-01 1.619812059595510112e-02 5.992953772367412668e+00 1.983676241201089152e-02
2.643000000000000000e+03 3.708071839484932134e+05 1.056874324393661524e-01 1.524522607014179229e-02 5.992953772367412668e+00 1.983676241201089152e-02
2.644000000000000000e+03 3.714278797879237100e+05 1.054751771725605802e-01 1.586002496105952397e-02 5.992953772367412668e+00 1.983676241201089152e-02
2.645000000000000000e+03 3.720257657350769732e+05 1.052629219057550219e-01 1.657188568965569861e-02 5.992953772367412668e+00 1.983676241201089152e-02
2.646000000000000000e+03 3.725991563564026728e+05 1.050506666389494637e-01 1.676689204114194601e-02 5.992953772367412668e+00 1.983676241201089152e-02
2.647000000000000000e+03 3.731669912346216734e+05 1.048384113721438915e-01 1.753422740126068732e-02 5.992953772367412668e+00 1.983676241201089152e-02
2.648000000000000000e+03 3.737110687029846013e+05 1.046261561053383471e-01 1.758130269062736437e-02 5.992953772367412668e+00 1.983676241201089152e-02
2.649000000000000000e+03 3.742547101518375566e+05 1.044139008385327749e-01 1.770947735921410068e-02 5.992953772367412668e+00 1.983676241201089152e-02
2.650000000000000000e+03 3.747955329162729322e+05 1.042016455717272028e-01 1.854695080962445383e-02 5.992953772367412668e+00 1.983676241201089152e-02
2.651000000000000000e+03 3.753134081325737061e+05 1.039895460064955146e-01 1.959244517257272347e-02 5.992953772367412668e+00 1.983676241201089152e-02
2.652000000000000000e+03 3.758043138398500159e+05 1.037786139524305984e-01 1.860623625720624758e-02 5.992953772367412668e+00 1.983676241201089152e-02
2.653000000000000000e+03 3.763223918477399857e+05 1.035686937079586256e-01 1.757121211567047939e-02 5.992953772367412668e+00 1.983676241201089152e-02
2.654000000000000000e+03 3.768720509511247510e+05 1.033587734634866528e-01 1.599701364174689958e-02 5.992953772367412668e+00 1.983676241201089152e-02
2.655000000000000000e+03 3.774773326778176706e+05 1.031488532190146801e-01 1.576677914840493230e-02 5.992953772367412668e+00 1.983676241201089152e-02
2.656000000000000000e+03 3.780922652276794543e+05 1.029389329745427073e-01 1.624189780312147030e-02 5.992953772367412668e+00 1.983676241201089152e-02
2.657000000000000000e+03 3.786904235967525747e+05 1.027290127300707345e-01 1.661679703704447772e-02 5.992953772367412668e+00 1.983676241201089152e-02
2.658000000000000000e+03 3.792763319325679913e+05 1.025190924855987618e-01 1.735264716188070211e-02 5.992953772367412668e+00 1.983676241201089152e-02
2.659000000000000000e+03 3.798385000126418308e+05 1.023091722411267890e-01 1.763763091093123112e-02 5.992953772367412668e+00 1.983676241201089152e-02
2.660000000000000000e+03 3.803926822497236426e+05 1.020992519966548162e-01 1.783453797285368403e-02 5.992953772367412668e+00 1.983676241201089152e-02
2.661000000000000000e+03 3.809418975217857515e+05 1.018897245915841021e-01 1.770578248152247444e-02 5.992953772367412668e+00 1.983676241201089152e-02
2.662000000000000000e+03 3.814964089053550852e+05 1.016815890389613369e-01 1.857199285274267753e-02 5.992953772367412668e+00 1.983676241201089152e-02
2.663000000000000000e+03 3.820260294813727378e+05 1.014744524993852620e-01 1.913350148175265233e-02 5.992953772367412668e+00 1.983676241201089152e-02
2.664000000000000000e+03 3.825412439136063913e+05 1.012673159598092010e-01 2.006864327446269275e-02 5.992953772367412668e+00 1.983676241201089152e-02
2.665000000000000000e+03 3.830333489986901404e+05 1.010601794202331261e-01 1.991963648017631983e-02 5.992953772367412668e+00 1.983676241201089152e-02
2.666000000000000000e+03 3.835300980866455357e+05 1.008530428806570511e-01 2.053428167006856112e-02 5.992953772367412668e+00 1.983676241201089152e-02
2.667000000000000000e+03 3.840130504147834727e+05 1.006459063410809762e-01 2.113253567006682238e-02 5.992953772367412668e+00 1.983676241201089152e-02
2.668000000000000000e+03 3.844832206860331935e+05 1.004387698015049152e-01 2.088755075383298340e-02 5.992953772367412668e+00 1.983676241201089152e-02
2.669000000000000000e+03 3.849600165901731816e+05 1.002316332619288403e-01 1.998179684316001709e-02 5.992953772367412668e+00 1.983676241201089152e-02
2.670000000000000000e+03 3.854593928805677569e+05 1.000244967223527653e-01 1.940312313877499972e-02 5.992953772367412668e+00 1.983676241201089152e-02
2.671000000000000000e+03 3.859749913847780554e+05 9.981793034219250960e-02 1.855593391922226790e-02 5.992953772367412668e+00 1.983676241201089152e-02
2.672000000000000000e+03 3.865149066055387375e+05 9.961248835590444384e-02 1.899195346338119345e-02 5.992953772367412668e+00 1.983676241201089152e-02
2.673000000000000000e+03 3.870436558388082194e+05 9.940760060407273502e-02 2.003389947830432061e-02 5.992953772367412668e+00 1.983676241201089152e-02
2.674000000000000000e+03 3.875460426087017986e+05 9.920271285224102620e-02 2.046777381284033137e-02 5.992953772367412668e+00 1.983676241201089152e-02
2.675000000000000000e+03 3.880386245609744219e+05 9.899782510040933126e-02 2.100318242901211621e-02 5.992953772367412668e+00 1.983676241201089152e-02
2.676000000000000000e+03 3.885197626529990230e+05 9.879293734857762244e-02 2.207768903861668380e-02 5.992953772367412668e+00 1.983676241201089152e-02
2.677000000000000000e+03 3.889783762898900313e+05 9.858804959674591362e-02 2.234940910540069575e-02 5.992953772367412668e+00 1.983676241201089152e-02
2.678000000000000000e+03 3.894324524228327791e+05 9.838316184491421867e-02 2.065319117346905639e-02 5.992953772367412668e+00 1.983676241201089152e-02
2.679000000000000000e+03 3.899250529155582772e+05 9.817827409308252373e-02 1.907857813732822747e-02 5.992953772367412668e+00 1.983676241201089152e-02
2.680000000000000000e+03 3.904592411673633615e+05 9.797338634125081491e-02 1.796247924366575419e-02 5.992953772367412668e+00 1.983676241201089152e-02
2.681000000000000000e+03 3.910276740328568849e+05 9.776955653129562607e-02 1.685659336278750794e-02 5.992953772367412668e+00 1.983676241201089152e-02
2.682000000000000000e+03 3.916346315723792068e+05 9.756704090129843243e-02 1.744388467427028522e-02 5.992953772367412668e+00 1.983676241201089152e-02
2.683000000000000000e+03 3.922222653321375255e+05 9.736478150938272791e-02 1.837105973372108250e-02 5.992953772367412668e+00 1.983676241201089152e-02
2.684000000000000000e+03 3.927818048818245297e+05 9.716252211746702339e-02 1.936364671555979716e-02 5.992953772367412668e+00 1.983676241201089152e-02
2.685000000000000000e+03 3.933133676600246108e+05 9.696026272555131886e-02 1.930037266410504146e-02 5.992953772367412668e+00 1.983676241201089152e-02
2.686000000000000000e+03 3.938477354373365524e+05 9.675800333363562822e-02 1.975267647710697919e-02 5.992953772367412668e+00 1.983676241201089152e-02
2.687000000000000000e+03 3.943710355414830847e+05 9.655574394171992370e-02 2.061414053899912613e-02 5.992953772367412668e+00 1.983676241201089152e-02
2.688000000000000000e+03 3.948735086666450370e+05 9.635348454980421917e-02 2.166153251117602929e-02 5.992953772367412668e+00 1.983676241201089152e-02
2.689000000000000000e+03 3.953526750104100211e+05 9.615122515788851465e-02 2.256671917259400750e-02 5.992953772367412668e+00 1.983676241201089152e-02
2.690000000000000000e+03 3.958136887543781195e+05 9.594921426354154070e-02 2.345579259104838693e-02 5.992953772367412668e+00 1.983676241201089152e-02
2.691000000000000000e+03 3.962580616078464082e+05 9.574863077368406250e-02 2.393731532932864142e-02 5.992953772367412668e+00 1.983676241201089152e-02
2.692000000000000000e+03 3.966943899292993010e+05 9.554922619074736334e-02 2.413817971843670168e-02 5.992953772367412668e+00 1.983676241201089152e-02
2.693000000000000000e+03 3.971280069995035883e+05 9.534982160781065030e-02 2.591053708207664494e-02 5.992953772367412668e+00 1.983676241201089152e-02
2.694000000000000000e+03 3.975330102351508103e+05 9.515041702487395114e-02 2.586238759618763108e-02 5.992953772367412668e+00 1.983676241201089152e-02
2.695000000000000000e+03 3.979394317468114896e+05 9.495101244193723811e-02 2.607738180014793419e-02 5.992953772367412668e+00 1.983676241201089152e-02
2.696000000000000000e+03 3.983433441577634076e+05 9.475160785900052507e-02 2.680781351245991803e-02 5.992953772367412668e+00 1.983676241201089152e-02
2.697000000000000000e+03 3.987370816113015753e+05 9.455220327606382591e-02 2.785220763404567049e-02 5.992953772367412668e+00 1.983676241201089152e-02
2.698000000000000000e+03 3.991168573942894582e+05 9.435279869312711287e-02 2.836315781407040479e-02 5.992953772367412668e+00 1.983676241201089152e-02
2.699000000000000000e+03 3.994905398616829189e+05 9.415339411019041371e-02 2.911820424718451761e-02 5.992953772367412668e+00 1.983676241201089152e-02
2.700000000000000000e+03 3.998553140169000253e+05 9.395473603120625683e-02 2.836154788020700535e-02 5.992953772367412668e+00 1.983676241201089152e-02
2.701000000000000000e+03 4.002307552436866099e+05 9.375729831749750331e-02 2.741382855284169723e-02 5.992953772367412668e+00 1.983676241201089152e-02
2.702000000000000000e+03 4.006200263689319254e+05 9.356033446511161089e-02 2.954505313646023715e-02 5.992953772367412668e+00 1.983676241201089152e-02
2.703000000000000000e+03 4.009819551911092130e+05 9.336337061272570459e-02 2.999989434046479442e-02 5.992953772367412668e+00 1.983676241201089152e-02
2.704000000000000000e+03 4.013390171366740251e+05 9.316640676033982604e-02 2.945466442307292584e-02 5.992953772367412668e+00 1.983676241201089152e-02
2.705000000000000000e+03 4.017034388685610029e+05 9.296944290795391974e-02 3.003055177447599630e-02 5.992953772367412668e+00 1.983676241201089152e-02
2.706000000000000000e+03 4.020616327976749162e+05 9.277247905556801344e-02 3.120339758837216079e-02 5.992953772367412668e+00 1.983676241201089152e-02
2.707000000000000000e+03 4.024072039380464121e+05 9.257551520318213489e-02 3.279218524228019738e-02 5.992953772367412668e+00 1.983676241201089152e-02
2.708000000000000000e+03 4.027366147526317509e+05 9.237855135079622859e-02 3.160735431880862256e-02 5.992953772367412668e+00 1.983676241201089152e-02
2.709000000000000000e+03 4.030791466092538321e+05 9.218173405383733865e-02 3.264284885485275317e-02 5.992953772367412668e+00 1.983676241201089152e-02
2.710000000000000000e+03 4.034116543088430190e+05 9.198618842020507558e-02 3.354691795569753054e-02 5.992953772367412668e+00 1.983676241201089152e-02
2.711000000000000000e+03 4.037357189985443838e+05 9.179176789447240914e-02 3.344517488883503448e-02 5.992953772367412668e+00 1.983676241201089152e-02
2.712000000000000000e+03 4.040614575546618435e+05 9.159734736873975658e-02 3.419027229031761095e-02 5.992953772367412668e+00 1.983676241201089152e-02
2.713000000000000000e+03 4.043807799580715946e+05 9.140292684300710402e-02 3.399281012764947957e-02 5.992953772367412668e+00 1.983676241201089152e-02
2.714000000000000000e+03 4.047026782564024907e+05 9.120850631727445146e-02 3.520363528365823280e-02 5.992953772367412668e+00 1.983676241201089152e-02
2.715000000000000000e+03 4.050141616801641067e+05 9.101408579154179890e-02 3.600512176660240760e-02 5.992953772367412668e+00 1.983676241201089152e-02
2.716000000000000000e+03 4.053193190822712495e+05 9.081966526580914634e-02 3.535050901136183032e-02 5.992953772367412668e+00 1.983676241201089152e-02
2.717000000000000000e+03 4.056307996988524683e+05 9.062524474007647990e-02 3.519493410351437479e-02 5.992953772367412668e+00 1.983676241201089152e-02
2.718000000000000000e+03 4.059443262422332191e+05 9.043082421434382734e-02 3.474076116284621762e-02 5.992953772367412668e+00 1.983676241201089152e-02
2.719000000000000000e+03 4.062626646716441610e+05 9.023743139079591635e-02 3.531183423792205039e-02 5.992953772367412668e+00 1.983676241201089152e-02
2.720000000000000000e+03 4.065765189717251342e+05 9.004554682837806467e-02 3.458708539650774683e-02 5.992953772367412668e+00 1.983676241201089152e-02
2.721000000000000000e+03 4.068976230299894232e+05 8.985414282490554461e-02 3.488764468113340206e-02 5.992953772367412668e+00 1.983676241201089152e-02
2.722000000000000000e+03 4.072166373697114759e+05 8.966273882143302454e-02 3.555525552110123250e-02 5.992953772367412668e+00 1.983676241201089152e-02
2.723000000000000000e+03 4.075303583597435500e+05 8.947133481796049059e-02 3.671340701448085747e-02 5.992953772367412668e+00 1.983676241201089152e-02
2.724000000000000000e+03 4.078347979432013235e+05 8.927993081448795665e-02 3.693615113745804535e-02 5.992953772367412668e+00 1.983676241201089152e-02
2.725000000000000000e+03 4.081380597114100237e+05 8.908852681101543658e-02 3.545652494578044323e-02 5.992953772367412668e+00 1.983676241201089152e-02
2.726000000000000000e+03 4.084546854584904504e+05 8.889712280754290263e-02 3.595847049737625756e-02 5.992953772367412668e+00 1.983676241201089152e-02
2.727000000000000000e+03 4.087675754803566961e+05 8.870571880407038257e-02 3.761192656136247425e-02 5.992953772367412668e+00 1.983676241201089152e-02
2.728000000000000000e+03 4.090673819472003379e+05 8.851465515071804679e-02 3.691216986457256793e-02 5.992953772367412668e+00 1.983676241201089152e-02
2.729000000000000000e+03 4.093734678057925194e+05 8.832469689103343569e-02 3.691044237608583772e-02 5.992953772367412668e+00 1.983676241201089152e-02
2.730000000000000000e+03 4.096802468065213761e+05 8.813550367489636495e-02 3.677719458655224344e-02 5.992953772367412668e+00 1.983676241201089152e-02
2.731000000000000000e+03 4.099888019805363147e+05 8.794631045875928033e-02 3.620105982807815537e-02 5.992953772367412668e+00 1.983676241201089152e-02
2.732000000000000000e+03 4.103029712293960620e+05 8.775711724262222346e-02 3.515713520481883458e-02 5.992953772367412668e+00 1.983676241201089152e-02
2.733000000000000000e+03 4.106270954610543558e+05 8.756792402648513884e-02 3.625995776925253211e-02 5.992953772367412668e+00 1.983676241201089152e-02
2.734000000000000000e+03 4.109421223813670222e+05 8.737873081034808198e-02 3.672744636476780317e-02 5.992953772367412668e+00 1.983676241201089152e-02
2.735000000000000000e+03 4.112537594225026551e+05 8.718953759421099736e-02 3.625958693909349384e-02 5.992953772367412668e+00 1.983676241201089152e-02
2.736000000000000000e+03 4.115700788751557120e+05 8.700034437807392662e-02 3.572992348584740768e-02 5.992953772367412668e+00 1.983676241201089152e-02
2.737000000000000000e+03 4.118918556733590667e+05 8.681115116193685588e-02 3.480757924910594936e-02 5.992953772367412668e+00 1.983676241201089152e-02
2.738000000000000000e+03 4.122227988574180636e+05 8.662323617430409128e-02 3.462496039074476617e-02 5.992953772367412668e+00 1.983676241201089152e-02
2.739000000000000000e+03 4.125562282390196924e+05 8.643660953305587480e-02 3.429776869807743545e-02 5.992953772367412668e+00 1.983676241201089152e-02
2.740000000000000000e+03 4.128935534255708335e+05 8.624999300968785865e-02 3.383825012067508825e-02 5.992953772367412668e+00 1.983676241201089152e-02
2.741000000000000000e+03 4.132362012437829981e+05 8.606337648631984250e-02 3.411927835296599959e-02 5.992953772367412668e+00 1.983676241201089152e-02
2.742000000000000000e+03 4.135767710789518896e+05 8.587675996295182634e-02 3.375423230472193031e-02 5.992953772367412668e+00 1.983676241201089152e-02
2.743000000000000000e+03 4.139219570963362930e+05 8.569014343958381019e-02 3.156207609515659929e-02 5.992953772367412668e+00 1.983676241201089152e-02
2.744000000000000000e+03 4.142918196480011684e+05 8.550352691621579404e-02 3.138432774474769760e-02 5.992953772367412668e+00 1.983676241201089152e-02
2.745000000000000000e+03 4.146644756217688555e+05 8.531691039284779177e-02 3.142819430110436324e-02 5.992953772367412668e+00 1.983676241201089152e-02
2.746000000000000000e+03 4.150374909236527747e+05 8.513029386947977561e-02 3.214775989302066928e-02 5.992953772367412668e+00 1.983676241201089152e-02
2.747000000000000000e+03 4.154029285158810671e+05 8.494474134471105553e-02 3.162725498799461021e-02 5.992953772367412668e+00 1.983676241201089152e-02
2.748000000000000000e+03 4.157751550912163802e+05 8.476064350517148460e-02 3.141081862028839711e-02 5.992953772367412668e+00 1.983676241201089152e-02
2.749000000000000000e+03 4.161508657759970520e+05 8.457693635226173900e-02 3.052566618080013866e-02 5.992953772367412668e+00 1.983676241201089152e-02
2.750000000000000000e+03 4.165382354844108340e+05 8.439322919935202116e-02 3.097707907340159841e-02 5.992953772367412668e+00 1.983676241201089152e-02
2.751000000000000000e+03 4.169207539434042992e+05 8.420952204644227557e-02 3.078281310979844726e-02 5.992953772367412668e+00 1.983676241201089152e-02
2.752000000000000000e+03 4.173065622950912802e+05 8.402581489353254385e-02 3.136322017408487567e-02 5.992953772367412668e+00 1.983676241201089152e-02
2.753000000000000000e+03 4.176860303436883260e+05 8.384210774062281213e-02 3.094044318043536954e-02 5.992953772367412668e+00 1.983676241201089152e-02
2.754000000000000000e+03 4.180715274939098745e+05 8.365840058771306653e-02 3.141506410101877617e-02 5.992953772367412668e+00 1.983676241201089152e-02
2.755000000000000000e+03 4.184520463425267371e+05 8.347469343480334869e-02 3.188387005159946941e-02 5.992953772367412668e+00 1.983676241201089152e-02
2.756000000000000000e+03 4.188278071609014296e+05 8.329163276912213143e-02 3.236356203522457176e-02 5.992953772367412668e+00 1.983676241201089152e-02
2.757000000000000000e+03 4.191987956819069223e+05 8.310980819147267828e-02 3.165926546125882174e-02 5.992953772367412668e+00 1.983676241201089152e-02
2.758000000000000000e+03 4.195788720528724371e+05 8.292857321462647480e-02 3.152244643973426547e-02 5.992953772367412668e+00 1.983676241201089152e-02
2.759000000000000000e+03 4.199614541730685160e+05 8.274733823778028519e-02 3.049312056044931746e-02 5.992953772367412668e+00 1.983676241201089152e-02
2.760000000000000000e+03 4.203577876617969596e+05 8.256610326093409558e-02 3.122136938273173054e-02 5.992953772367412668e+00 1.983676241201089152e-02
2.761000000000000000e+03 4.207457534899853636e+05 8.238486828408790597e-02 3.041814324957717655e-02 5.992953772367412668e+00 1.983676241201089152e-02
2.762000000000000000e+03 4.211449981109680375e+05 8.220363330724171635e-02 2.991774128238275376e-02 5.992953772367412668e+00 1.983676241201089152e-02
2.763000000000000000e+03 4.215516208811757388e+05 8.202239833039552674e-02 2.946681633984962398e-02 5.992953772367412668e+00 1.983676241201089152e-02
2.764000000000000000e+03 4.219653910149382427e+05 8.184116335354932326e-02 2.967285975617639862e-02 5.992953772367412668e+00 1.983676241201089152e-02
2.765000000000000000e+03 4.223771799003766500e+05 8.166038900545544155e-02 2.884513013198345896e-02 5.992953772367412668e+00 1.983676241201089152e-02
2.766000000000000000e+03 4.228018501709798002e+05 8.148087974500879682e-02 2.764794216694430734e-02 5.992953772367412668e+00 1.983676241201089152e-02
2.767000000000000000e+03 4.232458101569650462e+05 8.130217494345706730e-02 2.673301480759878584e-02 5.992953772367412668e+00 1.983676241201089152e-02
2.768000000000000000e+03 4.237059981145294150e+05 8.112347014190532390e-02 2.676181629980014381e-02 5.992953772367412668e+00 1.983676241201089152e-02
2.769000000000000000e+03 4.241666886321377242e+05 8.094476534035360826e-02 2.719627022361984989e-02 5.992953772367412668e+00 1.983676241201089152e-02
2.770000000000000000e+03 4.246209659419475356e+05 8.076606053880186487e-02 2.630591615534815658e-02 5.992953772367412668e+00 1.983676241201089152e-02
2.771000000000000000e+03 4.250916744842779008e+05 8.058735573725014922e-02 2.685852219828031157e-02 5.992953772367412668e+00 1.983676241201089152e-02
2.772000000000000000e+03 4.255537451765812002e+05 8.040865093569840583e-02 2.912369242105844122e-02 5.992953772367412668e+00 1.983676241201089152e-02
2.773000000000000000e+03 4.259816988762984984e+05 8.022994613414666243e-02 3.217924934083062072e-02 5.992953772367412668e+00 1.983676241201089152e-02
2.774000000000000000e+03 4.263692979593738564e+05 8.005155812097244916e-02 3.205350186760088510e-02 5.992953772367412668e+00 1.983676241201089152e-02
2.775000000000000000e+03 4.267591380961200339e+05 7.987442781103162859e-02 2.996751443066906356e-02 5.992953772367412668e+00 1.983676241201089152e-02
2.776000000000000000e+03 4.271771919206309831e+05 7.969823841594668445e-02 2.826236522997713912e-02 5.992953772367412668e+00 1.983676241201089152e-02
2.777000000000000000e+03 4.276213354798051296e+05 7.952204902086172644e-02 2.567433501044437405e-02 5.992953772367412668e+00 1.983676241201089152e-02
2.778000000000000000e+03 4.281111906123626977e+05 7.934585962577676843e-02 2.548083849003432780e-02 5.992953772367412668e+00 1.983676241201089152e-02
2.779000000000000000e+03 4.286059318988953601e+05 7.916967023069182430e-02 2.333700000081087925e-02 5.992953772367412668e+00 1.983676241201089152e-02
2.780000000000000000e+03 4.291480567191554583e+05 7.899348083560686629e-02 2.110979189425911395e-02 5.992953772367412668e+00 1.983676241201089152e-02
2.781000000000000000e+03 4.297483015696884249e+05 7.881729144052190827e-02 1.998890190210205267e-02 5.992953772367412668e+00 1.983676241201089152e-02
2.782000000000000000e+03 4.303830608136258670e+05 7.864110204543695026e-02 1.866154758429275362e-02 5.992953772367412668e+00 1.983676241201089152e-02
2.783000000000000000e+03 4.310658717420072644e+05 7.846523164535748607e-02 1.690343114830816090e-02 5.992953772367412668e+00 1.983676241201089152e-02
2.784000000000000000e+03 4.318204480980616645e+05 7.829110049541511407e-02 1.554821589065286634e-02 5.992953772367412668e+00 1.983676241201089152e-02
2.785000000000000000e+03 4.326421265101074241e+05 7.811838960060434045e-02 1.503731700278650336e-02 5.992953772367412668e+00 1.983676241201089152e-02
2.786000000000000000e+03 4.334934780558982748e+05 7.794567870579356683e-02 1.501715786371014653e-02 5.992953772367412668e+00 1.983676241201089152e-02
2.787000000000000000e+03 4.343478094673120650e+05 7.777296781098279321e-02 1.520172720527486476e-02 5.992953772367412668e+00 1.983676241201089152e-02
2.788000000000000000e+03 4.351938288737936527e+05 7.760025691617201959e-02 1.577166362813182260e-02 5.992953772367412668e+00 1.983676241201089152e-02
2.789000000000000000e+03 4.360109217328381492e+05 7.742754602136124598e-02 1.488945715608885889e-02 5.992953772367412668e+00 1.983676241201089152e-02
2.790000000000000000e+03 4.368789926446941681e+05 7.725483512655047236e-02 1.466603922181967425e-02 5.992953772367412668e+00 1.983676241201089152e-02
2.791000000000000000e+03 4.377616123387143016e+05 7.708212423173969874e-02 1.482920298185500148e-02 5.992953772367412668e+00 1.983676241201089152e-02
2.792000000000000000e+03 4.386365471086163307e+05 7.690959407537545367e-02 1.524943501369992009e-02 5.992953772367412668e+00 1.983676241201089152e-02
2.793000000000000000e+03 4.394895059498524060e+05 7.673823624809977817e-02 1.439858114251753307e-02 5.992953772367412668e+00 1.983676241201089152e-02
2.794000000000000000e+03 4.403950345036105718e+05 7.656787001146614369e-02 1.435708500380710080e-02 5.992953772367412668e+00 1.983676241201089152e-02
2.795000000000000000e+03 4.413048819943983108e+05 7.639750377483253696e-02 1.475984243915564632e-02 5.992953772367412668e+00 1.983676241201089152e-02
2.796000000000000000e+03 4.421917145498739555e+05 7.622713753819891636e-02 1.472644908447530432e-02 5.992953772367412668e+00 1.983676241201089152e-02
2.797000000000000000e+03 4.430825383960250765e+05 7.605677130156529575e-02 1.511702560293722540e-02 5.992953772367412668e+00 1.983676241201089152e-02
2.798000000000000000e+03 4.439522873652674025e+05 7.588640506493168902e-02 1.514337533715155032e-02 5.992953772367412668e+00 1.983676241201089152e-02
2.799000000000000000e+03 4.448224944328170968e+05 7.571603882829805454e-02 1.539817398764072032e-02 5.992953772367412668e+00 1.983676241201089152e-02
2.800000000000000000e+03 4.456804520539289806e+05 7.554567259166444781e-02 1.617301883857985567e-02 5.992953772367412668e+00 1.983676241201089152e-02
2.801000000000000000e+03 4.464989258492346271e+05 7.537549251444147780e-02 1.601240920764741144e-02 5.992953772367412668e+00 1.983676241201089152e-02
2.802000000000000000e+03 4.473275246867820388e+05 7.520647197818766672e-02 1.607248334693326883e-02 5.992953772367412668e+00 1.983676241201089152e-02
2.803000000000000000e+03 4.481548522519212565e+05 7.503842482349235010e-02 1.596365936685475301e-02 5.992953772367412668e+00 1.983676241201089152e-02
2.804000000000000000e+03 4.489896668311231770e+05 7.487037766879703349e-02 1.674988994943596085e-02 5.992953772367412668e+00 1.983676241201089152e-02
2.805000000000000000e+03 4.497880321486088797e+05 7.470233051410173075e-02 1.794329188824670199e-02 5.992953772367412668e+00 1.983676241201089152e-02
2.806000000000000000e+03 4.505343182958278921e+05 7.453428335940642802e-02 1.740546357848955436e-02 5.992953772367412668e+00 1.983676241201089152e-02
2.807000000000000000e+03 4.513057401619765442e+05 7.436623620471111140e-02 1.640890767883946416e-02 5.992953772367412668e+00 1.983676241201089152e-02
2.808000000000000000e+03 4.521254465333714033e+05 7.419818905001579479e-02 1.637149229240923709e-02 5.992953772367412668e+00 1.983676241201089152e-02
2.809000000000000000e+03 4.529487147705095122e+05 7.403014189532047817e-02 1.595946926878637553e-02 5.992953772367412668e+00 1.983676241201089152e-02
2.810000000000000000e+03 4.537953003611232270e+05 7.386237427644154474e-02 1.622803766558898048e-02 5.992953772367412668e+00 1.983676241201089152e-02
2.811000000000000000e+03 4.546299320323102293e+05 7.369599746145019670e-02 1.684400128708047131e-02 5.992953772367412668e+00 1.983676241201089152e-02
2.812000000000000000e+03 4.554359136355004739e+05 7.353073191453013413e-02 1.612313572961251648e-02 5.992953772367412668e+00 1.983676241201089152e-02
2.813000000000000000e+03 4.562794262996787438e+05 7.336546636761004381e-02 1.643947634126553120e-02 5.992953772367412668e+00 1.983676241201089152e-02
2.814000000000000000e+03 4.571087357735525584e+05 7.320020082068998124e-02 1.691475999493884455e-02 5.992953772367412668e+00 1.983676241201089152e-02
2.815000000000000000e+03 4.579163981906977133e+05 7.303493527376990480e-02 1.681365823501128343e-02 5.992953772367412668e+00 1.983676241201089152e-02
2.816000000000000000e+03 4.587308565778514021e+05 7.286966972684982835e-02 1.590193913361561545e-02 5.992953772367412668e+00 1.983676241201089152e-02
2.817000000000000000e+03 4.595945153477875865e+05 7.270440417992976578e-02 1.448853403154309362e-02 5.992953772367412668e+00 1.983676241201089152e-02
2.818000000000000000e+03 4.605439801695884089e+05 7.253913863300967546e-02 1.414754796193679227e-02 5.992953772367412668e+00 1.983676241201089152e-02
2.819000000000000000e+03 4.615184349721652106e+05 7.237431450267448052e-02 1.407602268095431257e-02 5.992953772367412668e+00 1.983676241201089152e-02
2.820000000000000000e+03 4.625001071959933615e+05 7.221111226526814864e-02 1.453759505546073014e-02 5.992953772367412668e+00 1.983676241201089152e-02
2.821000000000000000e+03 4.634527620712073985e+05 7.204909050420582606e-02 1.480403457152615863e-02 5.992953772367412668e+00 1.983676241201089152e-02
2.822000000000000000e+03 4.643903407581655774e+05 7.188706874314351736e-02 1.551048255906466687e-02 5.992953772367412668e+00 1.983676241201089152e-02
2.823000000000000000e+03 4.652876322123773280e+05 7.172504698208118090e-02 1.618430293405214576e-02 5.992953772367412668e+00 1.983676241201089152e-02
2.824000000000000000e+03 4.661491015374807175e+05 7.156302522101887220e-02 1.597735278239101678e-02 5.992953772367412668e+00 1.983676241201089152e-02
2.825000000000000000e+03 4.670237234436043655e+05 7.140100345995656350e-02 1.520045757736139362e-02 5.992953772367412668e+00 1.983676241201089152e-02
2.826000000000000000e+03 4.679456867396313464e+05 7.123898169889422705e-02 1.448554895932416091e-02 5.992953772367412668e+00 1.983676241201089152e-02
2.827000000000000000e+03 4.689147981013320386e+05 7.107695993783191835e-02 1.456932600089410994e-02 5.992953772367412668e+00 1.983676241201089152e-02
2.828000000000000000e+03 4.698805502091352246e+05 7.091554512019551670e-02 1.473121397542895457e-02 5.992953772367412668e+00 1.983676241201089152e-02
2.829000000000000000e+03 4.708378868524527061e+05 7.075576812501191415e-02 1.478702197645045090e-02 5.992953772367412668e+00 1.983676241201089152e-02
2.830000000000000000e+03 4.717937719951302861e+05 7.059702200885523138e-02 1.645263228018028004e-02 5.992953772367412668e+00 1.983676241201089152e-02
2.831000000000000000e+03 4.726547667548615718e+05 7.043827589269853473e-02 1.673767321720851312e-02 5.992953772367412668e+00 1.983676241201089152e-02
2.832000000000000000e+03 4.735029801425896003e+05 7.027952977654183808e-02 1.847111899908102789e-02 5.992953772367412668e+00 1.983676241201089152e-02
2.833000000000000000e+03 4.742747586475533899e+05 7.012078366038515531e-02 2.038515875069762950e-02 5.992953772367412668e+00 1.983676241201089152e-02
2.834000000000000000e+03 4.749749349472970935e+05 6.996203754422845866e-02 2.101441181549975126e-02 5.992953772367412668e+00 1.983676241201089152e-02
2.835000000000000000e+03 4.756554259770401404e+05 6.980329142807176201e-02 1.904190362993075231e-02 5.992953772367412668e+00 1.983676241201089152e-02
2.836000000000000000e+03 4.764088146681875223e+05 6.964454531191507924e-02 1.718509645888014956e-02 5.992953772367412668e+00 1.983676241201089152e-02
2.837000000000000000e+03 4.772451940202745609e+05 6.948628923393865287e-02 1.708723633746542930e-02 5.992953772367412668e+00 1.983676241201089152e-02
2.838000000000000000e+03 4.780881485800076043e+05 6.932903354743052970e-02 1.879760311071267814e-02 5.992953772367412668e+00 1.983676241201089152e-02
2.839000000000000000e+03 4.788564851961060776e+05 6.917228821421045337e-02 2.029395300957051104e-02 5.992953772367412668e+00 1.983676241201089152e-02
2.840000000000000000e+03 4.795691622713934048e+05 6.901554288099037704e-02 2.116985338519917006e-02 5.992953772367412668e+00 1.983676241201089152e-02
2.841000000000000000e+03 4.802537064441553084e+05 6.885879754777030071e-02 2.025015995423367493e-02 5.992953772367412668e+00 1.983676241201089152e-02
2.842000000000000000e+03 4.809714640781037742e+05 6.870205221455023825e-02 1.836446747654342168e-02 5.992953772367412668e+00 1.983676241201089152e-02
2.843000000000000000e+03 4.817643543054204201e+05 6.854530688133016192e-02 1.856110197290524594e-02 5.992953772367412668e+00 1.983676241201089152e-02
2.844000000000000000e+03 4.825506988333584741e+05 6.838856154811009946e-02 1.953832950338929564e-02 5.992953772367412668e+00 1.983676241201089152e-02
2.845000000000000000e+03 4.832991621201027301e+05 6.823181621489002313e-02 1.965191167589057722e-02 5.992953772367412668e+00 1.983676241201089152e-02
2.846000000000000000e+03 4.840449582905801362e+05 6.807586242673360766e-02 2.026945232566306626e-02 5.992953772367412668e+00 1.983676241201089152e-02
2.847000000000000000e+03 4.847699209253499284e+05 6.792117196070404650e-02 2.110721926962446510e-02 5.992953772367412668e+00 1.983676241201089152e-02
2.848000000000000000e+03 4.854674667992672184e+05 6.776695327173767880e-02 2.145672539122380276e-02 5.992953772367412668e+00 1.983676241201089152e-02
2.849000000000000000e+03 4.861552573534608819e+05 6.761273458277132498e-02 2.201792041916364462e-02 5.992953772367412668e+00 1.983676241201089152e-02
2.850000000000000000e+03 4.868270377705795690e+05 6.745851589380495728e-02 2.232471473498593914e-02 5.992953772367412668e+00 1.983676241201089152e-02
2.851000000000000000e+03 4.874910419857928646e+05 6.730429720483858957e-02 2.245128405842731351e-02 5.992953772367412668e+00 1.983676241201089152e-02
2.852000000000000000e+03 4.881528258777875453e+05 6.715007851587223575e-02 2.275804893844995958e-02 5.992953772367412668e+00 1.983676241201089152e-02
2.853000000000000000e+03 4.888072912683680770e+05 6.699585982690586805e-02 2.368993424127871505e-02 5.992953772367412668e+00 1.983676241201089152e-02
2.854000000000000000e+03 4.894374459398984909e+05 6.684164113793950035e-02 2.435204319380547197e-02 5.992953772367412668e+00 1.983676241201089152e-02
2.855000000000000000e+03 4.900518504683295614e+05 6.668846624507139553e-02 2.498114677638172548e-02 5.992953772367412668e+00 1.983676241201089152e-02
2.856000000000000000e+03 4.906523944812035770e+05 6.653663209514856791e-02 2.575741842136397911e-02 5.992953772367412668e+00 1.983676241201089152e-02
2.857000000000000000e+03 4.912360446316071320e+05 6.638509489207275460e-02 2.496369734421848702e-02 5.992953772367412668e+00 1.983676241201089152e-02
2.858000000000000000e+03 4.918394974324436043e+05 6.623355768899694129e-02 2.507922331343237152e-02 5.992953772367412668e+00 1.983676241201089152e-02
2.859000000000000000e+03 4.924415345966183813e+05 6.608202048592112798e-02 2.424130334957250513e-02 5.992953772367412668e+00 1.983676241201089152e-02
2.860000000000000000e+03 4.930659251436180784e+05 6.593048328284531467e-02 2.339966972108332294e-02 5.992953772367412668e+00 1.983676241201089152e-02
2.861000000000000000e+03 4.937141910550660104e+05 6.577894607976951524e-02 2.291356614908230532e-02 5.992953772367412668e+00 1.983676241201089152e-02
2.862000000000000000e+03 4.943776808113318984e+05 6.562740887669370193e-02 2.272289079911001680e-02 5.992953772367412668e+00 1.983676241201089152e-02
2.863000000000000000e+03 4.950482570568338269e+05 6.547587167361788862e-02 2.272565184732280863e-02 5.992953772367412668e+00 1.983676241201089152e-02
2.864000000000000000e+03 4.957203430504809367e+05 6.532635978294105972e-02 2.228054705267957722e-02 5.992953772367412668e+00 1.983676241201089152e-02
2.865000000000000000e+03 4.964073697993402602e+05 6.517899927387103831e-02 2.203515196405685106e-02 5.992953772367412668e+00 1.983676241201089152e-02
2.866000000000000000e+03 4.971036458554907585e+05 6.503176483400884000e-02 2.219483079285701141e-02 5.992953772367412668e+00 1.983676241201089152e-02
2.867000000000000000e+03 4.977964910680353642e+05 6.488453039414664170e-02 2.219331311776678514e-02 5.992953772367412668e+00 1.983676241201089152e-02
2.868000000000000000e+03 4.984909561212198460e+05 6.473729595428445727e-02 2.201917680203234126e-02 5.992953772367412668e+00 1.983676241201089152e-02
2.869000000000000000e+03 4.991924872820539749e+05 6.459006151442225896e-02 2.201048906189886564e-02 5.992953772367412668e+00 1.983676241201089152e-02
2.870000000000000000e+03 4.998959089693851420e+05 6.444282707456006065e-02 2.200229594862602653e-02 5.992953772367412668e+00 1.983676241201089152e-02
2.871000000000000000e+03 5.006012025003854651e+05 6.429559263469786234e-02 2.205049924163591038e-02 5.992953772367412668e+00 1.983676241201089152e-02
2.872000000000000000e+03 5.013066363379586837e+05 6.414845495880577841e-02 2.131038558494446553e-02 5.992953772367412668e+00 1.983676241201089152e-02
2.873000000000000000e+03 5.020382282715390320e+05 6.400220726079072775e-02 2.108094663268566052e-02 5.992953772367412668e+00 1.983676241201089152e-02
2.874000000000000000e+03 5.027794188345247530e+05 6.385675277668260985e-02 2.077412294205788212e-02 5.992953772367412668e+00 1.983676241201089152e-02
2.875000000000000000e+03 5.035333040720497374e+05 6.371129829257449195e-02 2.110795537466172295e-02 5.992953772367412668e+00 1.983676241201089152e-02
2.876000000000000000e+03 5.042769486721408321e+05 6.356584380846636018e-02 2.114727587112120305e-02 5.992953772367412668e+00 1.983676241201089152e-02
2.877000000000000000e+03 5.050208798456497607e+05 6.342038932435822840e-02 2.140988330012405169e-02 5.992953772367412668e+00 1.983676241201089152e-02
2.878000000000000000e+03 5.057573483181078918e+05 6.327493484025011050e-02 2.132747915930760865e-02 5.992953772367412668e+00 1.983676241201089152e-02
2.879000000000000000e+03 5.064986813496961258e+05 6.312948035614199260e-02 1.985832157496163902e-02 5.992953772367412668e+00 1.983676241201089152e-02
2.880000000000000000e+03 5.072966524608868640e+05 6.298402587203386083e-02 2.003919774465691764e-02 5.992953772367412668e+00 1.983676241201089152e-02
2.881000000000000000e+03 5.080891302894508117e+05 6.283893336460000256e-02 2.069271982884900857e-02 5.992953772367412668e+00 1.983676241201089152e-02
2.882000000000000000e+03 5.088582133907862008e+05 6.269516494486496172e-02 2.070744727454199713e-02 5.992953772367412668e+00 1.983676241201089152e-02
2.883000000000000000e+03 5.096285551664922386e+05 6.255235863615452030e-02 1.878688497078469938e-02 5.992953772367412668e+00 1.983676241201089152e-02
2.884000000000000000e+03 5.104804500984937767e+05 6.240955232744406500e-02 1.851115808685081104e-02 5.992953772367412668e+00 1.983676241201089152e-02
2.885000000000000000e+03 5.113460804570154287e+05 6.226674601873361664e-02 1.869420341299334390e-02 5.992953772367412668e+00 1.983676241201089152e-02
2.886000000000000000e+03 5.122051825862558908e+05 6.212393971002316828e-02 1.841249309997660885e-02 5.992953772367412668e+00 1.983676241201089152e-02
2.887000000000000000e+03 5.130794427401857101e+05 6.198113340131271298e-02 1.844225895015089850e-02 5.992953772367412668e+00 1.983676241201089152e-02
2.888000000000000000e+03 5.139543581580130267e+05 6.183832709260225768e-02 1.878715555857986969e-02 5.992953772367412668e+00 1.983676241201089152e-02
2.889000000000000000e+03 5.148151278662969125e+05 6.169552078389180932e-02 1.905652548595130127e-02 5.992953772367412668e+00 1.983676241201089152e-02
2.890000000000000000e+03 5.156659740194028709e+05 6.155352544179409913e-02 1.989227082962657586e-02 5.992953772367412668e+00 1.983676241201089152e-02
2.891000000000000000e+03 5.164827185798600549e+05 6.141340024708510925e-02 1.991694864714179183e-02 5.992953772367412668e+00 1.983676241201089152e-02
2.892000000000000000e+03 5.173003866623367649e+05 6.127433423315209460e-02 2.122589847716896752e-02 5.992953772367412668e+00 1.983676241201089152e-02
2.893000000000000000e+03 5.180694620755905635e+05 6.113526821921907994e-02 2.099779088893053910e-02 5.992953772367412668e+00 1.983676241201089152e-02
2.894000000000000000e+03 5.188485167728535598e+05 6.099620220528606529e-02 2.147474554244434980e-02 5.992953772367412668e+00 1.983676241201089152e-02
2.895000000000000000e+03 5.196122720816456131e+05 6.085713619135305064e-02 2.221482177976326702e-02 5.992953772367412668e+00 1.983676241201089152e-02
2.896000000000000000e+03 5.203519889925965690e+05 6.071807017742002904e-02 2.263364965494876063e-02 5.992953772367412668e+00 1.983676241201089152e-02
2.897000000000000000e+03 5.210796637673412333e+05 6.057900416348701439e-02 2.294160231132190420e-02 5.992953772367412668e+00 1.983676241201089152e-02
2.898000000000000000e+03 5.217992342557815718e+05 6.043993814955399974e-02 2.295313436552088790e-02 5.992953772367412668e+00 1.983676241201089152e-02
2.899000000000000000e+03 5.225200766955155414e+05 6.030175064837961507e-02 2.304181453008808875e-02 5.992953772367412668e+00 1.983676241201089152e-02
2.900000000000000000e+03 5.232397856869352981e+05 6.016506818607822438e-02 2.269896490248297927e-02 5.992953772367412668e+00 1.983676241201089152e-02
2.901000000000000000e+03 5.239721690430653980e+05 6.002901224989121154e-02 2.265692013890518997e-02 5.992953772367412668e+00 1.983676241201089152e-02
2.902000000000000000e+03 5.247074875979424687e+05 5.989295631370419176e-02 2.226928065599545828e-02 5.992953772367412668e+00 1.983676241201089152e-02
2.903000000000000000e+03 5.254578700432849582e+05 5.975690037751717198e-02 2.055523874667376794e-02 5.992953772367412668e+00 1.983676241201089152e-02
2.904000000000000000e+03 5.262722231950818095e+05 5.962084444133015915e-02 2.075313586623375381e-02 5.992953772367412668e+00 1.983676241201089152e-02
2.905000000000000000e+03 5.270804524899508106e+05 5.948478850514314631e-02 2.069277145629716888e-02 5.992953772367412668e+00 1.983676241201089152e-02
2.906000000000000000e+03 5.278929533287161030e+05 5.934873256895612653e-02 2.057621170239699523e-02 5.992953772367412668e+00 1.983676241201089152e-02
2.907000000000000000e+03 5.287119858120643767e+05 5.921267663276910675e-02 2.057108856663768942e-02 5.992953772367412668e+00 1.983676241201089152e-02
2.908000000000000000e+03 5.295331851515575545e+05 5.907746270333258387e-02 2.028229354702447418e-02 5.992953772367412668e+00 1.983676241201089152e-02
2.909000000000000000e+03 5.303678388613023562e+05 5.894342383133026331e-02 2.055096263879300361e-02 5.992953772367412668e+00 1.983676241201089152e-02
2.910000000000000000e+03 5.311934073329255916e+05 5.880971801001165511e-02 2.081715638571924806e-02 5.992953772367412668e+00 1.983676241201089152e-02
2.911000000000000000e+03 5.320105422455363441e+05 5.867601218869303997e-02 2.149203851606564658e-02 5.992953772367412668e+00 1.983676241201089152e-02
2.912000000000000000e+03 5.328035511366371065e+05 5.854230636737443177e-02 2.073012319368715273e-02 5.992953772367412668e+00 1.983676241201089152e-02
2.913000000000000000e+03 5.336278078136711847e+05 5.840860054605582358e-02 1.918433970004067637e-02 5.992953772367412668e+00 1.983676241201089152e-02
2.914000000000000000e+03 5.345206187927760184e+05 5.827489472473720844e-02 1.716022693700845411e-02 5.992953772367412668e+00 1.983676241201089152e-02
2.915000000000000000e+03 5.355215119406050071e+05 5.814118890341860024e-02 1.619000942686866715e-02 5.992953772367412668e+00 1.983676241201089152e-02
2.916000000000000000e+03 5.365839705026099691e+05 5.800748308209999204e-02 1.576529689990571748e-02 5.992953772367412668e+00 1.983676241201089152e-02
2.917000000000000000e+03 5.376774417832767358e+05 5.787529662201319064e-02 1.609664898129089389e-02 5.992953772367412668e+00 1.983676241201089152e-02
2.918000000000000000e+03 5.387509974557849346e+05 5.774496120644953545e-02 1.682629837428969988e-02 5.992953772367412668e+00 1.983676241201089152e-02
2.919000000000000000e+03 5.397803254212869797e+05 5.761495747417720581e-02 1.695662144696410273e-02 5.992953772367412668e+00 1.983676241201089152e-02
2.920000000000000000e+03 5.408039238273679512e+05 5.748495374190489005e-02 1.704599449654953941e-02 5.992953772367412668e+00 1.983676241201089152e-02
2.921000000000000000e+03 5.418244597926804563e+05 5.735495000963256734e-02 1.635317619593445321e-02 5.992953772367412668e+00 1.983676241201089152e-02
2.922000000000000000e+03 5.428915842556946445e+05 5.722494627736024464e-02 1.585051478923644314e-02 5.992953772367412668e+00 1.983676241201089152e-02
2.923000000000000000e+03 5.439941488983442541e+05 5.709494254508792888e-02 1.610756041684779580e-02 5.992953772367412668e+00 1.983676241201089152e-02
2.924000000000000000e+03 5.450815395682341186e+05 5.696493881281559923e-02 1.632480345323588516e-02 5.992953772367412668e+00 1.983676241201089152e-02
2.925000000000000000e+03 5.461569861366357654e+05 5.683493508054328347e-02 1.643616077030816622e-02 5.992953772367412668e+00 1.983676241201089152e-02
2.926000000000000000e+03 5.472275460810895311e+05 5.670588262799289986e-02 1.585406014528449245e-02 5.992953772367412668e+00 1.983676241201089152e-02
2.927000000000000000e+03 5.483400009784137364e+05 5.657789453715513645e-02 1.539769270837002858e-02 5.992953772367412668e+00 1.983676241201089152e-02
2.928000000000000000e+03 5.494879789190334268e+05 5.645001952830806108e-02 1.624578231773983472e-02 5.992953772367412668e+00 1.983676241201089152e-02
2.929000000000000000e+03 5.505799074943413725e+05 5.632214451946097877e-02 1.685920199494094635e-02 5.992953772367412668e+00 1.983676241201089152e-02
2.930000000000000000e+03 5.516330902847596444e+05 5.619426951061390341e-02 1.757283820629444368e-02 5.992953772367412668e+00 1.983676241201089152e-02
2.931000000000000000e+03 5.526469544099852210e+05 5.606639450176682804e-02 1.878533947399841156e-02 5.992953772367412668e+00 1.983676241201089152e-02
2.932000000000000000e+03 5.535967114210689906e+05 5.593851949291975267e-02 1.761114776130734763e-02 5.992953772367412668e+00 1.983676241201089152e-02
2.933000000000000000e+03 5.546121847613663413e+05 5.581064448407267037e-02 1.791620169860981548e-02 5.992953772367412668e+00 1.983676241201089152e-02
2.934000000000000000e+03 5.556130714956831653e+05 5.568276947522559500e-02 1.990388166647006490e-02 5.992953772367412668e+00 1.983676241201089152e-02
2.935000000000000000e+03 5.565162811409678543e+05 5.555638108102800565e-02 2.185762524224814027e-02 5.992953772367412668e+00 1.983676241201089152e-02
2.936000000000000000e+03 5.573408970872578211e+05 5.543159607597714089e-02 2.394524522237273176e-02 5.992953772367412668e+00 1.983676241201089152e-02
2.937000000000000000e+03 5.580944314149601851e+05 5.530692784542350082e-02 2.207524431727118236e-02 5.992953772367412668e+00 1.983676241201089152e-02
2.938000000000000000e+03 5.589143330124975182e+05 5.518225961486986769e-02 2.063018422327403054e-02 5.992953772367412668e+00 1.983676241201089152e-02
2.939000000000000000e+03 5.597932266377457418e+05 5.505759138431623456e-02 1.927034774937036454e-02 5.992953772367412668e+00 1.983676241201089152e-02
2.940000000000000000e+03 5.607365732306070859e+05 5.493292315376259449e-02 1.753159055581789486e-02 5.992953772367412668e+00 1.983676241201089152e-02
2.941000000000000000e+03 5.617755208638330223e+05 5.480825492320896136e-02 1.886292195648505213e-02 5.992953772367412668e+00 1.983676241201089152e-02
2.942000000000000000e+03 5.627434370898078196e+05 5.468358669265532823e-02 1.975377243530930527e-02 5.992953772367412668e+00 1.983676241201089152e-02
2.943000000000000000e+03 5.636694064330924302e+05 5.455891846210168816e-02 2.069181060765671459e-02 5.992953772367412668e+00 1.983676241201089152e-02
2.944000000000000000e+03 5.645554658504764084e+05 5.443593546473511624e-02 2.199915653734328333e-02 5.992953772367412668e+00 1.983676241201089152e-02
2.945000000000000000e+03 5.653906876769916853e+05 5.431480078793225752e-02 2.298663256923915224e-02 5.992953772367412668e+00 1.983676241201089152e-02
2.946000000000000000e+03 5.661917513787666103e+05 5.419382919850607161e-02 2.404349377276137484e-02 5.992953772367412668e+00 1.983676241201089152e-02
2.947000000000000000e+03 5.669593894901589956e+05 5.407285760907988570e-02 2.551616727239290616e-02 5.992953772367412668e+00 1.983676241201089152e-02
2.948000000000000000e+03 5.676842686566401972e+05 5.395188601965369979e-02 2.546483451492407776e-02 5.992953772367412668e+00 1.983676241201089152e-02
2.949000000000000000e+03 5.684124218633718556e+05 5.383091443022752082e-02 2.578046929197175610e-02 5.992953772367412668e+00 1.983676241201089152e-02
2.950000000000000000e+03 5.691330215749519411e+05 5.370994284080133491e-02 2.635358086722852308e-02 5.992953772367412668e+00 1.983676241201089152e-02
2.951000000000000000e+03 5.698397338104344672e+05 5.358897125137514900e-02 2.636668663630794066e-02 5.992953772367412668e+00 1.983676241201089152e-02
2.952000000000000000e+03 5.705475681527603883e+05 5.346799966194896309e-02 2.645122344713148402e-02 5.992953772367412668e+00 1.983676241201089152e-02
2.953000000000000000e+03 5.712546314749204321e+05 5.334892741813694605e-02 2.682918158403064732e-02 5.992953772367412668e+00 1.983676241201089152e-02
2.954000000000000000e+03 5.719533223852610681e+05 5.323212540884295074e-02 2.649094380855496547e-02 5.992953772367412668e+00 1.983676241201089152e-02
2.955000000000000000e+03 5.726624440595861524e+05 5.311569428845282215e-02 2.672625011917497892e-02 5.992953772367412668e+00 1.983676241201089152e-02
2.956000000000000000e+03 5.733668750446918420e+05 5.299926316806270743e-02 2.633078894953756049e-02 5.992953772367412668e+00 1.983676241201089152e-02
2.957000000000000000e+03 5.740835450042403536e+05 5.288283204767257883e-02 2.643347715323760005e-02 5.992953772367412668e+00 1.983676241201089152e-02
2.958000000000000000e+03 5.747990423271383625e+05 5.276640092728245718e-02 2.646925415169310361e-02 5.992953772367412668e+00 1.983676241201089152e-02
2.959000000000000000e+03 5.755153523798012175e+05 5.264996980689233552e-02 2.698138339953773737e-02 5.992953772367412668e+00 1.983676241201089152e-02
2.960000000000000000e+03 5.762193864817930153e+05 5.253353868650220693e-02 2.757107502057561457e-02 5.992953772367412668e+00 1.983676241201089152e-02
2.961000000000000000e+03 5.769098503080093069e+05 5.241710756611209221e-02 2.678356235438894908e-02 5.992953772367412668e+00 1.983676241201089152e-02
2.962000000000000000e+03 5.776225056967088021e+05 5.230124200848397520e-02 2.594669729634747554e-02 5.992953772367412668e+00 1.983676241201089152e-02
2.963000000000000000e+03 5.783594346251275856e+05 5.218619982211464975e-02 2.591158353136386802e-02 5.992953772367412668e+00 1.983676241201089152e-02
2.964000000000000000e+03 5.790990331571238348e+05 5.207141544424211815e-02 2.675543818665097884e-02 5.992953772367412668e+00 1.983676241201089152e-02
2.965000000000000000e+03 5.798169977764810901e+05 5.195663106636958656e-02 2.805852943204631758e-02 5.992953772367412668e+00 1.983676241201089152e-02
2.966000000000000000e+03 5.805032777867264813e+05 5.184184668849706190e-02 2.854115948897865615e-02 5.992953772367412668e+00 1.983676241201089152e-02
2.967000000000000000e+03 5.811791207580603659e+05 5.172706231062453031e-02 2.830824105218261375e-02 5.992953772367412668e+00 1.983676241201089152e-02
2.968000000000000000e+03 5.818622209397213301e+05 5.161227793275199871e-02 2.542116438721570004e-02 5.992953772367412668e+00 1.983676241201089152e-02
2.969000000000000000e+03 5.826258119943554047e+05 5.149749355487946711e-02 2.303188809795254227e-02 5.992953772367412668e+00 1.983676241201089152e-02
2.970000000000000000e+03 5.834700824520542519e+05 5.138270917700693552e-02 2.082278891893843062e-02 5.992953772367412668e+00 1.983676241201089152e-02
2.971000000000000000e+03 5.844061529356784886e+05 5.126854092561937415e-02 1.823542077186371055e-02 5.992953772367412668e+00 1.983676241201089152e-02
2.972000000000000000e+03 5.854771961463746848e+05 5.115573257525161954e-02 1.747318362307890074e-02 5.992953772367412668e+00 1.983676241201089152e-02
2.973000000000000000e+03 5.865967476621387759e+05 5.104366799941870148e-02 1.846321222120147695e-02 5.992953772367412668e+00 1.983676241201089152e-02
2.974000000000000000e+03 5.876578969890461303e+05 5.093160342358576953e-02 1.802829729152322785e-02 5.992953772367412668e+00 1.983676241201089152e-02
2.975000000000000000e+03 5.887478802556942683e+05 5.081953884775285146e-02 1.773029359773189984e-02 5.992953772367412668e+00 1.983676241201089152e-02
2.976000000000000000e+03 5.898587759072697954e+05 5.070747427191991952e-02 1.971985163030030852e-02 5.992953772367412668e+00 1.983676241201089152e-02
2.977000000000000000e+03 5.908602986869408051e+05 5.059540969608700145e-02 2.163367188298997643e-02 5.992953772367412668e+00 1.983676241201089152e-02
2.978000000000000000e+03 5.917745692245321115e+05 5.048334512025406950e-02 2.229001757706954717e-02 5.992953772367412668e+00 1.983676241201089152e-02
2.979000000000000000e+03 5.926641337086152053e+05 5.037128054442115144e-02 1.931264189783344146e-02 5.992953772367412668e+00 1.983676241201089152e-02
2.980000000000000000e+03 5.936932690538640600e+05 5.025950114652462386e-02 1.947713187813775518e-02 5.992953772367412668e+00 1.983676241201089152e-02
2.981000000000000000e+03 5.947152148183682002e+05 5.015008357273660622e-02 2.046689755574389660e-02 5.992953772367412668e+00 1.983676241201089152e-02
2.982000000000000000e+03 5.956896448332343716e+05 5.004274264512070802e-02 2.132028848689834083e-02 5.992953772367412668e+00 1.983676241201089152e-02
2.983000000000000000e+03 5.966270062502009096e+05 4.993540171750480289e-02 2.165255064237158952e-02 5.992953772367412668e+00 1.983676241201089152e-02
2.984000000000000000e+03 5.975520542665963294e+05 4.982806078988889775e-02 1.984651904351475080e-02 5.992953772367412668e+00 1.983676241201089152e-02
2.985000000000000000e+03 5.985648520095160929e+05 4.972071986227299956e-02 1.772751829218256400e-02 5.992953772367412668e+00 1.983676241201089152e-02
2.986000000000000000e+03 5.997008323044086574e+05 4.961337893465709442e-02 1.768525722465097427e-02 5.992953772367412668e+00 1.983676241201089152e-02
2.987000000000000000e+03 6.008416401079680072e+05 4.950603800704118929e-02 1.872262451911498732e-02 5.992953772367412668e+00 1.983676241201089152e-02
2.988000000000000000e+03 6.019207908604823751e+05 4.939869707942529109e-02 1.934098152021726871e-02 5.992953772367412668e+00 1.983676241201089152e-02
2.989000000000000000e+03 6.029681426410669228e+05 4.929135615180939289e-02 2.046267341724697028e-02 5.992953772367412668e+00 1.983676241201089152e-02
2.990000000000000000e+03 6.039598485802053474e+05 4.918484859828969880e-02 2.033643110645483310e-02 5.992953772367412668e+00 1.983676241201089152e-02
2.991000000000000000e+03 6.049597723035570234e+05 4.907957949519824170e-02 2.024401326662274986e-02 5.992953772367412668e+00 1.983676241201089152e-02
2.992000000000000000e+03 6.059662973914589966e+05 4.897471546843880363e-02 2.046435746028968730e-02 5.992953772367412668e+00 1.983676241201089152e-02
2.993000000000000000e+03 6.069641422764303861e+05 4.886985144167936557e-02 2.101995284951430759e-02 5.992953772367412668e+00 1.983676241201089152e-02
2.994000000000000000e+03 6.079378515979807125e+05 4.876498741491992750e-02 2.161567566159192447e-02 5.992953772367412668e+00 1.983676241201089152e-02
2.995000000000000000e+03 6.088866197434413480e+05 4.866012338816048943e-02 2.224471825543599887e-02 5.992953772367412668e+00 1.983676241201089152e-02
2.996000000000000000e+03 6.098111009944102261e+05 4.855525936140105137e-02 2.373073865024799903e-02 5.992953772367412668e+00 1.983676241201089152e-02
2.997000000000000000e+03 6.106796994804203277e+05 4.845039533464161330e-02 2.468583946323592987e-02 5.992953772367412668e+00 1.983676241201089152e-02
2.998000000000000000e+03 6.115158433209208306e+05 4.834553130788217523e-02 2.530016773096850982e-02 5.992953772367412668e+00 1.983676241201089152e-02
2.999000000000000000e+03 6.123334738276647404e+05 4.824087409170188523e-02 2.627228822195174993e-02 5.992953772367412668e+00 1.983676241201089152e-02
3.000000000000000000e+03 6.131225755441049114e+05 4.813851516579361473e-02 2.712833449658227924e-02 5.992953772367412668e+00 1.983676241201089152e-02
3.001000000000000000e+03 6.138883744725596625e+05 4.803824771957822953e-02 2.725077057625742427e-02 5.992953772367412668e+00 1.983676241201089152e-02
3.002000000000000000e+03 6.146522845520103583e+05 4.793798027336285128e-02 2.672408208420632911e-02 5.992953772367412668e+00 1.983676241201089152e-02
3.003000000000000000e+03 6.154329038155942690e+05 4.783771282714746609e-02 2.693044186696522471e-02 5.992953772367412668e+00 1.983676241201089152e-02
3.004000000000000000e+03 6.162092297816366190e+05 4.773744538093208090e-02 2.767183387943950024e-02 5.992953772367412668e+00 1.983676241201089152e-02
3.005000000000000000e+03 6.169663088679037755e+05 4.763717793471669570e-02 2.778533585519885399e-02 5.992953772367412668e+00 1.983676241201089152e-02
3.006000000000000000e+03 6.177218754310240038e+05 4.753691048850131051e-02 2.745306829482440161e-02 5.992953772367412668e+00 1.983676241201089152e-02
3.007000000000000000e+03 6.184881931933958549e+05 4.743664304228592532e-02 2.751623867859776668e-02 5.992953772367412668e+00 1.983676241201089152e-02
3.008000000000000000e+03 6.192543527901392663e+05 4.733637559607054013e-02 2.751761177905260106e-02 5.992953772367412668e+00 1.983676241201089152e-02
3.009000000000000000e+03 6.200221322908818256e+05 4.723656764598493929e-02 2.681515369061544113e-02 5.992953772367412668e+00 1.983676241201089152e-02
3.010000000000000000e+03 6.208117720251436112e+05 4.713807556378980801e-02 2.581734753658909004e-02 5.992953772367412668e+00 1.983676241201089152e-02
3.011000000000000000e+03 6.216337621300183237e+05 4.704043985335537581e-02 2.560133437296140124e-02 5.992953772367412668e+00 1.983676241201089152e-02
3.012000000000000000e+03 6.224641665512523614e+05 4.694280414292092973e-02 2.587186452974470086e-02 5.992953772367412668e+00 1.983676241201089152e-02
3.013000000000000000e+03 6.232876035048736958e+05 4.684516843248649753e-02 2.615763160110829572e-02 5.992953772367412668e+00 1.983676241201089152e-02
3.014000000000000000e+03 6.241037551612778334e+05 4.674753272205205146e-02 2.622632717834931168e-02 5.992953772367412668e+00 1.983676241201089152e-02
3.015000000000000000e+03 6.249194668809166178e+05 4.664989701161761926e-02 2.595978877098637297e-02 5.992953772367412668e+00 1.983676241201089152e-02
3.016000000000000000e+03 6.257452516794668045e+05 4.655226130118318706e-02 2.531733455714360592e-02 5.992953772367412668e+00 1.983676241201089152e-02
3.017000000000000000e+03 6.265938685659848852e+05 4.645462559074874098e-02 2.454739753892964602e-02 5.992953772367412668e+00 1.983676241201089152e-02
3.018000000000000000e+03 6.274708049787848722e+05 4.635698988031430878e-02 2.468947366664553389e-02 5.992953772367412668e+00 1.983676241201089152e-02
3.019000000000000000e+03 6.283445421352607664e+05 4.626003771836419143e-02 2.526929226724401734e-02 5.992953772367412668e+00 1.983676241201089152e-02
3.020000000000000000e+03 6.292000884909982560e+05 4.616469792162411490e-02 2.489036937982494826e-02 5.992953772367412668e+00 1.983676241201089152e-02
3.021000000000000000e+03 6.300709669228889979e+05 4.607028694160975046e-02 2.192445772952636429e-02 5.992953772367412668e+00 1.983676241201089152e-02
3.022000000000000000e+03 6.310634577421278227e+05 4.597587596159538603e-02 1.895085231582232382e-02 5.992953772367412668e+00 1.983676241201089152e-02
3.023000000000000000e+03 6.322158372728771064e+05 4.588146498158103548e-02 1.578008221695923960e-02 5.992953772367412668e+00 1.983676241201089152e-02
3.024000000000000000e+03 6.336019830342545174e+05 4.578705400156667105e-02 1.430220413991681143e-02 5.992953772367412668e+00 1.983676241201089152e-02
3.025000000000000000e+03 6.351291224877912318e+05 4.569264302155232049e-02 1.434544091319175409e-02 5.992953772367412668e+00 1.983676241201089152e-02
3.026000000000000000e+03 6.366549945687762229e+05 4.559823204153795606e-02 1.447112887516044388e-02 5.992953772367412668e+00 1.983676241201089152e-02
3.027000000000000000e+03 6.381706669041413115e+05 4.550382106152360551e-02 1.412261356392597970e-02 5.992953772367412668e+00 1.983676241201089152e-02
3.028000000000000000e+03 6.397270962620351929e+05 4.540941008150924108e-02 1.442540895226881482e-02 5.992953772367412668e+00 1.983676241201089152e-02
3.029000000000000000e+03 6.412539571559921606e+05 4.531509369814507027e-02 1.428094134641749030e-02 5.992953772367412668e+00 1.983676241201089152e-02
3.030000000000000000e+03 6.427995581462875707e+05 4.522111177333558441e-02 1.432623765871066795e-02 5.992953772367412668e+00 1.983676241201089152e-02
3.031000000000000000e+03 6.443439678922015009e+05 4.512736971043060374e-02 1.540907450989796069e-02 5.992953772367412668e+00 1.983676241201089152e-02
3.032000000000000000e+03 6.457845110749122687e+05 4.503362764752562308e-02 1.632086723288008953e-02 5.992953772367412668e+00 1.983676241201089152e-02
3.033000000000000000e+03 6.471455731181818992e+05 4.493988558462064936e-02 1.618153999607524138e-02 5.992953772367412668e+00 1.983676241201089152e-02
3.034000000000000000e+03 6.485210317449884024e+05 4.484614352171567564e-02 1.635021332421575380e-02 5.992953772367412668e+00 1.983676241201089152e-02
3.035000000000000000e+03 6.498852382871870650e+05 4.475240145881069498e-02 1.680805083911301318e-02 5.992953772367412668e+00 1.983676241201089152e-02
3.036000000000000000e+03 6.512149607785436092e+05 4.465865939590571432e-02 1.638874535736954685e-02 5.992953772367412668e+00 1.983676241201089152e-02
3.037000000000000000e+03 6.525814191973747220e+05 4.456491733300074060e-02 1.601570565690887959e-02 5.992953772367412668e+00 1.983676241201089152e-02
3.038000000000000000e+03 6.539825235129756620e+05 4.447117527009576687e-02 1.595465589855695268e-02 5.992953772367412668e+00 1.983676241201089152e-02
3.039000000000000000e+03 6.553917243903799681e+05 4.437743320719078621e-02 1.705558161763138375e-02 5.992953772367412668e+00 1.983676241201089152e-02
3.040000000000000000e+03 6.567129791098410496e+05 4.428922879656133071e-02 1.750066371594560105e-02 5.992953772367412668e+00 1.983676241201089152e-02
3.041000000000000000e+03 6.580026422732990468e+05 4.420730988699765607e-02 1.635570450257907080e-02 5.992953772367412668e+00 1.983676241201089152e-02
3.042000000000000000e+03 6.593862762924268609e+05 4.412613882622421629e-02 1.546201046660514514e-02 5.992953772367412668e+00 1.983676241201089152e-02
3.043000000000000000e+03 6.608520900864844443e+05 4.404496776545078346e-02 1.488551464321094704e-02 5.992953772367412668e+00 1.983676241201089152e-02
3.044000000000000000e+03 6.623772960863887565e+05 4.396379670467735062e-02 1.565168506573984264e-02 5.992953772367412668e+00 1.983676241201089152e-02
3.045000000000000000e+03 6.638312099137634505e+05 4.388262564390391779e-02 1.544670085460510787e-02 5.992953772367412668e+00 1.983676241201089152e-02
3.046000000000000000e+03 6.653077904242908116e+05 4.380145458313047802e-02 1.426471421149073590e-02 5.992953772367412668e+00 1.983676241201089152e-02
3.047000000000000000e+03 6.669089731683210703e+05 4.372028352235704518e-02 1.401287942973861687e-02 5.992953772367412668e+00 1.983676241201089152e-02
3.048000000000000000e+03 6.685415575236543082e+05 4.363911246158361235e-02 1.455869900603617810e-02 5.992953772367412668e+00 1.983676241201089152e-02
3.049000000000000000e+03 6.701172412184964633e+05 4.355794140081017951e-02 1.622185137027049029e-02 5.992953772367412668e+00 1.983676241201089152e-02
3.050000000000000000e+03 6.715348925647591241e+05 4.347675818758892086e-02 1.706535289870211511e-02 5.992953772367412668e+00 1.983676241201089152e-02
3.051000000000000000e+03 6.728830234191276832e+05 4.339550402102983900e-02 1.638118556885832799e-02 5.992953772367412668e+00 1.983676241201089152e-02
3.052000000000000000e+03 6.742907559912998695e+05 4.331419105358077365e-02 1.570238324131407667e-02 5.992953772367412668e+00 1.983676241201089152e-02
3.053000000000000000e+03 6.757613285829189699e+05 4.323287808613170830e-02 1.589287773158919517e-02 5.992953772367412668e+00 1.983676241201089152e-02
3.054000000000000000e+03 6.772171288081528619e+05 4.315156511868264988e-02 1.663731520115114756e-02 5.992953772367412668e+00 1.983676241201089152e-02
3.055000000000000000e+03 6.786108180718726944e+05 4.307025215123358453e-02 1.792096274691439006e-02 5.992953772367412668e+00 1.983676241201089152e-02
3.056000000000000000e+03 6.799072898585511139e+05 4.298893918378451917e-02 1.871088775241000479e-02 5.992953772367412668e+00 1.983676241201089152e-02
3.057000000000000000e+03 6.811510346687908750e+05 4.290762621633545382e-02 1.709246023964604635e-02 5.992953772367412668e+00 1.983676241201089152e-02
3.058000000000000000e+03 6.825148149626910454e+05 4.282631324888638846e-02 1.885139185767580050e-02 5.992953772367412668e+00 1.983676241201089152e-02
3.059000000000000000e+03 6.837562063548904844e+05 4.274500028143732311e-02 1.937476575251933023e-02 5.992953772367412668e+00 1.983676241201089152e-02
3.060000000000000000e+03 6.849654659710684791e+05 4.266368731398825775e-02 1.726394635582399750e-02 5.992953772367412668e+00 1.983676241201089152e-02
3.061000000000000000e+03 6.863247202530849027e+05 4.258254236032198159e-02 1.665729809942670392e-02 5.992953772367412668e+00 1.983676241201089152e-02
3.062000000000000000e+03 6.877348918492895318e+05 4.250307208036298301e-02 1.839582720998095625e-02 5.992953772367412668e+00 1.983676241201089152e-02
3.063000000000000000e+03 6.890158331809983356e+05 4.242510846032847283e-02 1.922328829982392767e-02 5.992953772367412668e+00 1.983676241201089152e-02
3.064000000000000000e+03 6.902420930704134516e+05 4.234714484029396958e-02 1.967678348882203471e-02 5.992953772367412668e+00 1.983676241201089152e-02
3.065000000000000000e+03 6.914427426010860363e+05 4.226918122025946634e-02 2.056693826921041426e-02 5.992953772367412668e+00 1.983676241201089152e-02
3.066000000000000000e+03 6.925932774737424916e+05 4.219121760022495615e-02 2.106201116595454725e-02 5.992953772367412668e+00 1.983676241201089152e-02
3.067000000000000000e+03 6.937189161726082675e+05 4.211325398019045291e-02 2.169023085919782531e-02 5.992953772367412668e+00 1.983676241201089152e-02
3.068000000000000000e+03 6.948139913153611124e+05 4.203529036015594966e-02 2.235377493279196853e-02 5.992953772367412668e+00 1.983676241201089152e-02
3.069000000000000000e+03 6.958783604101049714e+05 4.195732674012143948e-02 2.235972351031658215e-02 5.992953772367412668e+00 1.983676241201089152e-02
3.070000000000000000e+03 6.969445606566624483e+05 4.187936312008692930e-02 2.316754849657496826e-02 5.992953772367412668e+00 1.983676241201089152e-02
3.071000000000000000e+03 6.979753943836060353e+05 4.180139950005243299e-02 2.417477532019737807e-02 5.992953772367412668e+00 1.983676241201089152e-02
3.072000000000000000e+03 6.989651668876820477e+05 4.172343588001792281e-02 2.455303039223617756e-02 5.992953772367412668e+00 1.983676241201089152e-02
3.073000000000000000e+03 6.999414815800877986e+05 4.164676448697627459e-02 2.592164279703037741e-02 5.992953772367412668e+00 1.983676241201089152e-02
3.074000000000000000e+03 7.008682616878689732e+05 4.157236094103649443e-02 2.569166826916266175e-02 5.992953772367412668e+00 1.983676241201089152e-02
3.075000000000000000e+03 7.018045644140385557e+05 4.149893301520572730e-02 2.581191115396180846e-02 5.992953772367412668e+00 1.983676241201089152e-02
3.076000000000000000e+03 7.027382115928344429e+05 4.142550508937495324e-02 2.619956506873628854e-02 5.992953772367412668e+00 1.983676241201089152e-02
3.077000000000000000e+03 7.036597292397498386e+05 4.135207716354417917e-02 2.606989007963567140e-02 5.992953772367412668e+00 1.983676241201089152e-02
3.078000000000000000e+03 7.045874791077653645e+05 4.127864923771340511e-02 2.592415666697894805e-02 5.992953772367412668e+00 1.983676241201089152e-02
3.079000000000000000e+03 7.055221217914252775e+05 4.120522131188263798e-02 2.494241483378457219e-02 5.992953772367412668e+00 1.983676241201089152e-02
3.080000000000000000e+03 7.064957201046928531e+05 4.113179338605187085e-02 2.430145422489810719e-02 5.992953772367412668e+00 1.983676241201089152e-02
3.081000000000000000e+03 7.074964036595281214e+05 4.105836546022109679e-02 2.547016952016093252e-02 5.992953772367412668e+00 1.983676241201089152e-02
3.082000000000000000e+03 7.084530580098158680e+05 4.098493753439032272e-02 2.489799651082172383e-02 5.992953772367412668e+00 1.983676241201089152e-02
3.083000000000000000e+03 7.094332905338155106e+05 4.091150960855954866e-02 2.425831606085147862e-02 5.992953772367412668e+00 1.983676241201089152e-02
3.084000000000000000e+03 7.104413974082035711e+05 4.083808168272878153e-02 2.305875835392921791e-02 5.992953772367412668e+00 1.983676241201089152e-02
3.085000000000000000e+03 7.115035163635375211e+05 4.076570403692405392e-02 2.224597582567666362e-02 5.992953772367412668e+00 1.983676241201089152e-02
3.086000000000000000e+03 7.126062870189613895e+05 4.069549203236597079e-02 2.232655899884695982e-02 5.992953772367412668e+00 1.983676241201089152e-02
3.087000000000000000e+03 7.137071097036901629e+05 4.062639538902849262e-02 2.159652134319401187e-02 5.992953772367412668e+00 1.983676241201089152e-02
3.088000000000000000e+03 7.148470294571107952e+05 4.055729874569100751e-02 2.125183734902874252e-02 5.992953772367412668e+00 1.983676241201089152e-02
3.089000000000000000e+03 7.160076656101761619e+05 4.048820210235352240e-02 2.150819239737649172e-02 5.992953772367412668e+00 1.983676241201089152e-02
3.090000000000000000e+03 7.171565294543860946e+05 4.041910545901604424e-02 2.020596121852150442e-02 5.992953772367412668e+00 1.983676241201089152e-02
3.091000000000000000e+03 7.183823972710627131e+05 4.035000881567855913e-02 1.869564134446704412e-02 5.992953772367412668e+00 1.983676241201089152e-02
3.092000000000000000e+03 7.197093063301367220e+05 4.028091217234107402e-02 1.681500077270571894e-02 5.992953772367412668e+00 1.983676241201089152e-02
3.093000000000000000e+03 7.211902346918309340e+05 4.021181552900358891e-02 1.794821431111886731e-02 5.992953772367412668e+00 1.983676241201089152e-02
3.094000000000000000e+03 7.225787890376035357e+05 4.014271888566611074e-02 1.845238262961483577e-02 5.992953772367412668e+00 1.983676241201089152e-02
3.095000000000000000e+03 7.239309461610651342e+05 4.007362224232862563e-02 1.836197271759489741e-02 5.992953772367412668e+00 1.983676241201089152e-02
3.096000000000000000e+03 7.252906627886062488e+05 4.000452559899114746e-02 1.849542486354988427e-02 5.992953772367412668e+00 1.983676241201089152e-02
3.097000000000000000e+03 7.266426221757263411e+05 3.993542895565366235e-02 1.902921592242272364e-02 5.992953772367412668e+00 1.983676241201089152e-02
3.098000000000000000e+03 7.279589379541750532e+05 3.986865509403314523e-02 1.904044453602191100e-02 5.992953772367412668e+00 1.983676241201089152e-02
3.099000000000000000e+03 7.292800211516525596e+05 3.980526502460048077e-02 2.139651434170870836e-02 5.992953772367412668e+00 1.983676241201089152e-02
3.100000000000000000e+03 7.304543990976293571e+05 3.974293596563871489e-02 2.121785808961746539e-02 5.992953772367412668e+00 1.983676241201089152e-02
3.101000000000000000e+03 7.316404538377895951e+05 3.968060690667694901e-02 2.112451992490631605e-02 5.992953772367412668e+00 1.983676241201089152e-02
3.102000000000000000e+03 7.328337202006325824e+05 3.961827784771518313e-02 2.079343343578059569e-02 5.992953772367412668e+00 1.983676241201089152e-02
3.103000000000000000e+03 7.340490293575291289e+05 3.955594878875341724e-02 1.972718006235591598e-02 5.992953772367412668e+00 1.983676241201089152e-02
3.104000000000000000e+03 7.353319094826811925e+05 3.949361972979165136e-02 1.664266920448061529e-02 5.992953772367412668e+00 1.983676241201089152e-02
3.105000000000000000e+03 7.368582783817647723e+05 3.943129067082988548e-02 1.501668714761180030e-02 5.992953772367412668e+00 1.983676241201089152e-02
3.106000000000000000e+03 7.385479527581232833e+05 3.936896161186811960e-02 1.473457579327001540e-02 5.992953772367412668e+00 1.983676241201089152e-02
3.107000000000000000e+03 7.402726079574478790e+05 3.930663255290635372e-02 1.428667494946704412e-02 5.992953772367412668e+00 1.983676241201089152e-02
3.108000000000000000e+03 7.420540114266746677e+05 3.924430349394458784e-02 1.469287073411011668e-02 5.992953772367412668e+00 1.983676241201089152e-02
3.109000000000000000e+03 7.437890164995393716e+05 3.918197443498282195e-02 1.479609784295858425e-02 5.992953772367412668e+00 1.983676241201089152e-02
3.110000000000000000e+03 7.455145265315694269e+05 3.911964537602104913e-02 1.478640919930676416e-02 5.992953772367412668e+00 1.983676241201089152e-02
3.111000000000000000e+03 7.472439292479875730e+05 3.905731631705928325e-02 1.481300951712035026e-02 5.992953772367412668e+00 1.983676241201089152e-02
3.112000000000000000e+03 7.489729197923931060e+05 3.899638035583126439e-02 1.481507702416505826e-02 5.992953772367412668e+00 1.983676241201089152e-02
3.113000000000000000e+03 7.507044054378337460e+05 3.893691488698373254e-02 1.470721787051106760e-02 5.992953772367412668e+00 1.983676241201089152e-02
3.114000000000000000e+03 7.524512985108610010e+05 3.887752681278292682e-02 1.492773643376781208e-02 5.992953772367412668e+00 1.983676241201089152e-02
3.115000000000000000e+03 7.541751182652370771e+05 3.881813873858212111e-02 1.535968879374798382e-02 5.992953772367412668e+00 1.983676241201089152e-02
3.116000000000000000e+03 7.558532883406175533e+05 3.875875066438131539e-02 1.619640524879243509e-02 5.992953772367412668e+00 1.983676241201089152e-02
3.117000000000000000e+03 7.574481309872692218e+05 3.869936259018050967e-02 1.827703426724059527e-02 5.992953772367412668e+00 1.983676241201089152e-02
3.118000000000000000e+03 7.588660147202676162e+05 3.863997451597970395e-02 1.997931823215192554e-02 5.992953772367412668e+00 1.983676241201089152e-02
3.119000000000000000e+03 7.601622087595228804e+05 3.858058644177889823e-02 1.887103717657577506e-02 5.992953772367412668e+00 1.983676241201089152e-02
3.120000000000000000e+03 7.615368384535016958e+05 3.852119836757809251e-02 1.767204330830204201e-02 5.992953772367412668e+00 1.983676241201089152e-02
3.121000000000000000e+03 7.630080430132955080e+05 3.846181029337728680e-02 1.646662916686634712e-02 5.992953772367412668e+00 1.983676241201089152e-02
3.122000000000000000e+03 7.645877456309609115e+05 3.840242221917648108e-02 1.740357865846170818e-02 5.992953772367412668e+00 1.983676241201089152e-02
3.123000000000000000e+03 7.660859652739486191e+05 3.834303414497567536e-02 1.930112291228684024e-02 5.992953772367412668e+00 1.983676241201089152e-02
3.124000000000000000e+03 7.674387863157585962e+05 3.828364607077486964e-02 2.021882869051764425e-02 5.992953772367412668e+00 1.983676241201089152e-02
3.125000000000000000e+03 7.687311892771603307e+05 3.822425799657406392e-02 1.943406476034411148e-02 5.992953772367412668e+00 1.983676241201089152e-02
3.126000000000000000e+03 7.700789287874480942e+05 3.816486992237325820e-02 1.781039148651538881e-02 5.992953772367412668e+00 1.983676241201089152e-02
3.127000000000000000e+03 7.715511681484353030e+05 3.810885662224888781e-02 1.798451393190877989e-02 5.992953772367412668e+00 1.983676241201089152e-02
3.128000000000000000e+03 7.730112095498670824e+05 3.805656455351215384e-02 1.985791190776858839e-02 5.992953772367412668e+00 1.983676241201089152e-02
3.129000000000000000e+03 7.743366981578905834e+05 3.800461894208662095e-02 2.153581093092375026e-02 5.992953772367412668e+00 1.983676241201089152e-02
3.130000000000000000e+03 7.755595109725290677e+05 3.795267333066110194e-02 2.119139643875621315e-02 5.992953772367412668e+00 1.983676241201089152e-02
3.131000000000000000e+03 7.768040007014290895e+05 3.790072771923556905e-02 2.023878161339945705e-02 5.992953772367412668e+00 1.983676241201089152e-02
3.132000000000000000e+03 7.781085058976182481e+05 3.784878210781005003e-02 2.090995295235601251e-02 5.992953772367412668e+00 1.983676241201089152e-02
3.133000000000000000e+03 7.793735979098201497e+05 3.779683649638451715e-02 2.219332400542508091e-02 5.992953772367412668e+00 1.983676241201089152e-02
3.134000000000000000e+03 7.805671834192039678e+05 3.774489088495899813e-02 2.351764807019110851e-02 5.992953772367412668e+00 1.983676241201089152e-02
3.135000000000000000e+03 7.816948574689424131e+05 3.769294527353346524e-02 2.376952268899648613e-02 5.992953772367412668e+00 1.983676241201089152e-02
3.136000000000000000e+03 7.828121662109546596e+05 3.764099966210794623e-02 2.442795937907755316e-02 5.992953772367412668e+00 1.983676241201089152e-02
3.137000000000000000e+03 7.839009727484792238e+05 3.758905405068241334e-02 2.489291189790159009e-02 5.992953772367412668e+00 1.983676241201089152e-02
3.138000000000000000e+03 7.849707579448177712e+05 3.753710843925689433e-02 2.476829257711402402e-02 5.992953772367412668e+00 1.983676241201089152e-02
3.139000000000000000e+03 7.860474024611015338e+05 3.748516282783136144e-02 2.487063506473169081e-02 5.992953772367412668e+00 1.983676241201089152e-02
3.140000000000000000e+03 7.871212229506702861e+05 3.743321721640584243e-02 2.550685275691615475e-02 5.992953772367412668e+00 1.983676241201089152e-02
3.141000000000000000e+03 7.881695553935210919e+05 3.738127160498030954e-02 2.598754681732763985e-02 5.992953772367412668e+00 1.983676241201089152e-02
3.142000000000000000e+03 7.891999590114066377e+05 3.732932599355479053e-02 2.731349451910468004e-02 5.992953772367412668e+00 1.983676241201089152e-02
3.143000000000000000e+03 7.901819267940205755e+05 3.727738038212925764e-02 2.828967274339752591e-02 5.992953772367412668e+00 1.983676241201089152e-02
3.144000000000000000e+03 7.911310085824000416e+05 3.722927322407265649e-02 2.926787491804851496e-02 5.992953772367412668e+00 1.983676241201089152e-02
3.145000000000000000e+03 7.920495569463464199e+05 3.718534296527715999e-02 2.786073142791023471e-02 5.992953772367412668e+00 1.983676241201089152e-02
3.146000000000000000e+03 7.930170616705608554e+05 3.714175115237382252e-02 2.562498490135448753e-02 5.992953772367412668e+00 1.983676241201089152e-02
3.147000000000000000e+03 7.940693606931237737e+05 3.709815933947048505e-02 2.411735644965436881e-02 5.992953772367412668e+00 1.983676241201089152e-02
3.148000000000000000e+03 7.951892502319684718e+05 3.705456752656714758e-02 2.230862790521161501e-02 5.992953772367412668e+00 1.983676241201089152e-02
3.149000000000000000e+03 7.964021712078866549e+05 3.701097571366381705e-02 2.028966634744825900e-02 5.992953772367412668e+00 1.983676241201089152e-02
3.150000000000000000e+03 7.977372705391346244e+05 3.696738390076048653e-02 1.880751072135941615e-02 5.992953772367412668e+00 1.983676241201089152e-02
3.151000000000000000e+03 7.991790518218541984e+05 3.692379208785714906e-02 1.726102438115461463e-02 5.992953772367412668e+00 1.983676241201089152e-02
3.152000000000000000e+03 8.007541036716433009e+05 3.688020027495381159e-02 1.530186291484058117e-02 5.992953772367412668e+00 1.983676241201089152e-02
3.153000000000000000e+03 8.025314609388593817e+05 3.683660846205047412e-02 1.444528133122217201e-02 5.992953772367412668e+00 1.983676241201089152e-02
3.154000000000000000e+03 8.044153583831656724e+05 3.679301664914714359e-02 1.429579377778940341e-02 5.992953772367412668e+00 1.983676241201089152e-02
3.155000000000000000e+03 8.063212243997907499e+05 3.674942483624381306e-02 1.451904206605447029e-02 5.992953772367412668e+00 1.983676241201089152e-02
3.156000000000000000e+03 8.082000986596585717e+05 3.670583302334047560e-02 1.439527902420677068e-02 5.992953772367412668e+00 1.983676241201089152e-02
3.157000000000000000e+03 8.100975668417010456e+05 3.666224121043713813e-02 1.418410389687470123e-02 5.992953772367412668e+00 1.983676241201089152e-02
3.158000000000000000e+03 8.120255417673615739e+05 3.661864939753380066e-02 1.927296063763868708e-02 5.992953772367412668e+00 1.983676241201089152e-02
3.159000000000000000e+03 8.134606539841500344e+05 3.657505758463047013e-02 1.983676241201089152e-02 5.992953772367412668e+00 1.983676241201089152e-02
3.160000000000000000e+03 8.148426246554101817e+05 3.653146577172713960e-02 1.983676241201089152e-02 5.992953772367412668e+00 1.983676241201089152e-02
3.161000000000000000e+03 8.162262898373121861e+05 3.648787395882380213e-02 1.983676241201089152e-02 5.992953772367412668e+00 1.983676241201089152e-02
3.162000000000000000e+03 8.176116495298562804e+05 3.644428214592046467e-02 1.983676241201089152e-02 5.992953772367412668e+00 1.983676241201089152e-02
3.163000000000000000e+03 8.189987037330423482e+05 3.640069033301712720e-02 1.983676241201089152e-02 5.992953772367412668e+00 1.983676241201089152e-02
3.164000000000000000e+03 8.203874524468702730e+05 nan 1.983676241201089152e-02 5.992953772367412668e+00 1.983676241201089152e-02
3.165000000000000000e+03 8.217778956713402877e+05 nan 1.983676241201089152e-02 5.992953772367412668e+00 1.983676241201089152e-02
3.166000000000000000e+03 8.231700334064523922e+05 nan 1.983676241201089152e-02 5.992953772367412668e+00 1.983676241201089152e-02
3.167000000000000000e+03 8.245638656522063538e+05 nan 1.983676241201089152e-02 5.992953772367412668e+00 1.983676241201089152e-02
3.168000000000000000e+03 8.259593924086024053e+05 nan 1.983676241201089152e-02 5.992953772367412668e+00 1.983676241201089152e-02
3.169000000000000000e+03 8.273566136756405467e+05 nan 1.983676241201089152e-02 5.992953772367412668e+00 1.983676241201089152e-02
3.170000000000000000e+03 8.287555294533205451e+05 nan 1.983676241201089152e-02 5.992953772367412668e+00 1.983676241201089152e-02
3.171000000000000000e+03 8.301561397416424006e+05 nan 1.983676241201089152e-02 5.992953772367412668e+00 1.983676241201089152e-02
3.172000000000000000e+03 8.315584445406064624e+05 nan 1.983676241201089152e-02 5.992953772367412668e+00 1.983676241201089152e-02
3.173000000000000000e+03 8.329624438502122648e+05 nan 1.983676241201089152e-02 5.992953772367412668e+00 1.983676241201089152e-02
3.174000000000000000e+03 8.343681376704603899e+05 nan 1.983676241201089152e-02 5.992953772367412668e+00 1.983676241201089152e-02
3.175000000000000000e+03 8.357755260013503721e+05 nan 1.983676241201089152e-02 5.992953772367412668e+00 1.983676241201089152e-02
3.176000000000000000e+03 8.371846088428823277e+05 nan 1.983676241201089152e-02 5.992953772367412668e+00 1.983676241201089152e-02
3.177000000000000000e+03 8.385953861950562568e+05 nan 1.983676241201089152e-02 5.992953772367412668e+00 1.983676241201089152e-02
3.178000000000000000e+03 8.400078580578721594e+05 nan 1.983676241201089152e-02 5.992953772367412668e+00 1.983676241201089152e-02
3.179000000000000000e+03 8.414220244313302683e+05 nan 1.983676241201089152e-02 5.992953772367412668e+00 1.983676241201089152e-02
3.180000000000000000e+03 8.428378853154300014e+05 nan 1.983676241201089152e-02 5.992953772367412668e+00 1.983676241201089152e-02
3.181000000000000000e+03 8.442554407101720572e+05 nan 1.983676241201089152e-02 5.992953772367412668e+00 1.983676241201089152e-02
3.182000000000000000e+03 8.456746906155558536e+05 nan 1.983676241201089152e-02 5.992953772367412668e+00 1.983676241201089152e-02
3.183000000000000000e+03 8.470956350315817399e+05 nan 1.983676241201089152e-02 5.992953772367412668e+00 1.983676241201089152e-02
3.184000000000000000e+03 8.485182739582498325e+05 nan 1.983676241201089152e-02 5.992953772367412668e+00 1.983676241201089152e-02
3.185000000000000000e+03 8.499426073955596657e+05 nan 1.983676241201089152e-02 5.992953772367412668e+00 1.983676241201089152e-02
3.186000000000000000e+03 8.513686353435114725e+05 nan 1.983676241201089152e-02 5.992953772367412668e+00 1.983676241201089152e-02
3.187000000000000000e+03 8.527963578021053690e+05 nan 1.983676241201089152e-02 5.992953772367412668e+00 1.983676241201089152e-02
3.188000000000000000e+03 8.542257747713412391e+05 nan 1.983676241201089152e-02 5.992953772367412668e+00 1.983676241201089152e-02
3.189000000000000000e+03 8.556568862512191990e+05 nan nan 5.992953772367412668e+00 1.983676241201089152e-02
