# x(km) total_flux accu(m/yr) surf_velocity(m/yr)
5.992953772367413556e+00 1.732826606591577190e-07 1.983676241201089152e-02 8.941828990845288386e-03
6.017044481197364014e+00 1.767832026078742207e-07 1.982879040368611470e-02 8.939864742711101445e-03
6.041134591926824449e+00 1.803544601947746729e-07 1.982922488804132397e-02 8.936181952925250499e-03
6.065212077697321291e+00 1.839978619705112427e-07 1.982965914469533159e-02 8.936219503676710169e-03
6.089310595764139578e+00 1.877148653443735237e-07 1.983009378068357337e-02 8.939586988789008370e-03
6.113404697595396620e+00 1.915069571672725148e-07 1.983052833702148368e-02 8.938225910948734143e-03
6.137497725675735261e+00 1.953756543264978799e-07 1.983096287399344071e-02 8.934069828382502562e-03
6.161587763276258123e+00 1.993225043524972525e-07 1.983139735702971196e-02 8.933582940599938890e-03
6.185676961387713391e+00 2.033490860379064690e-07 1.983183182492512589e-02 8.936606211475734210e-03
6.209791211638341579e+00 2.074570100690881755e-07 1.983226674465584857e-02 8.936876430195892645e-03
6.233879046782400124e+00 2.116479196704278096e-07 1.983270118796905818e-02 8.932301893163093962e-03
6.257974092164669599e+00 2.159234912616455409e-07 1.983313576132466477e-02 8.931338639854055628e-03
6.282070327977300472e+00 2.202854351283861932e-07 1.983357035615063158e-02 8.933889456259802922e-03
6.306177550750129868e+00 2.247354961063572748e-07 1.982966949852715127e-02 8.937452345875705056e-03
6.330297233530286505e+00 2.292754542792833584e-07 1.982474471209654671e-02 8.933894023393179271e-03
6.354398798885246613e+00 2.339071256909679554e-07 1.981982362490405242e-02 8.934071383096701957e-03
6.378523340807055853e+00 2.386323630717322645e-07 1.981489784632794321e-02 8.937542147962676542e-03
6.402657592870255598e+00 2.434530565795324194e-07 1.980997008512324839e-02 8.942651220652859945e-03
6.426797570893702627e+00 2.483711345560484671e-07 1.980504115478496155e-02 8.938120554996977982e-03
6.450941407408857131e+00 2.533885642980462243e-07 1.980011143661510389e-02 8.937203108768504087e-03
6.475080402374364219e+00 2.585073528443224216e-07 1.979518270699879776e-02 8.939814638379693645e-03
6.499249648244949995e+00 2.637295477785479422e-07 1.979024780071556369e-02 8.945574533152847799e-03
6.523411677410220655e+00 2.690572380483248591e-07 1.978531436794808002e-02 8.940553614403915286e-03
6.547577820890602140e+00 2.744925548007987309e-07 1.978038009511468368e-02 8.938718873360429126e-03
6.571748888826053125e+00 2.800376722351424183e-07 1.977653585761967106e-02 8.939357342375756424e-03
6.595926931346938638e+00 2.856948084722655854e-07 1.977384440851891884e-02 8.942439883290378283e-03
6.620124953163776027e+00 2.914662264420925646e-07 1.977115073536474948e-02 8.936763826154322382e-03
6.644295973217142937e+00 2.973542347887646033e-07 1.976846006799038921e-02 8.932741104052540140e-03
6.668482582616142018e+00 3.033611887941280696e-07 1.976576766524269085e-02 8.932387977794187597e-03
6.692672280638761961e+00 3.094894913198789821e-07 1.976307491867587696e-02 8.935660258270639034e-03
6.716873080793216211e+00 3.157415937687405292e-07 1.976038093624297651e-02 8.932182968940102080e-03
6.741071556711141000e+00 3.221199970650525184e-07 1.975768721253922527e-02 8.928168834629227057e-03
6.765258310977961820e+00 3.286272526551810793e-07 1.975499479366514544e-02 8.928042398094344564e-03
6.789468426373874266e+00 3.352659635281268730e-07 1.975229977427905848e-02 8.931397974469165724e-03
6.813674364749871870e+00 3.420387852567563301e-07 1.974960521987008735e-02 8.930036928361046594e-03
6.837882258671467817e+00 3.489484270600664641e-07 1.974831166249256184e-02 8.926475603746666931e-03
6.862079610847422906e+00 3.559976528869082582e-07 1.975307162345910431e-02 8.928325505166454651e-03
6.886272854001595611e+00 3.631892825216035782e-07 1.975783077612301708e-02 8.933946043069664056e-03
6.910480555208619258e+00 3.705261927118971259e-07 1.976259277289015362e-02 8.936704954310170992e-03
6.934656307250616436e+00 3.780113183196892376e-07 1.976734848480523818e-02 8.935263358285297844e-03
6.958835009762017521e+00 3.856476534950272553e-07 1.977210477711932937e-02 8.937677708156182774e-03
6.983001138187828083e+00 3.934382528738006904e-07 1.977685859593317219e-02 8.943927153154384094e-03
7.007176824618731814e+00 4.013862327996369668e-07 1.978161429494162959e-02 8.949336789975491716e-03
7.031343289788661188e+00 4.094947725704808145e-07 1.978636817999779654e-02 8.948298390381029949e-03
7.055487762125939533e+00 4.177671157103559540e-07 1.979111773875312855e-02 8.951315564312370757e-03
7.079643647769908732e+00 4.262065712668177127e-07 1.979586954266710289e-02 8.957981913105626109e-03
7.103788045812491347e+00 4.348165151346177115e-07 1.980061908680762206e-02 8.966022221926266134e-03
7.127945307746873738e+00 4.436003914061009640e-07 1.978594606887861679e-02 8.963408217880086334e-03
7.152111200244144484e+00 4.525617137488973948e-07 1.976863900115417502e-02 8.963982562008322372e-03
7.176296836282269886e+00 4.617040668114299728e-07 1.975131779355061845e-02 8.967744150752883850e-03
7.200523068444393715e+00 4.710311076568234887e-07 1.973396751191772505e-02 8.974106844402938987e-03
7.224753456628705273e+00 4.805465672257782593e-07 1.971661425383538016e-02 8.969261208623043394e-03
7.249008251222433863e+00 4.902542518289961758e-07 1.969924351643250957e-02 8.967775644455146244e-03
7.273271054479044651e+00 5.001580446697563085e-07 1.968186704340572912e-02 8.969622028190207125e-03
7.297569119541051919e+00 5.102619073972472293e-07 1.966446531666840580e-02 8.974482419091775812e-03
7.321887721718760567e+00 5.205698816912815353e-07 1.964704888171154087e-02 8.969130387894463582e-03
7.346209798334250252e+00 5.310860908790149301e-07 1.962962995844062114e-02 8.965852258787493020e-03
7.370559376305577004e+00 5.418147415843422470e-07 1.961219133931828285e-02 8.965826605620509995e-03
7.394912930152237607e+00 5.527601254105961619e-07 1.961304755787941778e-02 8.970048068569536764e-03
7.419270855061491865e+00 5.639266206572475019e-07 1.962548935043176637e-02 8.966486642361446227e-03
7.443584220894569725e+00 5.753186940712837186e-07 1.963790838263880165e-02 8.963876351536654782e-03
7.467886863550599053e+00 5.869409026339665506e-07 1.965032193755066742e-02 8.964941806805400842e-03
7.492176221008156389e+00 5.987978953836859958e-07 1.966272870651159660e-02 8.969553259552719496e-03
7.516452473946954704e+00 6.108944152756394640e-07 1.967512878181103958e-02 8.967600638097950397e-03
7.540710243516572042e+00 6.232353010790686879e-07 1.968751941598419902e-02 8.964712881374219816e-03
7.564933011496041360e+00 6.358254893128441459e-07 1.969989217168350432e-02 8.965680541347298763e-03
7.589160740227002044e+00 6.486700162201309486e-07 1.971226746128671228e-02 8.970070023933547979e-03
7.613367744022810690e+00 6.617740197829547426e-07 1.972463216479341044e-02 8.969801265803021423e-03
7.637556668593644460e+00 6.751427417774629940e-07 1.973698763360678260e-02 8.966717614483935006e-03
7.661728896119694099e+00 6.887815298707053925e-07 1.973929438688650298e-02 8.968751299237512006e-03
7.685912015950898457e+00 7.026958397597723603e-07 1.972272648979165807e-02 8.976845755943763105e-03
7.710138012016229503e+00 7.168912373541485480e-07 1.970612921811488311e-02 8.981922135315666481e-03
7.734355896935589669e+00 7.313734010021409479e-07 1.968953750339819814e-02 8.982211815480010270e-03
7.758601342384475075e+00 7.461481237623097621e-07 1.967292690691521337e-02 8.986066766246986887e-03
7.782861109994263948e+00 7.612213157207577407e-07 1.965630649829509802e-02 8.993451340842626221e-03
7.807153332786657352e+00 7.765990063552468885e-07 1.963966385457341715e-02 8.999730915532310610e-03
7.831459925389969712e+00 7.922873469470695140e-07 1.962301136606950033e-02 8.999155597794527423e-03
7.855769112670578203e+00 8.082926130416432593e-07 1.960635709994769382e-02 9.002373978190068154e-03
7.880112310681909982e+00 8.246212069588120362e-07 1.958967953301562342e-02 9.009018810930758889e-03
7.904465242970864836e+00 8.412796603538604122e-07 1.957299529711317015e-02 9.016393207847703609e-03
7.928844963980690608e+00 8.582746368302650870e-07 1.955791509208880397e-02 9.014581979724243382e-03
7.953209276644876091e+00 8.756129346052133449e-07 1.955936946574261467e-02 9.011634964720143318e-03
7.977575842445173926e+00 8.933014892289983087e-07 1.956082397389239183e-02 9.012628673422678691e-03
8.001946855589466168e+00 9.113473763593203515e-07 1.956227874751651288e-02 9.016206835109244477e-03
8.026305695253634909e+00 9.297578145916463132e-07 1.956373279447171445e-02 9.010055151232491261e-03
8.050659912482641900e+00 9.485401683467450298e-07 1.956518656550089441e-02 9.008041837941406851e-03
8.074994477644358071e+00 9.677019508165534685e-07 1.956663916344346388e-02 9.010129885329648536e-03
8.099349310225003151e+00 9.872508269695532799e-07 1.956809297120469526e-02 9.015859799944141509e-03
8.123684118807574350e+00 1.007194616616864261e-06 1.956954558367773531e-02 9.011061101982019081e-03
8.148013947774758847e+00 1.027541297540258890e-06 1.957099789890366648e-02 9.009986579143262203e-03
8.172334457083355375e+00 1.048299008683403108e-06 1.957244965781323315e-02 9.012917307643626350e-03
8.196658343704536165e+00 1.069476053407527186e-06 1.957390161832398695e-02 9.019611220679697033e-03
8.220989783791786465e+00 1.091080902812885016e-06 1.957120188294149063e-02 9.016072993240538402e-03
8.245299320019370271e+00 1.113122199127307504e-06 1.956784413489350352e-02 9.014587225747923080e-03
8.269623802752727570e+00 1.135608759163207884e-06 1.956448432236349358e-02 9.016943757610480781e-03
8.293940790475632596e+00 1.158549577844425524e-06 1.956112554507975082e-02 9.023184558774219668e-03
8.318276277565441745e+00 1.181953831804318763e-06 1.955776421257601413e-02 9.021844888184112413e-03
8.342595812535602562e+00 1.205830883056524274e-06 1.955440508345444167e-02 9.021001104448582442e-03
8.366915022723011575e+00 1.230190282739911864e-06 1.955104599919339770e-02 9.024133776772517990e-03
8.391247375242533835e+00 1.255041774939151139e-06 1.954768509965132406e-02 9.031000552223887243e-03
8.415578428697044089e+00 1.280395300582479519e-06 1.954432437954224666e-02 9.032067106498122347e-03
8.439915138979012355e+00 1.306261001418205766e-06 1.954096287808542581e-02 9.031778901383083480e-03
8.464229505233561213e+00 1.332649224071545064e-06 1.953760446289128441e-02 9.035660466549692155e-03
8.488567859446950692e+00 1.359570524183406018e-06 1.952884537739001114e-02 9.041422110265297241e-03
8.512917553996304676e+00 1.387035670632789119e-06 1.951685536231113557e-02 9.041350773728636797e-03
8.537272085565682289e+00 1.415055649844485667e-06 1.950486296543880657e-02 9.037653025194068712e-03
8.561635022130655415e+00 1.443641670183775655e-06 1.949286642986881174e-02 9.037299169541060384e-03
8.586007448061216962e+00 1.472805166439951036e-06 1.948086522164733242e-02 9.040138401568739712e-03
8.610412937446360715e+00 1.502557804400366485e-06 1.946884773267464064e-02 9.039490058264487704e-03
8.634803060488261295e+00 1.532911485516913311e-06 1.945683781023165720e-02 9.033802627063288945e-03
8.659213393021818916e+00 1.563878351666759030e-06 1.944481793644783907e-02 9.031429785058870882e-03
8.683624634765473971e+00 1.595470790009260968e-06 1.943279761496054595e-02 9.032360460930031684e-03
8.708065855156915447e+00 1.627701437940999734e-06 1.942076253170947966e-02 9.031305445123994843e-03
8.732504883891744285e+00 1.660583188150884766e-06 1.940872852765041998e-02 9.023662468505650944e-03
8.756945757947008246e+00 1.694129193777434289e-06 1.939998077953807021e-02 9.020136886403590931e-03
8.781396198753620652e+00 1.728352873670185260e-06 1.939576019583364938e-02 9.020867684572921041e-03
8.805848539846207856e+00 1.763267917757416332e-06 1.939153928410585620e-02 9.021381393040532604e-03
8.830308531561996688e+00 1.798888292522302890e-06 1.938731705174356543e-02 9.014034238076965022e-03
8.854742398905356637e+00 1.835228246589695437e-06 1.938309932891553802e-02 9.010588987172352474e-03
8.879194416486232200e+00 1.872302316425759828e-06 1.937887847303165767e-02 9.010563337013582919e-03
8.903643503900845246e+00 1.910125332152758289e-06 1.937465812294691947e-02 9.011726733946887058e-03
8.928098050722233836e+00 1.948712423481302265e-06 1.937043683047085657e-02 9.003672474081072033e-03
8.952538781804763701e+00 1.988079025762410659e-06 1.936621792283859875e-02 8.999448945547152898e-03
8.976981295554923079e+00 2.028240886161897424e-06 1.936199870748600213e-02 8.998781201984469916e-03
9.001438419855746886e+00 2.069214069959421647e-06 1.935777697009085849e-02 9.000550770766354777e-03
9.025884669512901581e+00 2.111014966974818101e-06 1.935501434822942818e-02 8.991734425969968858e-03
9.050329482162322137e+00 2.153660298124246180e-06 1.935684807837841429e-02 8.986438987819275401e-03
9.074749362364796568e+00 2.197167122108777522e-06 1.935867993821731303e-02 8.985138373991728364e-03
9.099187896039421020e+00 2.241552842238104446e-06 1.936051319734835574e-02 8.987350798668298016e-03
9.123605602087714317e+00 2.286835213392096218e-06 1.936234489409285192e-02 8.978984742737334060e-03
9.148015362300643716e+00 2.333032349122995826e-06 1.936417599477969001e-02 8.974134675833495001e-03
9.172413602765896457e+00 2.380162728901049505e-06 1.936600623131146115e-02 8.973164949944489877e-03
9.196813802825460016e+00 2.428245205506589520e-06 1.936783661484240554e-02 8.975824825029468657e-03
9.221215776049643154e+00 2.477299012571366707e-06 1.936966713138747395e-02 8.969162105657733572e-03
9.245589823027364318e+00 2.527343772272266349e-06 1.937149555304228110e-02 8.964702422798322135e-03
9.269971835664962967e+00 2.578399503180441050e-06 1.937332457224188315e-02 8.963964767214019358e-03
9.294336687253196061e+00 2.630486628269006059e-06 1.937404926180866932e-02 8.967059433970409402e-03
9.318733212752539075e+00 2.683625983082511110e-06 1.934905892384320911e-02 8.963601344509838920e-03
9.343135724279383325e+00 2.737838824071396492e-06 1.932406245415008161e-02 8.960054788840716988e-03
9.367567667835754008e+00 2.793146837094915079e-06 1.929903583605058204e-02 8.959599402789170455e-03
9.392032735907072549e+00 2.849572146095725914e-06 1.927397528718403572e-02 8.962077026411593983e-03
9.416527038770837521e+00 2.907137321949776608e-06 1.924888479194895169e-02 8.957388445883823075e-03
9.441043266115311638e+00 2.965865391494954575e-06 1.922377183859036789e-02 8.951141565791449414e-03
9.465569845658251324e+00 3.025779846742130303e-06 1.919864828106036814e-02 8.948181572565275937e-03
9.490142225396082765e+00 3.086904654272272158e-06 1.917347780855679223e-02 8.948135852285703240e-03
9.514729188930486359e+00 3.149264264823399491e-06 1.914829239728641289e-02 8.942162869534676928e-03
9.539345324556920858e+00 3.212883623071218710e-06 1.912307710387404699e-02 8.933478873144560031e-03
9.563965907291176904e+00 3.277788177607273895e-06 1.909785725511106702e-02 8.928187564620881922e-03
9.588610480375741929e+00 3.344003891118797548e-06 1.910089539036820619e-02 8.921147201531403476e-03
9.613238651496994081e+00 3.411557250774081613e-06 1.910741009438159110e-02 8.909468145426467992e-03
9.637845262556790971e+00 3.480475278817711491e-06 1.911391909527482974e-02 8.895283464788062561e-03
9.662427345041622928e+00 3.550785543379824528e-06 1.912042160780947492e-02 8.885447593669836691e-03
9.686997750301179266e+00 3.622516169503727253e-06 1.912692103145595054e-02 8.879682942196804804e-03
9.711566027485085684e+00 3.695695850396291584e-06 1.913341989217865607e-02 8.870794970986492153e-03
9.736100719317894558e+00 3.770353858905615918e-06 1.913990986882221218e-02 8.858462214591576386e-03
9.760626405310310005e+00 3.846520059230571220e-06 1.914639746321885466e-02 8.850293398970031020e-03
9.785126056921638948e+00 3.924224918866823471e-06 1.915287817093739089e-02 8.846250055338615581e-03
9.809638223625514186e+00 4.003499520794318522e-06 1.915936218917878991e-02 8.840092135448332153e-03
9.834108873528036199e+00 4.084375575910836801e-06 1.916583522529443154e-02 8.829365972025875198e-03
9.858574936514866494e+00 4.166885435716786037e-06 1.916829228853672920e-02 8.823810807496159855e-03
9.883028484512763612e+00 4.251062105256235847e-06 1.916947544682081825e-02 8.822430377111827038e-03
9.907490150171067711e+00 4.336939256319371262e-06 1.917065899786906530e-02 8.820061218924236945e-03
9.931937817217303177e+00 4.424551240911678610e-06 1.917184187160971692e-02 8.811425736402471454e-03
9.956366897247010073e+00 4.513933104995138258e-06 1.917302384603781704e-02 8.806788615402608503e-03
9.980801645729764360e+00 4.605120602507172147e-06 1.917420609472784629e-02 8.805808520817724055e-03
1.000522693311403799e+01 4.698150209662635869e-06 1.917538788565292807e-02 8.805317936266479281e-03
1.002965667027177332e+01 4.793059139544803135e-06 1.917656989187545291e-02 8.797040136498320353e-03
1.005405396592140832e+01 4.889885356991094831e-06 1.917775032845094388e-02 8.792858490058159601e-03
1.007846025586540506e+01 4.988667593779524269e-06 1.917893120020557063e-02 8.792299078508321319e-03
1.010286345060353952e+01 5.089445364121920811e-06 1.918011192220203665e-02 8.793593131828892143e-03
1.012726970772160584e+01 5.192258980470141502e-06 1.916102309203436896e-02 8.781114832677759663e-03
1.015170177730050938e+01 5.297149569641611570e-06 1.912667009163574947e-02 8.768898052749428754e-03
1.017616744215391300e+01 5.404159089270521998e-06 1.909226985420407405e-02 8.760154956388903000e-03
1.020069110389136036e+01 5.513330344591556978e-06 1.905778806956763549e-02 8.754152714307492783e-03
1.022523733575184046e+01 5.624707005562479442e-06 1.902327454994276468e-02 8.737467917909868403e-03
1.024982604378817541e+01 5.738333624332720230e-06 1.898870130618844979e-02 8.724372314289165209e-03
1.027443369289015962e+01 5.854255653064828481e-06 1.895410143012475970e-02 8.714895324516393205e-03
1.029910166999779975e+01 5.972519462115946603e-06 1.891941672915519249e-02 8.708583460774327323e-03
1.032379302141078448e+01 6.093172358586564655e-06 1.888469916246713828e-02 8.691683683037760427e-03
1.034851842026422730e+01 6.216262605243998718e-06 1.884993372297273651e-02 8.677932096864857461e-03
1.037326988659633287e+01 6.341839439828158954e-06 1.881513163099165012e-02 8.667769143213991528e-03
1.039806058499038599e+01 6.469953094747216245e-06 1.880573384386622846e-02 8.661122312093998479e-03
1.042282173255820332e+01 6.600654817171362460e-06 1.882624639576781223e-02 8.645154024565761264e-03
1.044753649290248099e+01 6.733996889532282564e-06 1.884672051971173282e-02 8.632394879212336447e-03
1.047221282954194521e+01 6.870032650436836848e-06 1.886716281281109950e-02 8.623742609373508464e-03
1.049685942519053761e+01 7.008816516003222018e-06 1.888758046797245349e-02 8.618959298177549314e-03
1.052147843890873524e+01 7.150404001628143308e-06 1.890797527379787721e-02 8.605421556905325925e-03
1.054604266935142931e+01 7.294851744193730514e-06 1.892832469623470862e-02 8.594375982945585621e-03
1.057058437258255168e+01 7.442217524722958838e-06 1.894865545674986190e-02 8.587241963598000669e-03
1.059508506930642291e+01 7.592560291492963862e-06 1.896895224678339653e-02 8.583999490164482063e-03
1.061957491774528073e+01 7.745940183615054761e-06 1.898924004991481979e-02 8.572947258499746814e-03
1.064400379724158263e+01 7.902418555091169971e-06 1.900947734534682784e-02 8.563330508808097291e-03
1.066841523900209410e+01 8.062057999356307867e-06 1.902094164014209166e-02 8.556520750576696033e-03
1.069282153107050526e+01 8.224922374316729200e-06 1.901575822989920103e-02 8.551392814355816829e-03
1.071723880939786255e+01 8.391076827893969496e-06 1.901057248639376890e-02 8.539660127863380606e-03
1.074164932542558226e+01 8.560587824084881723e-06 1.900538817906606906e-02 8.527616220376350864e-03
1.076605191727129451e+01 8.733523169548153967e-06 1.900020555467677244e-02 8.519332322029034635e-03
1.079047487367981795e+01 8.909952040727742666e-06 1.899501860526001118e-02 8.514443256366861779e-03
1.081489159706741177e+01 9.089945011524566557e-06 1.898983297961272937e-02 8.504440292515784428e-03
1.083931519143862765e+01 9.273574081526883217e-06 1.898464589470540143e-02 8.492635781901342398e-03
1.086372176654775856e+01 9.460912704811113503e-06 1.897946242435030392e-02 8.484649952918423346e-03
1.088814612235461077e+01 9.652035819324452262e-06 1.897427517772921554e-02 8.480066339460572145e-03
1.091257642235174785e+01 9.847019876861047544e-06 1.896908666868052373e-02 8.471614906771895992e-03
1.093699920680225190e+01 1.004594287364375416e-05 1.896338715218052334e-02 8.460262797470080934e-03
1.096142555039358690e+01 1.024888438152359280e-05 1.895478391767474804e-02 8.453387328627175526e-03
1.098585435056392257e+01 1.045592557980965239e-05 1.894617981793406819e-02 8.449920437543811599e-03
1.101031254614880517e+01 1.066714928774185652e-05 1.893756536479588096e-02 8.443621833484363237e-03
1.103474943862239144e+01 1.088263999761969093e-05 1.892895841485445901e-02 8.432940521800271275e-03
1.105920209487716299e+01 1.110248390860037322e-05 1.892034591273099309e-02 8.425722421289036715e-03
1.108365083709318988e+01 1.132676896117959055e-05 1.891173478917624814e-02 8.421964379600695161e-03
1.110812512939455843e+01 1.155558487236887790e-05 1.890311466659244308e-02 8.416668279426423385e-03
1.113259202120076807e+01 1.178902317158363323e-05 1.889449715054673795e-02 8.405614656962975828e-03
1.115705816647794357e+01 1.202717723725611325e-05 1.888587989743700790e-02 8.398152984487278899e-03
1.118153627684890594e+01 1.227014233418797534e-05 1.887725843008590185e-02 8.394042187171912514e-03
1.120602252902097362e+01 1.251801565165761559e-05 1.886863409510035339e-02 8.389729801739751261e-03
1.123051413352535377e+01 1.277089634229699734e-05 1.886926016795610617e-02 8.377894718225810736e-03
1.125497437072545459e+01 1.302888556175418578e-05 1.887013503015550278e-02 8.369939193145986903e-03
1.127944629385680919e+01 1.329208650915686399e-05 1.887101031032220946e-02 8.365406638453183261e-03
1.130390631016457093e+01 1.356060446839339167e-05 1.887188516462101617e-02 8.362086700948397761e-03
1.132836717841523821e+01 1.383454685022774574e-05 1.887276004939101789e-02 8.350586221363254236e-03
1.135280552161413503e+01 1.411402323526529707e-05 1.887363412851403299e-02 8.342889628400611962e-03
1.137724160029252474e+01 1.439914541778641823e-05 1.887450812664260083e-02 8.338691941355167933e-03
1.140168403158981114e+01 1.469002745046584378e-05 1.887538235198344544e-02 8.336831594009443472e-03
1.142611154889071656e+01 1.498678568999507429e-05 1.887625604389971123e-02 8.325616701645048578e-03
1.145053514003425477e+01 1.528953884362677757e-05 1.887712959539025043e-02 8.318055634147725197e-03
1.147493723180450331e+01 1.559840801665916769e-05 1.887800237791894750e-02 8.314110532589154626e-03
1.149936162760016600e+01 1.591351676087976230e-05 1.887458246339438275e-02 8.313883010421888389e-03
1.152377195294462453e+01 1.623499112398776628e-05 1.887004248284307462e-02 8.303907223838870311e-03
1.154818384985772184e+01 1.656295970001482942e-05 1.886550221000189015e-02 8.297261469175511162e-03
1.157259103644606135e+01 1.689755368076427646e-05 1.886096281321550383e-02 8.294202931255925323e-03
1.159700960557144178e+01 1.723890690828977536e-05 1.885642129943575565e-02 8.294479359761811055e-03
1.162143577243953096e+01 1.758715592843372168e-05 1.885187837258167978e-02 8.286029454728739349e-03
1.164584360185841660e+01 1.794244004544757543e-05 1.884733885623776639e-02 8.279711558189324985e-03
1.167026476911948407e+01 1.830490137771533635e-05 1.884279685924096504e-02 8.276845196406123692e-03
1.169467758696327131e+01 1.867468491460278699e-05 1.883825641511949547e-02 8.277447989634086761e-03
1.171911178438191214e+01 1.905193857445519384e-05 1.883371199469485377e-02 8.270520747916848200e-03
1.174352273419292914e+01 1.943681326376662106e-05 1.882917189800146357e-02 8.264430257846448746e-03
1.176794054235085341e+01 1.982946293754455681e-05 1.882570406073529046e-02 8.259827575068398250e-03
1.179236136123746803e+01 2.023004466089383668e-05 1.882295690009830325e-02 8.257422660535394116e-03
1.181678648362025363e+01 2.063871867184503473e-05 1.882020925534998168e-02 8.249089079483925765e-03
1.184120536319581518e+01 2.105564844545152693e-05 1.881746231287107982e-02 8.240327408218558330e-03
1.186560921093667709e+01 2.148100075918191190e-05 1.881471706136186861e-02 8.235377721364522258e-03
1.189003377625396141e+01 2.191494575963313902e-05 1.881196947927927729e-02 8.233837954401690418e-03
1.191444570701306560e+01 2.235765703059138784e-05 1.880922331849058451e-02 8.227751412361219985e-03
1.193886159170130412e+01 2.280931166246793958e-05 1.880647671291424752e-02 8.219798902984014333e-03
1.196326098769610091e+01 2.327009032313773172e-05 1.880373196219338461e-02 8.215628792732122126e-03
1.198767139245373592e+01 2.374017733020875113e-05 1.880098597306851388e-02 8.214898682789337214e-03
1.201208894843092700e+01 2.421976072475181036e-05 1.879823917948459169e-02 8.210768134815592950e-03
1.203649142872656697e+01 2.470903234651917392e-05 1.879751810469867945e-02 8.203035450449534458e-03
1.206089116304679898e+01 2.520818791068330728e-05 1.879979996395520631e-02 8.198142329533728706e-03
1.208527520274870426e+01 2.571742708612536409e-05 1.880208035545353693e-02 8.196738998504525878e-03
1.210967830735364359e+01 2.623695357530547010e-05 1.880436252989855367e-02 8.193066728422550293e-03
1.213404732345467352e+01 2.676697519574641521e-05 1.880664151639212939e-02 8.184942957661364010e-03
1.215841654575743647e+01 2.730770396316346249e-05 1.880892052216965801e-02 8.180331882903410859e-03
1.218277537161957014e+01 2.785935617627330183e-05 1.881119855567372004e-02 8.179161636977594699e-03
1.220714079131340846e+01 2.842215250331673752e-05 1.881347720583186750e-02 8.177207513532085484e-03
1.223149604115126543e+01 2.899631807032853719e-05 1.881575490490670910e-02 8.169198472465541427e-03
1.225582940260206222e+01 2.958208255119119311e-05 1.881803055698309107e-02 8.164848577841816654e-03
1.228017320597248663e+01 3.017968025950735128e-05 1.882030718558612772e-02 8.163787733582299547e-03
1.230450786915378814e+01 3.078935024232841845e-05 1.882065532062262431e-02 8.170978122686753733e-03
1.232892985133122465e+01 3.141133637577655873e-05 1.881249602040484248e-02 8.202091978383689932e-03
1.235345377264696509e+01 3.204588746259840647e-05 1.880430266267169373e-02 8.234833480073276701e-03
1.237809982651345919e+01 3.269325733168955379e-05 1.879606850087355702e-02 8.269074553064440988e-03
1.240285832363178109e+01 3.335370493962923019e-05 1.878779677217186014e-02 8.297538436158019559e-03
1.242763446588542564e+01 3.402749447426681450e-05 1.877951914829116206e-02 8.273216965628214445e-03
1.245235997949201057e+01 3.471489546040001673e-05 1.877125843926725351e-02 8.253493811660109550e-03
1.247704790162858046e+01 3.541618286758882304e-05 1.876301028942413407e-02 8.238037440236064754e-03
1.250171504208145912e+01 3.613163722014672868e-05 1.875476908267003501e-02 8.225518746064643463e-03
1.252633935108552343e+01 3.686154470935428727e-05 1.874654218575561720e-02 8.203889921628520696e-03
1.255093195217226310e+01 3.760619730793940158e-05 1.873832588234728216e-02 8.186558839670135534e-03
1.257548130286079413e+01 3.836589288687040043e-05 1.873086320781447781e-02 8.173215067791580676e-03
1.260002403710858232e+01 3.914093533450814988e-05 1.873110943660433181e-02 8.161771483394508406e-03
1.262450726943811929e+01 3.993163467816585884e-05 1.873135506843195963e-02 8.140749989165438003e-03
1.264896220818715200e+01 4.073830720812366763e-05 1.873160041639985313e-02 8.123993022589382981e-03
1.267337074851042011e+01 4.156127560414939003e-05 1.873184529886833677e-02 8.111422504226025593e-03
1.269776472947193113e+01 4.240086906457450313e-05 1.873209003526776426e-02 8.102620087605540491e-03
1.272212820215275464e+01 4.325742343797790761e-05 1.873233446558813381e-02 8.085479231808988254e-03
1.274644963305347289e+01 4.413128135752983908e-05 1.873257847411782112e-02 8.071315765844628079e-03
1.277075261292748820e+01 4.502279237804978815e-05 1.873282229753471528e-02 8.061007321493479649e-03
1.279502427628202810e+01 4.593231311583278846e-05 1.873306580676377051e-02 8.054469422737142031e-03
1.281929215611788742e+01 4.686020739130120332e-05 1.873330927803408888e-02 8.041065964655966236e-03
1.284351194692008313e+01 4.780684637453714946e-05 1.873355226684371433e-02 8.029096288277470794e-03
1.286771556335073896e+01 4.877260873375603598e-05 1.873833589057135804e-02 8.019537127613381861e-03
1.289189936037873352e+01 4.975788078677853896e-05 1.874379559540184301e-02 8.013411978069203551e-03
1.291606097177401224e+01 5.076305665556300777e-05 1.874925029163065915e-02 8.002389357801287240e-03
1.294020269755370300e+01 5.178853842385948593e-05 1.875470049850690157e-02 7.990917933847254892e-03
1.296430038658611217e+01 5.283473629804855549e-05 1.876014076370022265e-02 7.983315067483886043e-03
1.298839840234504805e+01 5.390206877122948796e-05 1.876558110265493309e-02 7.979110264375165185e-03
1.301247975072763374e+01 5.499096279062264537e-05 1.877101767880286903e-02 7.971878607819355561e-03
1.303653519562036855e+01 5.610185392835476831e-05 1.877644840701020099e-02 7.962391010664178828e-03
1.306057929672794060e+01 5.723518655569281968e-05 1.878187657425828619e-02 7.956455278973321305e-03
1.308459774581528023e+01 5.839141402079914777e-05 1.878729895033724034e-02 7.954017534190187602e-03
1.310862652623958446e+01 5.957099883007636128e-05 1.879272365880636092e-02 7.950354352303833430e-03
1.313262823898960718e+01 6.077441283317618439e-05 1.879559364779999700e-02 7.942605329614195464e-03
1.315662060889690999e+01 6.200213741174557701e-05 1.879616803889522930e-02 7.938358708568458641e-03
1.318062033634264907e+01 6.325466367198598046e-05 1.879674260613415152e-02 7.937270925441304928e-03
1.320461272021912436e+01 6.453249264110182007e-05 1.879731699756381422e-02 7.937030343428496879e-03
1.322861287087314786e+01 6.583613546771892235e-05 1.879789157493458665e-02 7.930384302968445862e-03
1.325259654611604709e+01 6.716611362634983880e-05 1.879846575787456550e-02 7.927152320567261781e-03
1.327658384339323305e+01 6.852295912599141656e-05 1.879904002752812511e-02 7.927062458537104464e-03
1.330059013432656556e+01 6.990721472293503656e-05 1.879961475190070411e-02 7.929607657857518435e-03
1.332458310588799755e+01 7.131943413787644520e-05 1.880018915739987972e-02 7.924004013114986644e-03
1.334858414527305470e+01 7.276018227741146832e-05 1.880076375604738254e-02 7.921608264990907811e-03
1.337258116713806722e+01 7.423003546000629541e-05 1.880133825851314916e-02 7.922372437095894643e-03
1.339659267951896915e+01 7.572958164653198379e-05 1.880273994028264922e-02 7.925683467714991076e-03
1.342061644493727179e+01 7.725942067545764412e-05 1.880940944251876384e-02 7.920027159000730607e-03
1.344461523829113325e+01 7.882016450279270240e-05 1.881607201198490231e-02 7.916608604799394919e-03
1.346862623432950734e+01 8.041243744687841884e-05 1.882273796917275158e-02 7.916648957908511280e-03
1.349263659230340018e+01 8.203687643812298917e-05 1.882940374922048576e-02 7.920091240606597777e-03
1.351665659444524259e+01 8.369413127378244155e-05 1.883607220669195406e-02 7.919047279734886535e-03
1.354067837230918592e+01 8.538486487788802431e-05 1.884274115714120248e-02 7.918085231253294345e-03
1.356468706510049138e+01 8.710975356642480501e-05 1.884940647489925444e-02 7.920622807843408913e-03
1.358871913152328048e+01 8.886948731786716330e-05 1.885607828166869365e-02 7.926292225783221693e-03
1.361275558863702351e+01 9.066477004917883895e-05 1.886275130738622810e-02 7.929365546829918870e-03
1.363679356835697831e+01 9.249631989739003448e-05 1.886942475581125309e-02 7.930711375374750391e-03
1.366084186030452230e+01 9.436486950686075170e-05 1.887610106712741057e-02 7.935306777339126705e-03
1.368489276619420814e+01 9.627116632234925832e-05 1.887787734381928331e-02 7.941314803981207662e-03
1.370898280490378163e+01 9.821597288799934974e-05 1.887808774788374971e-02 7.945641917313586017e-03
1.373307373813036314e+01 1.002000671523684195e-04 1.887829815976098738e-02 7.946568670465307613e-03
1.375718443133474445e+01 1.022242427796171319e-04 1.887850874422324077e-02 7.950590109066433403e-03
1.378132100542063831e+01 1.042893094669859494e-04 1.887871955473090224e-02 7.957556758253820153e-03
1.380547860656649917e+01 1.063960932686840654e-04 1.887893054889035888e-02 7.965038046264926591e-03
1.382966765769225681e+01 1.085454369263233264e-04 1.887914181773611699e-02 7.967403787992289113e-03
1.385385624770441559e+01 1.107382002060247009e-04 1.887935308255447517e-02 7.972943432933168179e-03
1.387808099050324984e+01 1.129752602423375217e-04 1.887956466313377504e-02 7.981316294082631962e-03
1.390233388335995635e+01 1.152575118891041681e-04 1.887977648957762586e-02 7.991487393455527083e-03
1.392660872121742521e+01 1.175858680774137505e-04 1.887998850769063292e-02 7.995273120092622268e-03
1.395091049925434312e+01 1.199612601807867855e-04 1.887561613765145058e-02 8.000867903345577209e-03
1.397523809652033400e+01 1.223846383877371356e-04 1.886560608959750654e-02 8.007906678179995200e-03
1.399962727337505441e+01 1.248569720818593282e-04 1.885557070346206149e-02 8.017495024123683436e-03
1.402404077820695782e+01 1.273792502295962952e-04 1.884552530712223575e-02 8.019897366237323244e-03
1.404849911472627966e+01 1.299524817758375319e-04 1.883546146394031451e-02 8.024989866860513660e-03
1.407299087053517894e+01 1.325776960475119604e-04 1.882538386976231187e-02 8.032918262365563306e-03
1.409753516913388971e+01 1.352559431653315661e-04 1.881528465586390989e-02 8.043489569915667631e-03
1.412212258218733574e+01 1.379882944638539293e-04 1.880516770171113822e-02 8.047714107734865382e-03
1.414674161596976099e+01 1.407758429200302904e-04 1.879503773661391625e-02 8.053890346586043900e-03
1.417140814388051240e+01 1.436197035904109172e-04 1.878488822916314638e-02 8.062857546870650857e-03
1.419611662350913051e+01 1.465210140571828964e-04 1.877472145988798649e-02 8.074580726700040026e-03
1.422087815980715853e+01 1.494809348832170498e-04 1.877427187293493130e-02 8.078647094638629830e-03
1.424563221124421553e+01 1.525006500763104568e-04 1.879603937885658549e-02 8.080124574049881575e-03
1.427040315896194400e+01 1.555813675628032599e-04 1.881782174254366391e-02 8.084796082416368865e-03
1.429516795871780310e+01 1.587243196707670506e-04 1.883959870001282802e-02 8.092755681313037325e-03
1.431995917454957734e+01 1.619307636229516450e-04 1.886139888649120480e-02 8.095933232842314475e-03
1.434472861963509871e+01 1.652019820396910142e-04 1.888317992883678173e-02 8.100871604798274769e-03
1.436952172133528727e+01 1.685392834519687587e-04 1.890498177365589408e-02 8.109236411158403032e-03
1.439431300016999060e+01 1.719440028248479867e-04 1.892678201553597145e-02 8.121173426277508711e-03
1.441913128084250140e+01 1.754175020914741417e-04 1.894860600151571442e-02 8.129107737408346190e-03
1.444393844372130253e+01 1.789611706978683800e-04 1.897042021104973150e-02 8.138819123648268969e-03
1.446876626937506671e+01 1.825764261587222651e-04 1.899225259042060937e-02 8.152433700167358716e-03
1.449360399517014919e+01 1.862647146244243918e-04 1.900713805660168843e-02 8.168389869184762217e-03
1.451848941477210353e+01 1.900275114595389211e-04 1.900407005083667653e-02 8.175882589386210611e-03
1.454340474838200237e+01 1.938663218329712194e-04 1.900099835711500929e-02 8.183924207620903515e-03
1.456837054466988413e+01 1.977826813200554657e-04 1.899792044208827718e-02 8.194797612734781508e-03
1.459338129850683963e+01 2.017781565168056789e-04 1.899483698445781146e-02 8.208466285155062089e-03
1.461844869101646438e+01 2.058543456665735147e-04 1.899174654411308130e-02 8.217749671445284676e-03
1.464354753977621293e+01 2.100128792993695979e-04 1.898865222567595185e-02 8.227500339678475022e-03
1.466869898634057456e+01 2.142554208840940708e-04 1.898555142270408683e-02 8.240057162054338982e-03
1.469389432574928023e+01 2.185836674939492508e-04 1.898244520839089539e-02 8.255407110086496539e-03
1.471915073132151619e+01 2.229993504852897544e-04 1.897933146551902470e-02 8.266146154890924996e-03
1.474443473392883597e+01 2.275042361901887000e-04 1.897621432033913189e-02 8.277592466294487680e-03
1.476977644701602621e+01 2.321001266229939406e-04 1.898285005333287881e-02 8.290235583444426418e-03
1.479512819993418127e+01 2.367888602011580627e-04 1.900503364085957825e-02 8.304223768343591341e-03
1.482051427260712018e+01 2.415723124806299239e-04 1.902724725925974622e-02 8.314424804324776000e-03
1.484589326405152576e+01 2.464523969061007368e-04 1.904945468136045109e-02 8.326920103549651300e-03
1.487130012404359114e+01 2.514310655764101727e-04 1.907168648932387051e-02 8.343139278241292270e-03
1.489672160275990542e+01 2.565103100254086609e-04 1.909393108913446518e-02 8.362941763117828081e-03
1.492216878793306201e+01 2.616921620186003598e-04 1.911619818290976811e-02 8.377910650538071893e-03
1.494762487167005460e+01 2.669786943658748746e-04 1.913847306321053363e-02 8.395218728066136324e-03
1.497309897337004436e+01 2.723720217506591084e-04 1.916076370980014307e-02 8.415881917229806053e-03
1.499860437701329907e+01 2.778743015758190077e-04 1.918308174658247059e-02 8.439689349159239934e-03
1.502412281879835376e+01 2.834877348266497967e-04 1.920541119215221984e-02 8.457750008369471773e-03
1.504967534529202666e+01 2.892145669512976355e-04 1.921193916825224279e-02 8.473329799063374426e-03
1.507526404536420017e+01 2.950570887589721138e-04 1.920954108491380180e-02 8.489300875286098780e-03
1.510092745685578386e+01 3.010176373362966344e-04 1.920713599988283296e-02 8.507976559248084034e-03
1.512663406723241444e+01 3.070985969821777282e-04 1.920472686640367285e-02 8.520827056690027587e-03
1.515239513142412697e+01 3.133024001615541780e-04 1.920231262970370847e-02 8.536966918955368397e-03
1.517821160511558531e+01 3.196315284784163185e-04 1.919989320021951371e-02 8.556312111523767597e-03
1.520408577570814401e+01 3.260885136684803492e-04 1.919746836358385278e-02 8.577280221757853026e-03
1.523002377447720690e+01 3.326759386119171888e-04 1.919503754519506430e-02 8.593411048083031065e-03
1.525599455849450692e+01 3.393964383665364851e-04 1.919260365428765436e-02 8.612940875881663558e-03
1.528203331639985585e+01 3.462527012218492677e-04 1.919016339310555472e-02 8.635556896426045334e-03
1.530813239231992640e+01 3.532474697744143570e-04 1.918773509243086248e-02 8.658085884390247927e-03
1.533427791872573209e+01 3.603835420249183654e-04 1.918559901027754727e-02 8.673662303170360729e-03
1.536048404003344103e+01 3.676637724974101762e-04 1.918345797753778781e-02 8.691542426468801263e-03
1.538673576974592905e+01 3.750910733811500374e-04 1.918131321860418875e-02 8.711731553385440238e-03
1.541305526430724093e+01 3.826684156955232133e-04 1.917916292330150083e-02 8.729343313410580993e-03
1.543942844855362573e+01 3.903988304784883042e-04 1.917700824156664402e-02 8.744529028114343336e-03
1.546584221615946220e+01 3.982854099990325671e-04 1.917485024418273329e-02 8.762145652260687131e-03
1.549232463254762848e+01 4.063313089941187131e-04 1.917268663821261945e-02 8.781972598666084456e-03
1.551886737312933562e+01 4.145397459306261962e-04 1.917051810377285587e-02 8.797241418320892598e-03
1.554545038330596540e+01 4.229140042927756449e-04 1.916834627931851553e-02 8.812248858778428534e-03
1.557209558157241247e+01 4.314574338955706767e-04 1.916616937411473251e-02 8.829591959895943462e-03
1.559879086354449385e+01 4.401734522247663980e-04 1.918608609376325214e-02 8.849421073909720034e-03
1.562549401242085167e+01 4.490655458039096207e-04 1.921530687555774233e-02 8.862758694609354504e-03
1.565221142052802428e+01 4.581372715889948997e-04 1.924454326097538651e-02 8.878381945410006651e-03
1.567894339286822714e+01 4.673922583912949735e-04 1.927379558377470201e-02 8.896641381165302717e-03
1.570568880857748972e+01 4.768342083289306399e-04 1.930306261741413995e-02 8.915418181405194292e-03
1.573245325764912117e+01 4.864668983077729625e-04 1.933235047892414502e-02 8.929264915773359179e-03
1.575923024930360583e+01 4.962941815322492907e-04 1.936165206555991863e-02 8.945829960408071407e-03
1.578601614820226828e+01 5.063199890466825275e-04 1.939096339923487844e-02 8.965048808082241513e-03
1.581283274489226542e+01 5.165483313077576244e-04 1.942030832495796402e-02 8.982153526739446864e-03
1.583966510268361638e+01 5.269832997887587784e-04 1.944967049777447665e-02 8.996964273600634859e-03
1.586650181077578203e+01 5.376290686162140276e-04 1.947329165159627368e-02 9.015231031906231415e-03
1.589338243503641657e+01 5.484898962395979303e-04 1.949097786431237475e-02 9.036842508475542712e-03
1.592030815882802308e+01 5.595701271347738566e-04 1.950869375044269466e-02 9.053880631366851423e-03
1.594724877601937152e+01 5.708741935418381241e-04 1.952641943574409678e-02 9.071539229276491881e-03
1.597422845589007778e+01 5.824066172380775374e-04 1.954417082248939563e-02 9.091976112561560644e-03
1.600125632531721109e+01 5.941720113467363921e-04 1.956195391574334572e-02 9.114624694923840684e-03
1.602831324945833202e+01 6.061750821823329088e-04 1.957975612566092288e-02 9.130942078975504486e-03
1.605539726443099369e+01 6.184206311332446837e-04 1.959757616009792300e-02 9.150187046843524449e-03
1.608252485233689200e+01 6.309135565823279510e-04 1.961542486351814177e-02 9.172191063885953496e-03
1.610969928775537241e+01 6.436588558663382731e-04 1.963330439044397302e-02 9.193443908553590796e-03
1.613689380884364510e+01 6.566616272749265610e-04 1.964819469996767834e-02 9.210983218586356325e-03
1.616413544979273809e+01 6.699270720900297581e-04 1.965812098140606173e-02 9.230526739759834301e-03
1.619143379666819627e+01 6.834604966664490624e-04 1.966806792529224995e-02 9.252777664074436290e-03
1.621878109360249098e+01 6.972673145544644024e-04 1.967803270555112255e-02 9.271134985302029521e-03
1.624616390121142118e+01 7.113530486653217360e-04 1.968801042515352581e-02 9.289424742119908179e-03
1.627359811899310671e+01 7.257233334804789665e-04 1.969800687754241428e-02 9.310525963205577848e-03
1.630109076059884288e+01 7.403839173054685115e-04 1.970802461834492841e-02 9.333946400232126170e-03
1.632862524359497414e+01 7.553406645692988582e-04 1.971805760527074042e-02 9.350922736635043989e-03
1.635619831788655176e+01 7.705995581702984598e-04 1.972810465405356109e-02 9.370864861398892770e-03
1.638382503275821733e+01 7.861667018693642038e-04 1.973817124833643008e-02 9.393610698023897518e-03
1.641150747087148432e+01 8.020483227315401437e-04 1.975586503947934433e-02 9.414568887077281317e-03
1.643920920914808192e+01 8.182507736169301405e-04 1.978427091318930853e-02 9.432375361612769030e-03
1.646692401833823638e+01 8.347805357219213870e-04 1.981269019005527793e-02 9.453477226825875851e-03
1.649467061634775078e+01 8.516442211717569410e-04 1.984114206376333400e-02 9.477698570595655472e-03
1.652244704092978012e+01 8.688485756654688256e-04 1.986962452218934971e-02 9.497198783887429024e-03
1.655024381679939083e+01 8.864004811742506960e-04 1.989812784920126296e-02 9.518177596204407953e-03
1.657805509447863201e+01 9.043069586943312897e-04 1.992664604663642661e-02 9.542483849189856496e-03
1.660589973948671627e+01 9.225751710554765551e-04 1.995519845954643948e-02 9.567885672708229330e-03
1.663376916080877166e+01 9.412124257862101908e-04 1.998377627854608027e-02 9.588934102270969817e-03
1.666166257374360171e+01 9.602261780369264607e-04 2.001237869898826738e-02 9.613374049529005080e-03
1.668958889711810656e+01 9.796240335620421541e-04 2.003282588391937236e-02 9.640607898387059879e-03
1.671755595052426102e+01 9.994137517624105630e-04 2.004741499676511093e-02 9.664322303588161051e-03
1.674556421995853128e+01 1.019603248789178280e-03 2.006202561009846203e-02 9.687484727752991229e-03
1.677361956757986405e+01 1.040200600710354745e-03 2.007666078193547782e-02 9.713729549978802891e-03
1.680172921535793407e+01 1.061214046741339742e-03 2.009132427964232387e-02 9.742415342330711450e-03
1.682988478011563060e+01 1.082651992540730607e-03 2.010601173010484466e-02 9.765096945077312435e-03
1.685807115799968869e+01 1.104523013572690331e-03 2.012071525434428951e-02 9.791255651234606616e-03
1.688630785328513895e+01 1.126835858537248748e-03 2.013544502683507070e-02 9.820815478619565955e-03
1.691459812335340729e+01 1.149599452869902666e-03 2.015020274680179649e-02 9.848713399875174898e-03
1.694292919708550471e+01 1.172822902311899257e-03 2.016498175214483449e-02 9.875597901668746459e-03
1.697129622497050860e+01 1.196515496552668116e-03 2.019487508123487748e-02 9.901452603337086711e-03
1.699969108171165999e+01 1.220686712945810585e-03 2.022709069585835323e-02 9.929975187122738051e-03
1.702810074112129257e+01 1.245346220300173543e-03 2.025932310496921310e-02 9.952184704721119338e-03
1.705652840057697261e+01 1.270503882747491941e-03 2.029157593617805441e-02 9.977883193134206435e-03
1.708498245319794151e+01 1.296169763688187135e-03 2.032385871196627780e-02 1.000705397840570034e-02
1.711346732391751146e+01 1.322354129816851256e-03 2.035617645267779469e-02 1.003486208976829552e-02
1.714197075014764948e+01 1.349067455229068001e-03 2.038851524569406867e-02 1.006097386303666553e-02
1.717049691657186372e+01 1.376320425611180084e-03 2.042087983878165466e-02 1.009065554939727292e-02
1.719904781928222448e+01 1.404123942514720093e-03 2.045327249662297342e-02 1.012382903251908897e-02
1.722762350101547568e+01 1.432489127717168336e-03 2.047573235719233817e-02 1.014973728295174259e-02
1.725625607661428518e+01 1.461427327670815563e-03 2.047080618881291780e-02 1.017628230833304490e-02
1.728496735129467865e+01 1.490950118041486092e-03 2.046586648043861173e-02 1.020622367459938888e-02
1.731376095641079615e+01 1.521069308338973171e-03 2.046091260730334080e-02 1.023465999223029110e-02
1.734262383619125458e+01 1.551796946640990674e-03 2.045594681562236394e-02 1.026138823406746135e-02
1.737155958695273128e+01 1.583145324412568852e-03 2.045096848665771405e-02 1.029173465491979578e-02
1.740057577473531936e+01 1.615126981422795177e-03 2.044597631868970769e-02 1.032542691843803435e-02
1.742966319838122402e+01 1.647754710760903881e-03 2.044097189475624701e-02 1.035270295880667303e-02
1.745881490478533493e+01 1.681041563953672912e-03 2.043595641112298106e-02 1.038386221480629666e-02
1.748804251054164993e+01 1.715000856186212801e-03 2.043092786918179055e-02 1.041881819678820709e-02
1.751733434951524160e+01 1.749646171628206973e-03 2.044807308644747829e-02 1.044150405025901125e-02
1.754665442887649007e+01 1.784991368867779081e-03 2.047013000385031894e-02 1.046230362303576279e-02
1.757600744722984132e+01 1.821050586455100683e-03 2.049221170060724212e-02 1.048766983599201327e-02
1.760540098310680435e+01 1.857838248558002416e-03 2.051432387789802261e-02 1.051556575799099738e-02
1.763482523067588303e+01 1.895369070731837751e-03 2.053645915898903371e-02 1.053953442597122848e-02
1.766427897714703477e+01 1.933658065805886990e-03 2.055861663152224253e-02 1.056821527771898035e-02
1.769377092336776158e+01 1.972720549888709943e-03 2.058080284097361934e-02 1.060149954600041015e-02
1.772329993375024060e+01 2.012572148494779639e-03 2.060301693306284057e-02 1.063108595280409449e-02
1.775285607275906941e+01 2.053228802794903728e-03 2.062525143348258733e-02 1.066330950454809703e-02
1.778244722054040494e+01 2.094706775992891470e-03 2.064744722734582552e-02 1.069784197337034053e-02
1.781207923786612923e+01 2.137022659831072299e-03 2.066961667475901779e-02 1.072998379340643627e-02
1.784173937078157479e+01 2.180193381227201257e-03 2.069180715709132909e-02 1.075996652835693908e-02
1.787143115092899848e+01 2.224236209045457255e-03 2.071402131657114343e-02 1.079416986888707269e-02
1.790116306086599351e+01 2.269168761004206059e-03 2.073626549949654160e-02 1.083207999294152034e-02
1.793092786678268169e+01 2.315009010723343037e-03 2.075853429383073614e-02 1.086376545663960205e-02
1.796072060844978324e+01 2.361775294913967798e-03 2.078082398853573279e-02 1.089991063393518783e-02
1.799055018849066556e+01 2.409486320713319796e-03 2.080314124418541216e-02 1.094043599913315824e-02
1.802041818104898852e+01 2.458161173167864970e-03 2.082548723848882608e-02 1.097794853920149721e-02
1.805031655375279342e+01 2.507819322867597348e-03 2.083200398642488446e-02 1.101579662873050820e-02
1.808030003392256546e+01 2.558480633734512913e-03 2.080836504973664070e-02 1.105517722645633048e-02
1.811038912732910333e+01 2.610165370968457136e-03 2.078464284771017537e-02 1.109329708570981100e-02
1.814057051403575471e+01 2.662894209153452655e-03 2.076084788176618678e-02 1.112697034094605776e-02
1.817084641434985670e+01 2.716688240527839922e-03 2.073697840141726714e-02 1.116339636943671464e-02
1.820122505630952148e+01 2.771568983421430522e-03 2.071302791968888599e-02 1.120201400631326213e-02
1.823169882714179835e+01 2.827558390863140446e-03 2.068900243848132217e-02 1.123270904960106155e-02
1.826226260020680670e+01 2.884678859362472137e-03 2.066490599963077129e-02 1.126629145117667187e-02
1.829292517420006448e+01 2.942953237868446183e-03 2.064073166625715605e-02 1.130263751235702045e-02
1.832368228169464075e+01 3.002404836909467693e-03 2.062504929697060035e-02 1.133409246993966231e-02
1.835449672025052337e+01 3.063057437917850526e-03 2.062626233838173520e-02 1.136890755905697707e-02
1.838536753940364576e+01 3.124935302742716872e-03 2.062747759927186994e-02 1.140731724649113321e-02
1.841629908414271455e+01 3.188063183355034375e-03 2.062869525068585994e-02 1.144311131456009212e-02
1.844727793931135906e+01 3.252466331748768945e-03 2.062991476452256598e-02 1.147716138036036955e-02
1.847830986945476184e+01 3.318170510042000015e-03 2.063113636770910753e-02 1.151490560842482330e-02
1.850940269396047810e+01 3.385202000782116909e-03 2.063236036806356116e-02 1.155275431667367354e-02
1.854054092808929610e+01 3.453587617459169014e-03 2.063358615601356208e-02 1.158640623691312155e-02
1.857172622414309515e+01 3.523354715231653660e-03 2.063481379660364601e-02 1.162386036039113855e-02
1.860297989320790180e+01 3.594531201868920219e-03 2.061696723901322234e-02 1.166123001384256064e-02
1.863433270849630929e+01 3.667145548914662115e-03 2.058153710251774821e-02 1.168883978463502830e-02
1.866578873547189588e+01 3.741226803075889916e-03 2.054599033202525807e-02 1.171932987791055210e-02
1.869735741197855461e+01 3.816804597842037190e-03 2.051031626233410649e-02 1.175256579149053064e-02
1.872903432229804466e+01 3.893909165338727170e-03 2.047451988341085841e-02 1.177764621858758999e-02
1.876080700446436111e+01 3.972571348421041412e-03 2.043861527785550969e-02 1.180475910321852895e-02
1.879268374084590221e+01 4.052822613011040562e-03 2.040259308620735040e-02 1.183476906344678448e-02
1.882466874277665170e+01 4.134695060684599570e-03 2.036644854946351516e-02 1.185798750996514168e-02
1.885675003408293193e+01 4.218221441512435416e-03 2.033019520125612517e-02 1.188147436580894341e-02
1.888888085793421467e+01 4.303435167160585273e-03 2.037153182816390032e-02 1.190882595382225691e-02
1.892098078837446096e+01 4.390370324255494193e-03 2.042155781603558276e-02 1.193296335939337399e-02
1.895303532359583087e+01 4.479061688019155864e-03 2.047151305793873041e-02 1.195791432707448212e-02
1.898506178163757241e+01 4.569544736179643324e-03 2.052142454309137040e-02 1.198770087630142422e-02
1.901706676196231527e+01 4.661855663162686562e-03 2.057130255639546407e-02 1.201599139541666833e-02
1.904903939779473987e+01 4.756031394569890623e-03 2.062113016257535736e-02 1.204377849803676091e-02
1.908098133264398655e+01 4.852109601949520894e-03 2.067090992295025909e-02 1.207637677105459148e-02
1.911290146974016579e+01 4.950128717865587974e-03 2.072065571271788573e-02 1.210898307333820728e-02
1.914480505346115891e+01 5.050127951271397332e-03 2.074442228145612077e-02 1.214005813452702365e-02
1.917677304099996149e+01 5.152147303193661300e-03 2.072191881503610000e-02 1.217630356435832339e-02
1.920883855114540850e+01 5.256227582733407136e-03 2.069934669879252773e-02 1.221279470542585219e-02
1.924098179304816369e+01 5.362410423390215862e-03 2.067671986424714572e-02 1.224379129898997207e-02
1.927320219924880362e+01 5.470738299716138356e-03 2.065403871085594659e-02 1.227906091756285865e-02
1.930551527443902771e+01 5.581254544306107034e-03 2.063129232428443510e-02 1.231647874734670238e-02
1.933791252895439783e+01 5.694003365131508794e-03 2.060848668072609233e-02 1.234872326876674392e-02
1.937039158883010970e+01 5.809029863224020318e-03 2.058562345130385274e-02 1.238526424577427072e-02
1.940295275799523367e+01 5.926380050716583900e-03 2.056270242207063753e-02 1.242496855517754607e-02
1.943558642908950773e+01 6.046100869248900722e-03 2.055887074140896886e-02 1.245181860874472468e-02
1.946827124507036189e+01 6.168240208744658892e-03 2.055749493789233925e-02 1.248186619452808233e-02
1.950101107199751382e+01 6.292846926568214892e-03 2.055611681879732089e-02 1.251540472802963912e-02
1.953379417108028449e+01 6.419970867068141782e-03 2.055473687824539708e-02 1.254037045937595775e-02
1.956662521546056865e+01 6.549662881515660312e-03 2.055335491952977808e-02 1.256945920469151011e-02
1.959951471921482025e+01 6.681974848445776556e-03 2.055197050008094467e-02 1.260249104469216529e-02
1.963244576890840420e+01 6.816959694409457059e-03 2.055058433183690886e-02 1.262897817308278499e-02
1.966542572798464406e+01 6.954671415144907977e-03 2.054919610484789647e-02 1.265942246360850579e-02
1.969846250661263198e+01 7.095165097176618814e-03 2.055900235762597728e-02 1.269358564273523164e-02
1.973151971296043783e+01 7.238496939850650944e-03 2.057765893096556373e-02 1.272019668336405243e-02
1.976458772248260587e+01 7.384724277815202763e-03 2.059632160131808984e-02 1.275096852393334604e-02
1.979768634224198820e+01 7.533905603955183203e-03 2.061500154724222461e-02 1.278623962623624474e-02
1.983080958327013477e+01 7.686100592790173248e-03 2.063369538872975723e-02 1.281628024559461343e-02
1.986394467097555960e+01 7.841370124344973838e-03 2.065239591615442016e-02 1.285031900572434875e-02
1.989711562974043346e+01 7.999776308502506636e-03 2.067111668821331946e-02 1.288883437599205352e-02
1.993031832622696697e+01 8.161382509848548808e-03 2.068985537216488230e-02 1.292120012444550846e-02
1.996354292032920341e+01 8.326253373018413506e-03 2.067697434512183463e-02 1.295427552229943234e-02
1.999692744332947569e+01 8.494454848555691232e-03 2.059238134062884445e-02 1.298479253974784732e-02
2.003051089602009327e+01 8.666054219293286079e-03 2.050728426842192767e-02 1.301037839548105368e-02
2.006427794220751437e+01 8.841120127267529036e-03 2.042172198886429285e-02 1.303960415069067499e-02
2.009825244257124410e+01 9.019722601175849536e-03 2.033563404140754233e-02 1.307318942600690405e-02
2.013242316754062600e+01 9.201933084389230660e-03 2.024904888064786232e-02 1.310140812378495292e-02
2.016678927057022008e+01 9.387824463530427058e-03 2.016196865164577787e-02 1.313375390989562734e-02
2.020136367514647446e+01 9.577471097629698324e-03 2.007436060759381496e-02 1.317023896973683848e-02
2.023611944431579346e+01 9.770948847869337026e-03 2.003119212148349315e-02 1.319669829382611077e-02
2.027087826657781022e+01 9.968335107929196873e-03 2.010821539098707825e-02 1.321655918115327913e-02
2.030555402773266138e+01 1.016970883494511778e-02 2.018505460252706732e-02 1.324249774941402800e-02
2.034016873968576178e+01 1.037515058109294425e-02 2.026175853304159474e-02 1.326820117187654975e-02
2.037470026323977024e+01 1.058474252581039117e-02 2.033827812352197173e-02 1.330153494938798864e-02
2.040918473497863417e+01 1.079856850866996176e-02 2.041469345026719617e-02 1.333011250347515726e-02
2.044353282486682133e+01 1.101671406291581702e-02 2.049080656377973847e-02 1.333455060508914256e-02
2.047774958436109927e+01 1.123926644967831838e-02 2.056662865775635285e-02 1.334822630354645483e-02
2.051186567901453728e+01 1.146631469287957145e-02 2.056676202492692743e-02 1.336251699165916240e-02
2.054612242836897451e+01 1.169794961484423371e-02 2.042479997654441520e-02 1.336567377405711507e-02
2.058061152667456284e+01 1.193426387262955593e-02 2.028187506000696597e-02 1.337094283349038112e-02
2.061533063961793033e+01 1.217535199508956723e-02 2.013799694885087116e-02 1.337105090786465909e-02
2.065027864399120006e+01 1.242131042068780541e-02 1.999317029771773349e-02 1.336443334794841335e-02
2.068544747653555760e+01 1.267223753607402310e-02 1.984742852124144613e-02 1.336018939583078803e-02
2.072086043169649372e+01 1.292823371544006734e-02 1.970067508582614563e-02 1.334838913953058370e-02
2.075648777551278812e+01 1.318940136067103287e-02 1.955303321081169193e-02 1.333247123411478337e-02
2.079228307749927396e+01 1.345584494230729795e-02 1.953188369616177741e-02 1.330036271039090889e-02
2.082792935681304769e+01 1.372767104133414649e-02 1.962341686351998238e-02 1.324972709507103892e-02
2.086336261882828325e+01 1.400498839181560547e-02 1.971440304116670386e-02 1.320895650796029275e-02
2.089861258868048566e+01 1.428790792438943379e-02 1.980491855784803287e-02 1.318025623807067906e-02
2.093366673967097924e+01 1.457654281064099840e-02 1.989493124727822679e-02 1.314735259472495782e-02
2.096853993150486062e+01 1.487100850837331373e-02 1.998447926647954620e-02 1.312472434538571563e-02
2.100323706634461018e+01 1.517142280779176268e-02 2.007357520331438244e-02 1.311061895984827474e-02
2.103776645137742562e+01 1.547790587862163565e-02 2.016224038912981312e-02 1.309168186448913911e-02
2.107214542453489869e+01 1.579058031817778471e-02 2.021891223980000138e-02 1.308808946938196799e-02
2.110643771545729663e+01 1.610957120040508797e-02 2.026442807439387747e-02 1.309216381212237497e-02
2.114064658705768807e+01 1.643500612590972562e-02 2.030983318730774159e-02 1.309208976651137120e-02
2.117475546524795504e+01 1.676701527300103467e-02 2.035510557991061786e-02 1.310081373089068933e-02
2.120880140627833654e+01 1.710573144976472795e-02 2.040029443661425454e-02 1.311363872887171163e-02
2.124275359024756682e+01 1.745129014718778751e-02 2.044535885045413101e-02 1.312337591806259085e-02
2.127662710757669373e+01 1.780382959335672852e-02 2.049031885080389651e-02 1.314148109168805818e-02
2.131043959317199210e+01 1.816349080875053618e-02 2.053519784430847539e-02 1.316270037036329325e-02
2.134422305551974119e+01 1.853041766265095189e-02 2.047442827142161026e-02 1.316465086776661200e-02
2.137816786119338985e+01 1.890475693069195925e-02 2.037148701185034771e-02 1.316476542868316203e-02
2.141228458040787075e+01 1.928665835357205871e-02 2.026802440605012662e-02 1.316327986702538720e-02
2.144655883678922592e+01 1.967627469695243034e-02 2.016408405191506131e-02 1.315610325127927228e-02
2.148100008027896379e+01 2.007376181256541325e-02 2.005963729148518837e-02 1.315334138285571483e-02
2.151560658772643819e+01 2.047927870055714361e-02 1.995468935039943978e-02 1.314764813454910239e-02
2.155037554426317925e+01 2.089298757308982388e-02 1.984924876504799360e-02 1.313773103262231082e-02
2.158529706512118551e+01 2.131505391922858261e-02 1.974334551204872876e-02 1.313248317917591751e-02
2.162032288223576160e+01 2.174564657113954927e-02 1.974093812533894363e-02 1.311768417049787201e-02
2.165525918595821508e+01 2.218493777162478323e-02 1.976936846428353420e-02 1.310253015539858922e-02
2.169013654840114569e+01 2.263310324302178489e-02 1.979775083820675338e-02 1.309502218227252476e-02
2.172493080648053976e+01 2.309032225749476849e-02 1.982606558376144579e-02 1.308368872014784891e-02
2.175965842418455765e+01 2.355677770874577831e-02 1.985432609895237607e-02 1.307558729846759055e-02
2.179430625964103996e+01 2.403265618517484367e-02 1.988252168923432955e-02 1.307518204316144607e-02
2.182889996641866404e+01 2.451814804451766389e-02 1.991067323087568341e-02 1.306879028699819631e-02
2.186341054280683949e+01 2.501344748999133685e-02 1.993875712296923688e-02 1.306760702419912726e-02
2.189793792137341555e+01 2.551875264797804493e-02 1.987747532845140358e-02 1.306838024128547347e-02
2.193256491297520938e+01 2.603426564727851639e-02 1.980668324453961626e-02 1.305765273583864988e-02
2.196728828245986875e+01 2.656019269996606064e-02 1.973569412384075863e-02 1.305014764230208804e-02
2.200212147455577139e+01 2.709674418387426897e-02 1.966448047969499360e-02 1.304559186939280302e-02
2.203705203615002262e+01 2.764413472675072286e-02 1.959306777148449655e-02 1.303011331149417536e-02
2.207207893516043029e+01 2.820258329211125167e-02 1.952145810921784852e-02 1.301901808523866187e-02
2.210721102175007502e+01 2.877231326682807774e-02 1.944963339945237485e-02 1.300876253271532161e-02
2.214243626467809278e+01 2.935355255048765002e-02 1.938178182769484045e-02 1.298905034992997760e-02
2.217769379745390879e+01 2.994653364655328401e-02 1.936995595447486493e-02 1.295984178015983923e-02
2.221294651457804292e+01 3.055149375536997738e-02 1.935813169649231238e-02 1.293089354978227065e-02
2.224818214290087681e+01 3.116867486904749754e-02 1.934631317033446915e-02 1.289826753821401127e-02
2.228340120708129390e+01 3.179832386826057095e-02 1.933450020002335651e-02 1.287203201213090245e-02
2.231862170210723306e+01 3.244069262100419265e-02 1.932268674978649889e-02 1.284337364178743564e-02
2.235381542402838662e+01 3.309603808334455471e-02 1.931088227962617782e-02 1.281370594973800861e-02
2.238900723039807872e+01 3.376462240220463873e-02 1.929907845196880689e-02 1.279016878435182067e-02
2.242418168914896981e+01 3.444671302022663667e-02 1.929706860054702586e-02 1.276202227680086655e-02
2.245930396264731144e+01 3.514258278275229908e-02 1.931697790645317547e-02 1.273657220827777506e-02
2.249435262794231605e+01 3.585251004696508176e-02 1.933684548703543810e-02 1.271861134737078784e-02
2.252935097348067117e+01 3.657677879323648074e-02 1.935668454351238341e-02 1.269465996074040093e-02
2.256426630655170484e+01 3.731567873872213698e-02 1.937647654379275053e-02 1.267577883904340459e-02
2.259913678932556635e+01 3.806950545325222396e-02 1.939624312036908674e-02 1.266386710699190718e-02
2.263393691228068150e+01 3.883856047756378826e-02 1.941596981299101299e-02 1.264397012086376088e-02
2.266868042335525146e+01 3.962315144392076355e-02 1.943566441477326961e-02 1.263082029724578448e-02
2.270338028543182318e+01 4.042359219917102814e-02 1.942775243253649572e-02 1.261935490376029333e-02
2.273811237911506922e+01 4.124020293028945322e-02 1.939012352588187493e-02 1.259583683538810679e-02
2.277288061091455873e+01 4.207331029245661713e-02 1.935245546702943006e-02 1.257774831717502033e-02
2.280770319267593393e+01 4.292324753972572710e-02 1.931472852518360123e-02 1.256131088395513393e-02
2.284256283225689899e+01 4.379035465832831209e-02 1.927696143472920273e-02 1.253825589730175362e-02
2.287746253970107446e+01 4.467497850267349024e-02 1.923915093457142372e-02 1.252051213002745855e-02
2.291241320044982999e+01 4.557747293409399048e-02 1.920128523137407464e-02 1.250233291799457587e-02
2.294739793752045642e+01 4.649819896239586886e-02 1.916338260973620908e-02 1.247962782318759976e-02
2.298241068579287827e+01 4.743752489026694524e-02 1.914637546606303906e-02 1.246097947540367699e-02
2.301741680213939389e+01 4.839582646060298921e-02 1.914113640505651914e-02 1.244014572411154471e-02
2.305239694352621527e+01 4.937348700680947028e-02 1.913590123149632588e-02 1.241829760497682213e-02
2.308736003811262449e+01 5.037089760614062162e-02 1.913066860918250650e-02 1.240283092051626748e-02
2.312231352838706044e+01 5.138845723613513772e-02 1.912543742426253690e-02 1.238384640169597553e-02
2.315724040196885269e+01 5.242657293421278120e-02 1.912021022283148450e-02 1.236587799106388628e-02
2.319215582480353177e+01 5.348565996049430005e-02 1.911498473513417035e-02 1.235405341178483218e-02
2.322705802234578343e+01 5.456614196391167126e-02 1.910976122675136710e-02 1.233662382425640934e-02
2.326194008784676370e+01 5.566845115167285557e-02 1.910334883533373884e-02 1.231543572337776352e-02
2.329681175067848642e+01 5.679302846215070893e-02 1.909667697435265057e-02 1.229940740125011998e-02
2.333167726019219046e+01 5.794032374126381613e-02 1.909000629066220922e-02 1.227644607766130436e-02
2.336651927874710211e+01 5.911079592242137609e-02 1.908334010140646034e-02 1.225901177265022006e-02
2.340136268137519338e+01 6.030491321010235384e-02 1.907667364734132176e-02 1.224741111006925377e-02
2.343618759981691824e+01 6.152315326714371396e-02 1.907001072978439099e-02 1.222819464153474846e-02
2.347100420259104325e+01 6.276600340581146853e-02 1.906334940323212157e-02 1.221555941020007786e-02
2.350580977944729000e+01 6.403396078273275449e-02 1.905669018622626817e-02 1.220681620548918350e-02
2.354059270142896665e+01 6.532753259776465093e-02 1.907188133407179340e-02 1.218472811007467391e-02
2.357531131440403627e+01 6.664723629688104611e-02 1.908759515170733306e-02 1.216883496826340685e-02
2.361000421213551803e+01 6.799359977915797604e-02 1.910329733049518502e-02 1.215455622763165523e-02
2.364462895767763584e+01 6.936716160793986174e-02 1.911896866326174421e-02 1.213625130989254633e-02
2.367921947887542800e+01 7.076847122627275000e-02 1.913462450591912889e-02 1.212392153214518313e-02
2.371376388578364569e+01 7.219808917668833759e-02 1.915025947701872941e-02 1.211170485910510568e-02
2.374826588721240483e+01 7.365658732542876286e-02 1.916587525518653398e-02 1.209684581901514407e-02
2.378272228700488355e+01 7.514454909120014958e-02 1.917700867532603007e-02 1.208783899436445194e-02
2.381720472279317491e+01 7.666256967854868931e-02 1.913610027781546472e-02 1.207568098988640558e-02
2.385174075305031849e+01 7.821125631594987027e-02 1.909512829825838615e-02 1.206096444215178087e-02
2.388633329049737242e+01 7.979122849870824707e-02 1.905408928113466391e-02 1.205073326529380526e-02
2.392099769936612930e+01 8.140311823676317504e-02 1.901296499901670989e-02 1.203612452786536127e-02
2.395570397993137846e+01 8.304757030750220537e-02 1.897179104221756452e-02 1.202062916192822919e-02
2.399047984369363817e+01 8.472524251367993808e-02 1.893053453507015371e-02 1.200953682592578210e-02
2.402530776952948344e+01 8.643680594654823413e-02 1.888921626384045330e-02 1.199256145575581904e-02
2.406019449058521431e+01 8.818294525430113440e-02 1.885099453367505146e-02 1.197516840673631955e-02
2.409510966283085054e+01 8.996435891594402323e-02 1.882568544248759690e-02 1.195787346105271591e-02
2.413006694539430441e+01 9.178175952069406174e-02 1.880034582663693554e-02 1.193331743687940649e-02
2.416502944850778434e+01 9.363587405302567501e-02 1.877500242654669624e-02 1.191219491139988533e-02
2.420003771786070246e+01 9.552744418347328126e-02 1.874962585171170704e-02 1.189594089101555369e-02
2.423505810927054682e+01 9.745722656531051464e-02 1.872424048991607956e-02 1.187080640907158674e-02
2.427011172172948861e+01 9.942599313722089160e-02 1.869883104705463012e-02 1.185081618179382838e-02
2.430518568398155566e+01 1.014345314320839186e-01 1.867340685316271065e-02 1.183378601026872576e-02
2.434028867855358769e+01 1.034836448919980584e-01 1.866220216534412654e-02 1.180891141474958890e-02
2.437534575867297093e+01 1.055741531896693119e-01 1.867343913678328610e-02 1.178813165091986866e-02
2.441038273192482677e+01 1.077068925562905816e-01 1.868466966329618631e-02 1.176849527035286891e-02
2.444536038958812085e+01 1.098827161160454147e-01 1.869588117717106354e-02 1.174485518240340684e-02
2.448031030381409678e+01 1.121024942273692870e-01 1.870708379834262053e-02 1.172664824584696702e-02
2.451521739211722206e+01 1.143671148311037472e-01 1.871827269236775448e-02 1.170783675121463488e-02
2.455009419442527374e+01 1.166774838056858637e-01 1.872945187871442527e-02 1.168680536955749201e-02
2.458492130078960614e+01 1.190345253295107680e-01 1.874061513584228053e-02 1.167128494648768215e-02
2.461973443590246546e+01 1.214391822506158541e-01 1.875343961143250554e-02 1.165144256265865548e-02
2.465448780129003481e+01 1.238924164638316588e-01 1.876751261043210078e-02 1.163036905125290274e-02
2.468921793897181161e+01 1.263952092955538953e-01 1.878157620362374755e-02 1.161487375544677757e-02
2.472390753142251896e+01 1.289485618962863123e-01 1.879562337846310202e-02 1.159578700375983942e-02
2.475856260579024948e+01 1.315534956411145429e-01 1.880965657557851986e-02 1.157828524994230016e-02
2.479318131894008559e+01 1.342110525382689545e-01 1.882367504861247667e-02 1.156632976060685720e-02
2.482777550132945521e+01 1.369222956459432705e-01 1.883768358818060581e-02 1.154917154179536769e-02
2.486232922491020503e+01 1.396883094975308881e-01 1.885167574439227875e-02 1.153507755764263641e-02
2.489686605751943560e+01 1.425102005354534074e-01 1.885190678531359007e-02 1.152623976553679257e-02
2.493141306039706961e+01 1.453890975537512065e-01 1.884570438035263265e-02 1.151070818232689981e-02
2.496595487201310704e+01 1.483261521496176405e-01 1.883950290740614777e-02 1.149930474781941936e-02
2.500051966955036420e+01 1.513225391840523071e-01 1.883329730767644566e-02 1.149256402109832126e-02
2.503508098392228121e+01 1.543794572518216446e-01 1.882709233329771595e-02 1.147808450109325147e-02
2.506965720441942480e+01 1.574981291609116318e-01 1.882088468274399976e-02 1.146854070687033759e-02
2.510423725153671981e+01 1.606798024216690435e-01 1.881467634517705947e-02 1.146215792642816221e-02
2.513883386940323916e+01 1.639257497458210533e-01 1.880846503257643798e-02 1.144924076212348180e-02
2.517341406742679411e+01 1.672372695555774946e-01 1.882115208529786671e-02 1.144133377406043352e-02
2.520797503044678223e+01 1.706156865030158676e-01 1.883936239950918801e-02 1.143701504661218983e-02
2.524249550881466675e+01 1.740623519999615898e-01 1.885755138219004021e-02 1.142986824203417670e-02
2.527698157058350148e+01 1.775786447585696037e-01 1.887572223062265742e-02 1.142950217725399557e-02
2.531144827466936675e+01 1.811659713428278584e-01 1.889388287941213412e-02 1.143135618576337532e-02
2.534587328602867373e+01 1.848257667312020736e-01 1.891202156013172681e-02 1.143144578331957949e-02
2.538027880946289727e+01 1.885594948906448576e-01 1.893014997258307686e-02 1.143787608937684060e-02
2.541465186958418698e+01 1.923686493622040194e-01 1.894826127998070972e-02 1.144520949158455564e-02
2.544902867126652524e+01 1.962547538584575590e-01 1.893391921850975934e-02 1.144186595364077817e-02
2.548343939430088767e+01 2.002193628730198072e-01 1.891357765806277180e-02 1.144172425827922127e-02
2.551790625459267758e+01 2.042640623023579960e-01 1.889320291262824164e-02 1.143970925588366772e-02
2.555240704735582113e+01 2.083904700801742782e-01 1.887280810834704101e-02 1.143662039296315137e-02
2.558695203605530821e+01 2.126002368245992757e-01 1.885238717807279432e-02 1.143823889682975443e-02
2.562154946725656757e+01 2.168950464984621407e-01 1.883193524692946749e-02 1.143667474275824464e-02
2.565617725335738086e+01 2.212766170828964762e-01 1.881146537178585154e-02 1.143528928032231350e-02
2.569085766001097682e+01 2.257467012645582027e-01 1.879096439052004713e-02 1.143846130088727736e-02
2.572557188828574937e+01 2.303070871367219330e-01 1.877632835322185639e-02 1.143694842238665577e-02
2.576032060976000793e+01 2.349595989145428221e-01 1.876213014008391161e-02 1.143572875533861027e-02
2.579509298605792011e+01 2.397060976647655550e-01 1.874792226166293804e-02 1.143793427634877576e-02
2.582991212571221595e+01 2.445484820501781231e-01 1.873369527588857400e-02 1.143288950007212423e-02
2.586474294367972604e+01 2.494886890891006570e-01 1.871946351839389941e-02 1.142978712104371526e-02
2.589962358648696039e+01 2.545286949302195123e-01 1.870521140263382495e-02 1.142998870940557625e-02
2.593452461477764359e+01 2.596705156430711425e-01 1.869095095743236040e-02 1.142163664179707792e-02
2.596946213583058594e+01 2.649162080244997219e-01 1.868100446708841761e-02 1.141691915138492823e-02
2.600437013081984716e+01 2.702678704214013239e-01 1.872079722551985015e-02 1.141762251424781674e-02
2.603922099986419880e+01 2.757276435700916073e-01 1.876052486422937968e-02 1.141359151009173692e-02
2.607399339340592093e+01 2.812977114526269973e-01 1.880016304616203421e-02 1.141555806942655925e-02
2.610872095103492185e+01 2.869803021704296353e-01 1.883975011818005141e-02 1.142006771941546546e-02
2.614337703583170125e+01 2.927776888355554941e-01 1.887925571599287020e-02 1.142147923844176460e-02
2.617797947985644669e+01 2.986921904799701433e-01 1.891870016694565185e-02 1.142853379603560662e-02
2.621253174968696342e+01 3.047261729831929333e-01 1.895808742270314873e-02 1.143675663197599168e-02
2.624702861707726598e+01 3.108820500186783020e-01 1.898644520382515577e-02 1.144266515457483327e-02
2.628154211246496175e+01 3.171622840193203952e-01 1.897193897198275539e-02 1.145172651950755564e-02
2.631610438175960809e+01 3.235693871624570894e-01 1.895741224017087612e-02 1.145948634603321213e-02
2.635071421097221744e+01 3.301059223747753180e-01 1.894286551863646334e-02 1.146531119139619810e-02
2.638536173147628716e+01 3.367745043575138264e-01 1.892830295522321057e-02 1.147543172263783447e-02
2.642007368754778440e+01 3.435778006323819689e-01 1.891371330914940960e-02 1.148283640451315188e-02
2.645481218402712997e+01 3.505185326086014963e-01 1.889911250798090650e-02 1.148975282894636359e-02
2.648961161745611648e+01 3.575994766715078210e-01 1.888448609464216804e-02 1.150077443058967336e-02
2.652445341527948486e+01 3.648234652931387489e-01 1.886571879062455895e-02 1.150694944339943765e-02
2.655936323359071238e+01 3.721933881652645937e-01 1.883810218006002832e-02 1.151159916299508007e-02
2.659433757953310717e+01 3.797121933553012640e-01 1.881043452269701155e-02 1.151967723168600966e-02
2.662939479316279900e+01 3.873828884855775034e-01 1.878270131000431276e-02 1.152136591720979292e-02
2.666450611338564869e+01 3.952085419364212981e-01 1.875492529443309811e-02 1.152482662782110256e-02
2.669970327640665175e+01 4.031922840735571723e-01 1.872708136996859701e-02 1.153161331292763304e-02
2.673495929692886364e+01 4.113373085002912100e-01 1.869919088425662373e-02 1.153050067801174305e-02
2.677029159763383603e+01 4.196468733349967284e-01 1.867124005448664303e-02 1.153282959724988288e-02
2.680566582457256430e+01 4.281243025144018111e-01 1.868405909124504910e-02 1.153794480743155701e-02
2.684099293832997191e+01 4.367729871232126637e-01 1.873198169651571141e-02 1.153932351304218923e-02
2.687623790489270448e+01 4.455963867505903231e-01 1.877979286591840297e-02 1.154618140457141368e-02
2.691143100181295011e+01 4.545980308740333875e-01 1.882753367213152104e-02 1.155446466751661877e-02
2.694654801169457059e+01 4.637815202712132212e-01 1.887517126331430053e-02 1.156050737846951726e-02
2.698160869098696324e+01 4.731505284603375050e-01 1.892273243985956657e-02 1.157170865168856422e-02
2.701661168327810714e+01 4.827088031696037396e-01 1.897021536174159709e-02 1.158266211751922403e-02
2.705155777821919472e+01 4.924601678363410562e-01 1.901762110015298157e-02 1.159292874059762203e-02
2.708648537234356724e+01 5.024085231364369131e-01 1.900866080807561698e-02 1.160716539745668997e-02
2.712150180166291591e+01 5.125578485446560251e-01 1.898167335757528287e-02 1.161796283751709291e-02
2.715658943767101263e+01 5.229122039264888500e-01 1.895463102749341336e-02 1.162829909161750691e-02
2.719176667580435236e+01 5.334757311621478593e-01 1.892751964031558209e-02 1.164222407041128927e-02
2.722702687708295244e+01 5.442526558033774498e-01 1.890034431275834648e-02 1.165134706008573787e-02
2.726236559329857911e+01 5.552472887637260879e-01 1.887310847309243284e-02 1.166168421994180290e-02
2.729779064439831515e+01 5.664640280429761310e-01 1.884580609442020743e-02 1.167564371676848255e-02
2.733329695581662477e+01 5.779073604863976810e-01 1.881844108775113447e-02 1.168303410475775815e-02
2.736884003039337898e+01 5.895818635795492257e-01 1.883921133792323260e-02 1.169050193583879085e-02
2.740437514416768749e+01 6.014922072793278396e-01 1.886002626982860239e-02 1.170281173575769308e-02
2.743991314361015910e+01 6.136431558820211185e-01 1.888084289203350793e-02 1.171160586677569282e-02
2.747543002142856849e+01 6.260395699290851601e-01 1.890164714210505054e-02 1.172636237394708222e-02
2.751096173729537497e+01 6.386864081514274094e-01 1.892246008366324853e-02 1.174326943629636771e-02
2.754647840403851333e+01 6.515887294529614238e-01 1.894326421009603217e-02 1.175840618651437589e-02
2.758199967316269152e+01 6.647516949342422432e-01 1.896407103240446701e-02 1.177888595679267396e-02
2.761752608763312722e+01 6.781805699569708468e-01 1.898292205841995914e-02 1.179759397452546064e-02
2.765305750423507547e+01 6.918807262502114641e-01 1.899732570747586502e-02 1.181283351399643397e-02
2.768860846131880038e+01 7.058576440591505241e-01 1.901173727781014025e-02 1.183375026584085332e-02
2.772417434115023838e+01 7.201169143372738723e-01 1.902615489749570968e-02 1.185301612159373255e-02
2.775976060967553849e+01 7.346642409828191278e-01 1.904058078230604079e-02 1.187434444922593618e-02
2.779535620180457656e+01 7.495054431204124512e-01 1.905501044669875160e-02 1.190092789988503146e-02
2.783098356781996685e+01 7.646464574287918925e-01 1.906945299152100828e-02 1.192348322074826029e-02
2.786661786434524402e+01 7.800933405155648925e-01 1.908389834581842096e-02 1.194984010965717026e-02
2.790229639726769051e+01 7.958522713399271975e-01 1.907676454329391980e-02 1.197524194743260738e-02
2.793805438841804545e+01 8.119295536843306182e-01 1.905662356920856740e-02 1.199213791984658252e-02
2.797389283937480187e+01 8.283316186760810718e-01 1.903643727549468936e-02 1.201311817394678551e-02
2.800983140666428994e+01 8.450650273598693252e-01 1.901619459045685717e-02 1.203514546357517707e-02
2.804584168760896645e+01 8.621364733222852683e-01 1.899591151213001969e-02 1.205384766372034379e-02
2.808194563897719220e+01 8.795527853693365650e-01 1.897557567318904764e-02 1.207649886646938384e-02
2.811814068672087430e+01 8.973209302580636981e-01 1.895518852348708830e-02 1.209793851954546300e-02
2.815441552778081657e+01 9.154480154833314343e-01 1.893430551301155187e-02 1.211823354410063169e-02
2.819080127381612755e+01 9.339412921209285789e-01 1.889865014956322239e-02 1.213781906298291857e-02
2.822730086956348572e+01 9.528081577280906878e-01 1.886288322174412002e-02 1.215358884947028394e-02
2.826391404978742017e+01 9.720561593026240121e-01 1.882700498946555945e-02 1.217069490871289933e-02
2.830065398266152954e+01 9.916929963017983019e-01 1.879100254888285693e-02 1.219137234567052412e-02
2.833750456122907124e+01 1.011726523722242810e+00 1.875489168363271564e-02 1.220617026833530246e-02
2.837447131671522271e+01 1.032164755242042764e+00 1.871866697351999564e-02 1.222498030748491241e-02
2.841156635804302510e+01 1.053015866426322056e+00 1.868231655268789287e-02 1.224460865251606780e-02
2.844872262513867511e+01 1.074288197997568695e+00 1.872742153149482142e-02 1.225946040762151967e-02
2.848574944824055066e+01 1.095990259172047843e+00 1.882798334606575197e-02 1.227797097311681372e-02
2.852264345000390122e+01 1.118130731063593952e+00 1.892818442877537699e-02 1.229581360206479825e-02
2.855939818494086424e+01 1.140718470156176334e+00 1.902800727420732307e-02 1.231546296891955841e-02
2.859601541828236293e+01 1.163762511846601289e+00 1.912745667658399817e-02 1.234063485625267603e-02
2.863251790920200435e+01 1.187272074058805638e+00 1.922659444795418379e-02 1.236299541267751184e-02
2.866889969085319478e+01 1.211256560931138537e+00 1.932540438285194201e-02 1.239016199767997359e-02
2.870517211592536810e+01 1.235725566578149026e+00 1.940321699591448373e-02 1.242247569698414454e-02
2.874151133998522667e+01 1.260688878928349244e+00 1.935647116112536315e-02 1.245474915268028268e-02
2.877800942145347918e+01 1.286156483639529835e+00 1.930952097628860220e-02 1.249000453994058256e-02
2.881467616964132361e+01 1.312138568093147883e+00 1.926235382296083778e-02 1.252454420885033316e-02
2.885150814782566187e+01 1.338645525469420061e+00 1.921497412205348115e-02 1.255671378110998285e-02
2.888850375887815503e+01 1.365687958904722166e+00 1.916738392807097388e-02 1.259196519642070099e-02
2.892566686679602839e+01 1.393276685733002340e+00 1.911957827046756320e-02 1.262409148142110138e-02
2.896299510994340309e+01 1.421422741812845336e+00 1.907156018719035825e-02 1.265667205013679304e-02
2.900045620750881881e+01 1.450137385941969503e+00 1.907877465461876171e-02 1.268897573735572673e-02
2.903793650978148477e+01 1.479432104360896227e+00 1.910712136647303716e-02 1.271539472016941508e-02
2.907543562900295697e+01 1.509318615347588821e+00 1.913548230976605535e-02 1.274611541116514937e-02
2.911296566754961646e+01 1.539808873904936926e+00 1.916386663764107004e-02 1.277796769240631576e-02
2.915051990723854658e+01 1.570915076542905853e+00 1.919226926907195013e-02 1.280837986165622028e-02
2.918809452172359897e+01 1.602649666157305530e+00 1.922068731015642851e-02 1.284299691934297216e-02
2.922570199097232901e+01 1.635025337007115498e+00 1.924913019961358579e-02 1.287589704603353535e-02
2.926334206740968469e+01 1.668055039792362138e+00 1.927107319406006283e-02 1.290972819902369215e-02
2.930104451255087739e+01 1.701751986834550534e+00 1.928483614208524599e-02 1.294679688510207843e-02
2.933880628632133281e+01 1.736129657361802137e+00 1.929862074750792605e-02 1.298010694490766073e-02
2.937662754891768202e+01 1.771201802900701949e+00 1.931242706880647794e-02 1.301774877086904827e-02
2.941452172730331682e+01 1.806982452777101456e+00 1.932626000737652089e-02 1.305645506055122702e-02
2.945248206093151211e+01 1.843485919728031996e+00 1.934011709533956652e-02 1.309443572401894178e-02
2.949051419362941573e+01 1.880726805626993903e+00 1.935400039292538288e-02 1.313662613002174878e-02
2.952861590225529298e+01 1.918720007324898225e+00 1.936497466217428423e-02 1.317622315036119478e-02
2.956680334015064560e+01 1.957480722609014068e+00 1.936590867554713324e-02 1.321499106930269264e-02
2.960509526783951983e+01 1.997024456282257665e+00 1.936684524459980281e-02 1.325641273021537295e-02
2.964348784745353171e+01 2.037367026365361600e+00 1.936778427546319292e-02 1.329487983612619682e-02
2.968198232086501065e+01 2.078524570424268081e+00 1.936872579851183634e-02 1.333716169793512131e-02
2.972058512348245074e+01 2.120513552025374171e+00 1.936966997114716524e-02 1.337913435830309986e-02
2.975928646529357380e+01 2.163350767321181589e+00 1.937061655391864382e-02 1.342146712446296020e-02
2.979809408296395290e+01 2.207053351768978544e+00 1.937399623056152223e-02 1.346632719311187908e-02
2.983698675137001288e+01 2.251638786985254104e+00 1.939480327704444507e-02 1.349874724356471892e-02
2.987594762426826733e+01 2.297124907738574251e+00 1.941564681199929587e-02 1.353584695595457486e-02
2.991498482069595610e+01 2.343529909083738705e+00 1.943653117900012717e-02 1.357507057099089677e-02
2.995409293985069255e+01 2.390872353640010495e+00 1.945745348869141675e-02 1.361483272214563355e-02
2.999327789296417635e+01 2.439171179016461188e+00 1.947841690350139709e-02 1.365971512907887542e-02
3.003254215559843843e+01 2.488445705387234419e+00 1.949942274782195256e-02 1.370366269474983592e-02
3.007188310658639452e+01 2.538715643219881191e+00 1.951858293151752244e-02 1.375002295226723445e-02
3.011132606132803247e+01 2.590001101159808972e+00 1.952541860151948278e-02 1.378835517953838456e-02
3.015087721530427345e+01 2.642322594074009157e+00 1.953227302301374299e-02 1.382582442339623172e-02
3.019054081192951955e+01 2.695701051257276326e+00 1.953914693140618164e-02 1.386779963357448117e-02
3.023032026514052362e+01 2.750157824804216222e+00 1.954604091834985860e-02 1.390902672159154141e-02
3.027021120236496898e+01 2.805714698150328257e+00 1.955295422605515809e-02 1.395365927927598969e-02
3.031022184996517055e+01 2.862393894785728587e+00 1.955988828019362621e-02 1.400184622252795968e-02
3.035034820885355700e+01 2.920218087144803132e+00 1.956474719599117160e-02 1.404677034534600882e-02
3.039060570426661911e+01 2.979210405675496887e+00 1.956357313447720445e-02 1.408564595121485595e-02
3.043100228476280478e+01 3.039394448091795820e+00 1.956239501671379680e-02 1.412360950818314712e-02
3.047153388948374797e+01 3.100794288813130350e+00 1.956121296113100608e-02 1.416481495808539701e-02
3.051220840336008067e+01 3.163434488594465410e+00 1.956002673777430118e-02 1.420910080977348146e-02
3.055302139465201705e+01 3.227340104350938876e+00 1.955883647589004570e-02 1.425420468756330092e-02
3.059397753009811893e+01 3.292536699180915960e+00 1.955764203937841728e-02 1.430541826172189446e-02
3.063507268403450823e+01 3.359050352591640642e+00 1.956683886269987988e-02 1.434359619102608049e-02
3.067627502413039053e+01 3.426907670931337080e+00 1.958533936465480310e-02 1.437533361247189667e-02
3.071758702757189852e+01 3.496135798032117048e+00 1.960388910718527389e-02 1.441131997914655780e-02
3.075900458750620103e+01 3.566762426067875857e+00 1.962248624624945634e-02 1.445075161247076981e-02
3.080053206299100310e+01 3.638815806631527483e+00 1.964113273913315610e-02 1.449741073161634093e-02
3.084216736160174221e+01 3.712324762036023795e+00 1.965982764630467422e-02 1.454517532508911061e-02
3.088391543364696545e+01 3.787318696843656962e+00 1.967857319053079382e-02 1.460055414116398324e-02
3.092577769084052619e+01 3.863827609628297299e+00 1.970204915924499145e-02 1.464536235839604579e-02
3.096774505357642937e+01 3.941882104975163781e+00 1.972591404782698607e-02 1.469110161405457610e-02
3.100982518394329546e+01 4.021513405723149859e+00 1.974984306211936477e-02 1.473957396102959852e-02
3.105200756670863527e+01 4.102753365454318235e+00 1.977383022259815784e-02 1.478760698772501291e-02
3.109430396229564053e+01 4.185634481235775972e+00 1.979788221686941407e-02 1.483988750165027119e-02
3.113671804526607900e+01 4.270189906618931275e+00 1.982200113448562631e-02 1.489119281632644495e-02
3.117924894596481877e+01 4.356453464901359318e+00 1.984649573853494026e-02 1.494416978102231647e-02
3.122189499142633196e+01 4.444459662656568000e+00 1.987143172278805700e-02 1.499631649257292081e-02
3.126465725788654382e+01 4.534243703537107706e+00 1.989643566375233485e-02 1.505010842862353378e-02
3.130754595852597433e+01 4.625841502356435875e+00 1.992151353327593910e-02 1.510730765845804194e-02
3.135055771094213029e+01 4.719289699455415210e+00 1.994666335360139806e-02 1.516415924001947475e-02
3.139368837659644740e+01 4.814625675358878532e+00 1.997188270484354794e-02 1.522556972949492930e-02
3.143695173499976647e+01 4.911887565728349614e+00 1.999480421851128689e-02 1.528658265395442355e-02
3.148037994100009485e+01 5.011114276616820185e+00 1.999168759095020995e-02 1.535237645779315326e-02
3.152399552886928902e+01 5.112345500031684864e+00 1.998855751591914129e-02 1.541955614913549308e-02
3.156780717957147075e+01 5.215621729812077056e+00 1.998541337042821983e-02 1.548868139566871374e-02
3.161181558538948622e+01 5.320984277826963371e+00 1.998225510479573197e-02 1.556085993442279242e-02
3.165601778718021819e+01 5.428475290500365702e+00 1.997908293138473887e-02 1.563369151253234460e-02
3.170042539084175459e+01 5.538137765670603230e+00 1.997589601729734057e-02 1.571099403439014594e-02
3.174502919939815371e+01 5.650015569789930581e+00 1.997113806559837335e-02 1.578532030447069370e-02
3.178984807286438752e+01 5.764153455471718424e+00 1.996610264688267189e-02 1.586355785326288431e-02
3.183487101240275408e+01 5.880597079392099857e+00 1.996104430126052764e-02 1.594254881650416372e-02
3.188011370366719888e+01 5.999393020553244860e+00 1.995596126644232082e-02 1.602480311812433042e-02
3.192556635098478779e+01 6.120588798915583162e+00 1.995085464297590219e-02 1.610891978151681239e-02
3.197124228360597087e+01 6.244232894406449574e+00 1.994572293331454277e-02 1.619539544899762165e-02
3.201713637980871852e+01 6.370374766312604464e+00 1.994208752907080523e-02 1.628815645678170776e-02
3.206325069957846807e+01 6.499064873064747339e+00 1.993879504894751492e-02 1.638293968891957331e-02
3.210959281637044427e+01 6.630354692421470908e+00 1.993548630452342957e-02 1.648060391402351652e-02
3.215615409742753883e+01 6.764296742061070233e+00 1.993216191216199210e-02 1.657865132133656133e-02
3.220294912483361571e+01 6.900944600589319577e+00 1.992882083072844770e-02 1.668005594813316145e-02
3.224997919416427550e+01 7.040352928971626234e+00 1.992546296772100892e-02 1.678120276837690231e-02
3.229720397170015644e+01 7.182577492398144692e+00 1.995290538653988685e-02 1.687712667321824081e-02
3.234459310542498400e+01 7.327675182590600578e+00 1.998280741742872527e-02 1.697599017096130050e-02
3.239214820528439276e+01 7.475704040559755903e+00 2.001281417115363323e-02 1.708205295262731419e-02
3.243987314030769653e+01 7.626723279822493318e+00 2.004292808903027079e-02 1.719225527863128128e-02
3.248776300577174680e+01 7.780793310088157888e+00 2.007314607623137542e-02 1.730918524990358517e-02
3.253584064171578660e+01 7.937975761423151866e+00 2.007402322932188080e-02 1.742798862914683375e-02
3.258434312603588268e+01 8.098333508903802880e+00 1.994887740589946362e-02 1.753918042061612323e-02
3.263340530347392132e+01 8.261930697767235543e+00 1.982228746560157906e-02 1.764970714230415863e-02
3.268303404819273084e+01 8.428832769070320197e+00 1.969423567175392076e-02 1.776094554950978857e-02
3.273324124695762549e+01 8.599106485866968796e+00 1.956469135419486305e-02 1.787161121279218917e-02
3.278403475138728851e+01 8.772819959914276211e+00 1.943363425422428570e-02 1.798294236780578759e-02
3.283519254259382336e+01 8.950042678918009642e+00 1.955487705673339405e-02 1.810600985905905583e-02
3.288604514482189245e+01 9.130845534328805968e+00 1.978959455724079927e-02 1.823936448378566180e-02
3.293656675700290037e+01 9.315300849699562846e+00 2.002278432557452401e-02 1.837649780768548999e-02
3.298677833198951959e+01 9.503482409615866544e+00 2.025454307264006049e-02 1.851896397654753321e-02
3.303670324960266669e+01 9.695465489210805643e+00 2.048497871136393048e-02 1.866498496108791316e-02
3.308641786482498048e+01 9.891326884276024245e+00 2.056959633491386996e-02 1.881224656414224108e-02
3.313684176409771709e+01 1.009114494198107082e+01 2.024413647759077881e-02 1.894851644980808172e-02
3.318838553776381417e+01 1.029499959221334038e+01 1.991144841765861428e-02 1.908410720196775448e-02
3.324109866887773990e+01 1.050297237955095042e+01 1.957121276792044354e-02 1.921700212807244193e-02
3.329503189832026777e+01 1.071514649588187851e+01 1.922310202256939313e-02 1.934919300964945202e-02
3.335023066998026309e+01 1.093160681368168419e+01 1.890298399004972790e-02 1.947741906859063246e-02
3.340582195478823024e+01 1.115243991996366368e+01 1.910821219821959988e-02 1.960138235170855864e-02
3.346110766877970377e+01 1.137773415091481155e+01 1.931231232037105075e-02 1.972884743307636718e-02
3.351609563881984855e+01 1.160757962723146797e+01 1.951531325120436922e-02 1.986211404128911118e-02
3.357081798966816422e+01 1.184206829016880924e+01 1.971733358677023318e-02 1.999938134750469873e-02
3.362528636227217049e+01 1.208129393831856646e+01 1.989869722424574341e-02 2.014308400078033967e-02
3.367984912625431093e+01 1.232535226512976223e+01 1.989659952541552798e-02 2.030423773548815577e-02
3.373472807621647007e+01 1.257434089718718795e+01 1.989448967062193777e-02 2.046682893990964952e-02
3.378993616953642487e+01 1.282835943326360528e+01 1.989236716171066677e-02 2.063188536233601794e-02
3.384546528473570248e+01 1.308750948416039606e+01 1.989023231091691796e-02 2.079767737189648288e-02
3.390132883756439952e+01 1.335189471335330502e+01 1.988519046332678369e-02 2.096444553437077848e-02
3.395755731128888755e+01 1.362162087845919345e+01 1.986267565912773134e-02 2.111781524820496164e-02
3.401417801407700381e+01 1.389679587354049772e+01 1.984000379997086574e-02 2.127360710181311343e-02
3.407119461399649651e+01 1.417752977226430211e+01 1.981717341710162450e-02 2.142978537021017482e-02
3.412860770409816524e+01 1.446393487193331140e+01 1.979418427305273259e-02 2.158738825370071224e-02
3.418642759555925181e+01 1.475612573840608022e+01 1.975521383963050465e-02 2.174611342096542319e-02
3.424475805847529131e+01 1.505421925192517740e+01 1.968516449052467795e-02 2.190401546551982992e-02
3.430363235439071445e+01 1.535833465387064578e+01 1.961446204960842418e-02 2.206371711794595514e-02
3.436305517569793011e+01 1.566859359445818889e+01 1.954310088176386753e-02 2.222238326077122239e-02
3.442303231375952777e+01 1.598512018140087854e+01 1.947107403211427099e-02 2.238250791576817944e-02
3.448349458625611419e+01 1.630804102955390888e+01 1.946261001370454269e-02 2.254046872911716001e-02
3.454425426956793643e+01 1.663748531156220523e+01 1.947925124578105474e-02 2.269821795335204978e-02
3.460530048495996169e+01 1.697358480953127824e+01 1.949597095500860480e-02 2.285874967996607068e-02
3.466663505167875314e+01 1.731647396774159375e+01 1.951276963965351344e-02 2.301932335702676011e-02
3.472826553214419931e+01 1.766628994642839601e+01 1.951940430784473643e-02 2.318137588760066717e-02
3.479028141174926958e+01 1.802317267664744804e+01 1.949384016109662401e-02 2.334294382262058071e-02
3.485272179213068000e+01 1.838726491624932891e+01 1.946810102690642308e-02 2.350482272997497096e-02
3.491559210470397545e+01 1.875871230698450987e+01 1.944218466633944320e-02 2.366932746097278120e-02
3.497889350551866983e+01 1.913766343276198612e+01 1.941609060284968380e-02 2.383455550130294046e-02
3.504252027951948634e+01 1.952426987908481593e+01 1.946163514675958855e-02 2.400491762166946652e-02
3.510631581575020732e+01 1.991868629368634558e+01 1.951731561459315797e-02 2.418167882663959864e-02
3.517028129444167206e+01 2.032107044839144550e+01 1.957314440747073489e-02 2.436155304126504800e-02
3.523441036453048270e+01 2.073158330222705104e+01 1.962911598221168258e-02 2.454655325259192181e-02
3.529874338942582312e+01 2.115038906580834066e+01 1.965463281399324608e-02 2.473379165645835445e-02
3.536339598953834695e+01 2.157765526702490888e+01 1.965994325628293848e-02 2.491853229685637994e-02
3.542838721185896844e+01 2.201355281805418684e+01 1.966528151236033445e-02 2.510555421187657399e-02
3.549371014855787365e+01 2.245825608372863869e+01 1.967064701482935940e-02 2.529423159399401752e-02
3.555938492175940269e+01 2.291194295128399006e+01 1.965482625020695262e-02 2.547924499505159479e-02
3.562553471373134073e+01 2.337479490151649486e+01 1.960639044564341585e-02 2.566097946835927887e-02
3.569219616848192089e+01 2.384699708137778629e+01 1.955757999442400696e-02 2.584207489343294875e-02
3.575936788562025015e+01 2.432873837803574091e+01 1.950839592193456470e-02 2.602048673840027734e-02
3.582704265497432061e+01 2.482021149443241370e+01 1.946472824359456871e-02 2.619347598618541190e-02
3.589517303589330055e+01 2.532161302636742306e+01 1.943451878164117325e-02 2.635318752071779541e-02
3.596374084295534601e+01 2.583314354113899114e+01 1.940411536203998089e-02 2.651005690335886053e-02
3.603274372952876092e+01 2.635500765777351972e+01 1.937351902530302580e-02 2.666735793341243332e-02
3.610215787340579396e+01 2.688741412887594606e+01 1.937633887276603989e-02 2.682502863614829799e-02
3.617171266872499302e+01 2.743057592413355295e+01 1.945096549424859406e-02 2.698057098235121659e-02
3.624132133376252085e+01 2.798471031550680621e+01 1.952564991354452037e-02 2.713798608502312679e-02
3.631098363270237428e+01 2.855003896414060449e+01 1.960039187764248472e-02 2.729760041668001166e-02
3.638070392919225782e+01 2.912678800903232812e+01 1.967026298029794090e-02 2.745998196721268630e-02
3.645051752934347178e+01 2.971518815749000808e+01 1.973258455478318907e-02 2.762778015004124788e-02
3.652043252257201544e+01 3.031547477741847985e+01 1.979499664137793213e-02 2.779794370122168345e-02
3.659044896714323158e+01 3.092788799146963541e+01 1.985749929209478307e-02 2.796944296621151418e-02
3.666063091247322347e+01 3.155267277309472007e+01 1.984985882195103649e-02 2.814344738595240744e-02
3.673136066131324640e+01 3.219007904453695090e+01 1.976661915222820490e-02 2.832021196523335296e-02
3.680270922039400716e+01 3.284036177680377477e+01 1.968265122373300674e-02 2.849660254212297086e-02
3.687468103704344458e+01 3.350378109165876594e+01 1.959794980254173785e-02 2.867053461832858030e-02
3.694714783230670463e+01 3.418060236567334442e+01 1.962289564125454036e-02 2.884173604963539625e-02
3.701966184038191443e+01 3.487109633638162620e+01 1.970709104195002628e-02 2.901500691573477911e-02
3.709218442551497930e+01 3.557553921057861857e+01 1.979129640139475066e-02 2.919217690054198497e-02
3.716472978816542394e+01 3.629421277480668095e+01 1.987552820762201328e-02 2.937281938321684507e-02
3.723813616701234963e+01 3.702740450807396400e+01 1.945289794223569249e-02 2.954157761925484821e-02
3.731375027415073475e+01 3.777540769684978272e+01 1.894810277059346890e-02 2.970102730461045976e-02
3.739175006858066297e+01 3.853852155238315191e+01 1.842738089596690151e-02 2.985138370509763175e-02
3.747190786676838314e+01 3.931705133039142908e+01 1.844105913723880635e-02 3.000359938212979541e-02
3.754911329943389831e+01 4.011130845316606042e+01 1.960427956732329474e-02 3.019788871238125380e-02
3.762231880692365849e+01 4.092161063414653199e+01 2.070723487716158093e-02 3.041948186724876407e-02
3.769220553564358056e+01 4.174828200500941477e+01 2.176018760123972495e-02 3.066453624735645395e-02
3.776043168710149445e+01 4.259165324532548880e+01 2.149713109028482047e-02 3.092694152631371429e-02
3.783236966375245203e+01 4.345206171483596336e+01 2.028399830765508990e-02 3.117970763058243791e-02
3.790931957172247735e+01 4.432985158840092055e+01 1.898634635350416808e-02 3.141473744664310952e-02
3.799232172070472302e+01 4.522537399367381283e+01 1.758663186823808053e-02 3.162740713550947491e-02
3.807728915492887722e+01 4.613898715155736596e+01 1.829789605368778438e-02 3.179743116592217977e-02
3.815932867546538887e+01 4.707105651949607505e+01 1.900959559490483092e-02 3.199107694987459588e-02
3.823878698696922385e+01 4.802195493766503631e+01 1.969890293694363456e-02 3.220663905347432437e-02
3.831651988293666733e+01 4.899206277811033061e+01 1.993703264053382079e-02 3.245573735098323392e-02
3.839455307677008022e+01 4.998176809690308176e+01 1.993119611095182583e-02 3.272119833939015482e-02
3.847307315128504968e+01 5.099146678936705257e+01 1.992532316489933203e-02 3.299299696659486331e-02
3.855208865369801430e+01 5.202156274844206507e+01 1.991910020841954412e-02 3.327110552839179780e-02
3.863161340554586332e+01 5.307246802624652560e+01 1.991109335661439203e-02 3.355168333878041920e-02
3.871165923610816151e+01 5.414460299890383510e+01 1.990303404063992546e-02 3.383794597697488415e-02
3.879223506850691905e+01 5.523839653469856614e+01 1.989492136208258558e-02 3.412976335336419947e-02
3.887431994912505218e+01 5.635428616562875703e+01 1.925975989819655662e-02 3.439887779126457601e-02
3.896058487008202320e+01 5.749271826242569716e+01 1.836433547982300324e-02 3.464634652772548978e-02
3.905177571646984802e+01 5.865414821310741189e+01 1.741778026732197435e-02 3.487683827583573648e-02
3.914598380804702060e+01 5.983904060514009871e+01 1.791439621880827615e-02 3.509449010221828841e-02
3.923476472013111049e+01 6.104786941127935762e+01 1.919974865178863954e-02 3.534499186616583966e-02
3.931847015990905447e+01 6.228111817916557413e+01 2.041161940358228455e-02 3.562947676938407054e-02
3.939948394432741452e+01 6.353928022474942594e+01 1.998604375240282949e-02 3.592894674835230701e-02
3.948876683651455011e+01 6.482285882962511891e+01 1.766411445944509467e-02 3.618490532240330876e-02
3.959229223234593320e+01 6.613236744234873754e+01 1.497178849130661668e-02 3.637378314735213031e-02
3.970527214416296147e+01 6.746832988382594465e+01 1.668169594815319123e-02 3.652310643293926046e-02
3.979745028664839879e+01 6.883128055684642277e+01 2.024028719599155202e-02 3.678772512124736660e-02
3.987620676330618608e+01 7.022176465985226912e+01 2.328072716351709676e-02 3.712749239650596500e-02
3.994891013230879651e+01 7.164033840502474959e+01 2.305244840063886552e-02 3.752920143535776881e-02
4.002922295947038123e+01 7.308756924077646033e+01 2.038279603742929394e-02 3.793299337955049338e-02
4.012252734184703229e+01 7.456403607873841111e+01 1.728129564561167036e-02 3.830944618374343413e-02
4.023257032550944956e+01 7.607032952533253933e+01 1.609227980923762930e-02 3.852848332323755703e-02
4.033801150319069251e+01 7.760705211802110171e+01 1.753923179781161773e-02 3.865735361549073323e-02
4.043589200768477809e+01 7.917481856633138193e+01 1.888242990821679262e-02 3.884695301445589832e-02
4.052803133447076789e+01 8.077425599774650777e+01 2.004019335278413999e-02 3.917364366086367039e-02
4.061582766962808932e+01 8.240600420856516450e+01 2.111965760227237435e-02 3.955438822397346066e-02
4.070000000000000284e+01 8.407071591982862913e+01 2.215456436996125766e-02 3.996487975277063232e-02
