#Ice age [a BP] (AICC2023)	R
-51.8	1.49340724
-44.8	1.49340724
-37.7	1.49340724
-31	1.49340724
-24.6	1.49340724
-16.8	1.49340724
-9.4	1.49340724
-1.9	1.498684298
6.5	1.503961355
16	1.503961355
24.8	1.503961355
34.3	1.503961355
43.4	1.509238412
51.8	1.49340724
61	1.482853126
69.9	1.482853126
79.9	1.488130183
89.1	1.488130183
98.3	1.49340724
107.5	1.39314315
117.8	1.377311978
128.1	1.382589035
137.7	1.387866093
148	1.39314315
158.6	1.403697265
168.8	1.414251379
179.3	1.419528437
189.7	1.424805494
200.1	1.430082552
210.1	1.440636666
220.4	1.451190781
230.6	1.456467839
241.5	1.456467839
252	1.461744896
262.9	1.424805494
274	1.419528437
285.2	1.419528437
296.4	1.419528437
308	1.419528437
319.9	1.414251379
331.5	1.414251379
343.1	1.414251379
355.1	1.414251379
366.7	1.361480806
379.2	1.361480806
392	1.361480806
404.5	1.361480806
417.3	1.430082552
429.6	1.430082552
441.5	1.424805494
453.7	1.424805494
466.4	1.430082552
478.6	1.430082552
491.2	1.430082552
503.9	1.424805494
516.5	1.403697265
529.7	1.398420207
542.6	1.398420207
555.9	1.39314315
568.9	1.461744896
581.6	1.467021953
594.2	1.467021953
606.9	1.467021953
619.6	1.509238412
631.9	1.51451547
644.5	1.519792527
656.8	1.519792527
669.4	1.403697265
683.4	1.37203492
697.3	1.37203492
711.7	1.366757863
725.6	1.335095519
740.4	1.335095519
754.7	1.335095519
769.8	1.414251379
783.7	1.477576068
797.1	1.477576068
810.7	1.477576068
824	1.588394273
836.8	1.61477956
849.3	1.61477956
861.8	1.61477956
874.3	1.482853126
888.3	1.451190781
902.3	1.451190781
916.3	1.440636666
930.7	1.398420207
945.5	1.398420207
960.4	1.398420207
975.6	1.440636666
989.7	1.456467839
1004.3	1.456467839
1018.9	1.472299011
1033.4	1.498684298
1047.6	1.498684298
1061.5	1.498684298
1076	1.467021953
1090.6	1.456467839
1105.2	1.456467839
1119.8	1.467021953
1134.7	1.49340724
1149.4	1.49340724
1164.4	1.488130183
1179.1	1.551454872
1193.2	1.556731929
1207.2	1.556731929
1221.6	1.535623699
1235.9	1.488130183
1250.6	1.482853126
1265.8	1.477576068
1280.9	1.467021953
1296.6	1.461744896
1312	1.461744896
1327.3	1.482853126
1342.9	1.503961355
1357.8	1.503961355
1373.4	1.509238412
1388.7	1.535623699
1403.3	1.535623699
1418.3	1.540900757
1433.2	1.445913724
1449.1	1.387866093
1466.1	1.39314315
1483	1.414251379
1499.6	1.445913724
1515.5	1.445913724
1531.8	1.451190781
1548.1	1.461744896
1564.2	1.461744896
1580.3	1.461744896
1596.4	1.451190781
1613.1	1.451190781
1629.3	1.456467839
1645.9	1.419528437
1662.9	1.424805494
1679.8	1.424805494
1696.7	1.467021953
1713.6	1.467021953
1730	1.467021953
1746.1	1.424805494
1763	1.424805494
1780.7	1.430082552
1798	1.461744896
1814.9	1.461744896
1831.4	1.461744896
1848.3	1.419528437
1865.7	1.419528437
1883.5	1.435359609
1900.7	1.535623699
1916.8	1.535623699
1932.9	1.530346642
1949.4	1.49340724
1966.4	1.49340724
1982.9	1.488130183
1999.2	1.461744896
2016.8	1.461744896
2034.1	1.456467839
2051.5	1.414251379
2069.4	1.414251379
2087.3	1.445913724
2105.1	1.509238412
2121.9	1.509238412
2139	1.49340724
2156.3	1.472299011
2173.8	1.472299011
2191	1.440636666
2209	1.419528437
2227.2	1.419528437
2245.8	1.519792527
2262.8	1.546177814
2279.5	1.551454872
2296.6	1.525069585
2313.6	1.519792527
2331	1.519792527
2348.7	1.319264347
2368.8	1.319264347
2388.8	1.356203748
2408.3	1.398420207
2427.3	1.398420207
2445.8	1.387866093
2464.9	1.387866093
2483.9	1.403697265
2502.7	1.456467839
2521.3	1.456467839
2539.4	1.503961355
2557.3	1.546177814
2574.8	1.546177814
2591.9	1.519792527
2609.7	1.503961355
2627.7	1.503961355
2645.7	1.577840158
2662.8	1.583117216
2679.9	1.577840158
2697	1.472299011
2715.4	1.467021953
2734.2	1.49340724
2752.3	1.556731929
2769.7	1.556731929
2787.4	1.583117216
2804.5	1.620056618
2821.3	1.61477956
2838	1.641164847
2854.9	1.662273077
2871.5	1.662273077
2888.1	1.572563101
2905.7	1.498684298
2924.5	1.498684298
2942.6	1.51451547
2960.5	1.519792527
2978.4	1.519792527
2996.9	1.451190781
3016	1.451190781
3035.1	1.467021953
3053.9	1.498684298
3072.3	1.503961355
3090.8	1.546177814
3108.7	1.567286044
3126.4	1.567286044
3144	1.572563101
3162	1.572563101
3180	1.546177814
3198.3	1.398420207
3218.4	1.398420207
3238.6	1.419528437
3258.9	1.424805494
3278.7	1.435359609
3298.4	1.467021953
3318	1.467021953
3337.3	1.482853126
3356.7	1.488130183
3375.7	1.482853126
3395.2	1.435359609
3415.3	1.430082552
3435	1.456467839
3454.8	1.477576068
3474.3	1.477576068
3493.9	1.509238412
3513	1.509238412
3531.7	1.535623699
3550.5	1.572563101
3568.9	1.572563101
3587.2	1.51451547
3606.3	1.488130183
3625.7	1.503961355
3645.3	1.61477956
3663.2	1.620056618
3681.1	1.609502503
3699	1.598948388
3717.1	1.598948388
3735.5	1.61477956
3753.3	1.625333675
3771.1	1.625333675
3789.3	1.540900757
3808	1.530346642
3827.3	1.519792527
3846.3	1.498684298
3865.6	1.503961355
3885.2	1.525069585
3904.2	1.540900757
3923.4	1.530346642
3942.6	1.488130183
3962.1	1.488130183
3981.9	1.503961355
4001.6	1.51451547
4020.7	1.51451547
4040.2	1.567286044
4059.1	1.567286044
4077.6	1.556731929
4096.6	1.540900757
4115.8	1.540900757
4135	1.51451547
4154.5	1.509238412
4173.7	1.51451547
4193.2	1.519792527
4212.7	1.519792527
4232.1	1.556731929
4251.1	1.577840158
4269.9	1.577840158
4288.7	1.577840158
4307.4	1.577840158
4326.2	1.535623699
4345.5	1.461744896
4365.8	1.467021953
4386	1.530346642
4405.3	1.540900757
4424.5	1.535623699
4443.9	1.51451547
4463.4	1.519792527
4482.9	1.593671331
4501.5	1.61477956
4519.9	1.598948388
4538.7	1.467021953
4558.9	1.467021953
4579.1	1.503961355
4598.9	1.519792527
4618.4	1.519792527
4637.9	1.525069585
4657.7	1.525069585
4677.1	1.51451547
4696.7	1.509238412
4716.3	1.509238412
4736.4	1.51451547
4755.9	1.51451547
4775.5	1.482853126
4795.6	1.456467839
4816.3	1.456467839
4836.7	1.451190781
4857.2	1.451190781
4878	1.530346642
4897.5	1.562008986
4916.5	1.562008986
4935.8	1.577840158
4954.7	1.577840158
4973.6	1.535623699
4993.4	1.49340724
5013.3	1.49340724
5033.2	1.509238412
5053.3	1.509238412
5073.1	1.49340724
5093	1.477576068
5113.6	1.477576068
5133.7	1.556731929
5153.2	1.556731929
5172.3	1.572563101
5191.6	1.593671331
5210.3	1.593671331
5229	1.477576068
5249.6	1.456467839
5270.1	1.482853126
5290.6	1.525069585
5310.1	1.525069585
5330.1	1.546177814
5349.3	1.551454872
5368.9	1.546177814
5388.3	1.530346642
5408.1	1.530346642
5427.6	1.37203492
5449.8	1.329818461
5472.3	1.377311978
5494.3	1.419528437
5515.4	1.403697265
5537	1.329818461
5559.5	1.329818461
5582.4	1.577840158
5601.3	1.588394273
5620.4	1.551454872
5639.7	1.488130183
5660.2	1.488130183
5680.3	1.482853126
5700.8	1.482853126
5721	1.49340724
5741.4	1.509238412
5761.6	1.509238412
5781.4	1.598948388
5800.5	1.604225445
5819.1	1.593671331
5838.3	1.562008986
5857.4	1.562008986
5876.9	1.593671331
5896.1	1.604225445
5914.7	1.593671331
5933.9	1.451190781
5954.5	1.451190781
5975.6	1.419528437
5996.7	1.408974322
6018.4	1.461744896
6039.2	1.562008986
6058.4	1.562008986
6078	1.498684298
6098.4	1.488130183
6118.5	1.49340724
6139	1.498684298
6159	1.498684298
6179.4	1.530346642
6199.4	1.530346642
6219	1.51451547
6239.2	1.503961355
6259.5	1.498684298
6279.5	1.445913724
6300.6	1.451190781
6321.3	1.482853126
6341.9	1.503961355
6362.3	1.477576068
6382.6	1.419528437
6404.1	1.419528437
6425.7	1.424805494
6446.8	1.424805494
6468.3	1.519792527
6488.4	1.583117216
6507.4	1.562008986
6527	1.377311978
6549.2	1.377311978
6571.1	1.49340724
6591.5	1.525069585
6611.6	1.456467839
6632.3	1.361480806
6654.7	1.37203492
6677.1	1.408974322
6698.4	1.408974322
6720.1	1.482853126
6740.8	1.49340724
6761	1.477576068
6781.7	1.456467839
6802.7	1.451190781
6823.5	1.377311978
6845.7	1.377311978
6867.9	1.472299011
6888.4	1.49340724
6908.9	1.535623699
6928.9	1.604225445
6948	1.604225445
6966.8	1.467021953
6987.7	1.435359609
7009.1	1.456467839
7029.8	1.482853126
7050.5	1.477576068
7071.3	1.408974322
7092.7	1.408974322
7114.5	1.424805494
7136	1.430082552
7157.4	1.424805494
7178.5	1.419528437
7200.1	1.387866093
7222.2	1.282324945
7245.8	1.298156117
7269.4	1.39314315
7291.5	1.39314315
7313.5	1.398420207
7335.1	1.398420207
7357	1.530346642
7377.1	1.593671331
7396	1.546177814
7415.9	1.39314315
7438	1.39314315
7460	1.377311978
7481.9	1.382589035
7504.2	1.445913724
7525.5	1.461744896
7546.5	1.488130183
7566.8	1.509238412
7587.1	1.535623699
7607.2	1.61477956
7626.2	1.620056618
7644.8	1.620056618
7663.8	1.620056618
7682.8	1.577840158
7702.3	1.477576068
7722.8	1.482853126
7743.5	1.61477956
7762.6	1.620056618
7781.6	1.588394273
7800.6	1.567286044
7820.2	1.572563101
7839.8	1.583117216
7859.3	1.583117216
7878.4	1.498684298
7898.9	1.488130183
7919.6	1.567286044
7939.3	1.609502503
7958.4	1.604225445
7977.6	1.577840158
7997.2	1.577840158
8016.7	1.49340724
8037.3	1.488130183
8058	1.461744896
8079.1	1.451190781
8100.3	1.419528437
8122	1.39314315
8144.2	1.451190781
8165.4	1.530346642
8185.5	1.498684298
8206.1	1.366757863
8228.7	1.37203492
8251.1	1.414251379
8272.9	1.414251379
8294.7	1.49340724
8315.4	1.49340724
8336	1.477576068
8356.9	1.472299011
8377.8	1.456467839
8399	1.445913724
8420.4	1.424805494
8442	1.398420207
8464.1	1.424805494
8485.8	1.488130183
8506.5	1.488130183
8527.2	1.519792527
8547.6	1.519792527
8567.9	1.488130183
8588.6	1.477576068
8609.5	1.51451547
8629.9	1.540900757
8649.9	1.540900757
8669.9	1.551454872
8689.9	1.546177814
8709.8	1.509238412
8730.3	1.503961355
8750.8	1.477576068
8771.8	1.456467839
8793	1.482853126
8813.8	1.525069585
8834.1	1.51451547
8854.5	1.403697265
8876.4	1.403697265
8898.4	1.551454872
8918.4	1.562008986
8938.1	1.540900757
8958.2	1.525069585
8978.4	1.535623699
8998.5	1.572563101
9018.1	1.572563101
9037.8	1.540900757
9057.8	1.535623699
9078	1.540900757
9098.1	1.546177814
9118.1	1.546177814
9138.1	1.546177814
9158.1	1.546177814
9178	1.440636666
9199.5	1.419528437
9221.2	1.488130183
9242	1.519792527
9262.4	1.577840158
9282	1.667550134
9300.5	1.667550134
9319	1.546177814
9339	1.530346642
9359.1	1.567286044
9378.8	1.593671331
9398.2	1.593671331
9417.6	1.598948388
9436.9	1.598948388
9456.2	1.63588779
9475.1	1.651718962
9493.8	1.667550134
9512.3	1.709766593
9530.3	1.709766593
9548.4	1.556731929
9568.2	1.498684298
9588.8	1.530346642
9608.9	1.588394273
9628.4	1.583117216
9647.8	1.662273077
9666.4	1.662273077
9685	1.620056618
9704	1.577840158
9723.5	1.588394273
9742.9	1.704489536
9760.9	1.704489536
9779	1.699212478
9797.2	1.688658364
9815.4	1.688658364
9833.6	1.762537167
9851	1.773091282
9868.4	1.699212478
9886.6	1.509238412
9906.9	1.509238412
9927.3	1.572563101
9946.8	1.577840158
9966.3	1.625333675
9985.2	1.667550134
10003.6	1.667550134
10022.1	1.583117216
10041.5	1.583117216
10060.9	1.61477956
10080	1.630610732
10098.8	1.641164847
10117.5	1.699212478
10135.6	1.699212478
10153.6	1.651718962
10172.2	1.625333675
10191.1	1.646441904
10209.7	1.75726011
10227.2	1.75726011
10244.6	1.704489536
10262.6	1.656996019
10281	1.656996019
10299.5	1.656996019
10318	1.656996019
10336.4	1.625333675
10355.3	1.593671331
10374.5	1.604225445
10393.5	1.678104249
10411.8	1.678104249
10429.9	1.625333675
10448.7	1.593671331
10467.9	1.588394273
10487.1	1.572563101
10506.5	1.572563101
10525.9	1.567286044
10545.4	1.567286044
10564.9	1.672827191
10583.1	1.815307741
10599.9	1.815307741
10616.7	1.831138913
10633.3	1.83641597
10649.9	1.831138913
10666.5	1.598948388
10685.5	1.598948388
10704.6	1.588394273
10723.8	1.583117216
10743	1.593671331
10762	1.641164847
10780.5	1.641164847
10799.1	1.641164847
10817.5	1.641164847
10836	1.604225445
10855	1.525069585
10874.9	1.525069585
10894.8	1.588394273
10913.9	1.583117216
10933	1.620056618
10951.7	1.646441904
10970.1	1.630610732
10988.6	1.519792527
11008.6	1.51451547
11028.5	1.593671331
11047.5	1.620056618
11066.2	1.572563101
11085.5	1.477576068
11105.9	1.477576068
11126.4	1.641164847
11144.8	1.63588779
11163.3	1.604225445
11182.2	1.567286044
11201.4	1.567286044
11220.7	1.51451547
11240.7	1.51451547
11260.6	1.461744896
11281.3	1.445913724
11302.2	1.546177814
11321.7	1.678104249
11339.6	1.678104249
11357.6	1.583117216
11376.7	1.577840158
11395.8	1.556731929
11415.2	1.535623699
11434.8	1.556731929
11454.2	1.71504365
11471.8	1.720320708
11489.4	1.625333675
11507.9	1.546177814
11527.4	1.540900757
11547	1.509238412
11567	1.51451547
11586.9	1.662273077
11605.1	1.699212478
11622.8	1.71504365
11640.5	1.746705995
11657.7	1.751983052
11675	1.61477956
11693.7	1.546177814
11713.2	1.546177814
11732.7	1.546177814
11752.3	1.551454872
11771.8	1.646441904
11790.1	1.656996019
11808.3	1.672827191
11826.4	1.683381306
11844.4	1.683381306
11862.3	1.625333675
11880.9	1.630610732
11899.5	1.662273077
11917.7	1.678104249
11935.7	1.604225445
11954.6	1.467021953
11975.2	1.472299011
11995.8	1.488130183
12016.2	1.488130183
12036.5	1.488130183
12056.8	1.49340724
12077.1	1.408974322
12098.7	1.408974322
12120.3	1.525069585
12140.2	1.535623699
12160	1.456467839
12180.8	1.440636666
12201.9	1.408974322
12223.5	1.398420207
12245.3	1.313987289
12268.5	1.298156117
12291.9	1.340372576
12314.6	1.361480806
12337	1.451190781
12358.1	1.440636666
12379.3	1.39314315
12401.2	1.356203748
12423.7	1.245385543
12448.2	1.250662601
12472.7	1.250662601
12497.2	1.255939658
12521.5	1.255939658
12545.9	1.298156117
12569.5	1.29287906
12593.3	1.219000256
12618.4	1.176783797
12644.6	1.092350879
12672.7	1.087073822
12701	1.081796764
12729.4	1.092350879
12757.6	1.113459108
12785.2	1.139844395
12812.2	1.139844395
12839.2	1.129290281
12866.5	1.034303248
12896.3	1.065965592
12925.2	1.097627936
12953.4	1.129290281
12980.8	1.124013223
13008.4	1.087073822
13036.8	1.055411477
13066.1	1.02902619
13096.3	1.081796764
13125	1.087073822
13153.6	1.081796764
13182.3	1.044857362
13212.1	0.997363846
13243.3	1.034303248
13273.4	1.05013442
13303.2	1.113459108
13331.2	1.092350879
13359.8	1.05013442
13389.5	1.087073822
13418.3	1.108182051
13446.5	1.060688535
13476	1.039580305
13506.1	0.955147387
13538.9	0.976255616
13571.1	0.997363846
13602.5	1.018472076
13633.3	1.039580305
13663.5	1.124013223
13691.4	1.102904994
13720	1.055411477
13749.8	1.013195018
13780.8	0.992086789
13812.7	0.981532674
13844.9	1.002640903
13876.5	1.034303248
13907	1.02902619
13937.7	1.034303248
13968.3	1.102904994
13997	1.108182051
14025.5	1.118736166
14053.9	1.081796764
14083.2	1.05013442
14113.4	1.118736166
14141.8	1.139844395
14169.6	1.266493773
14194.7	1.266493773
14219.9	1.182060854
14246.8	1.17150674
14274	1.118736166
14302.5	1.160952625
14330	1.203169084
14356.5	1.245385543
14382.1	1.27177083
14407.3	1.224277314
14433.4	1.203169084
14460	1.408974322
14482.7	1.461744896
14504.6	1.382589035
14527.8	1.345649633
14551.6	1.329818461
14575.7	1.319264347
14600	1.197892027
14626.8	1.145121453
14654.8	1.245385543
14680.6	1.250662601
14706.2	1.15039851
14734.2	1.155675568
14762.1	1.17150674
14789.5	1.139844395
14817.7	1.113459108
14846.7	1.044857362
14877.4	1.044857362
14908.2	1.092350879
14937.6	1.092350879
14967.1	1.087073822
14996.8	1.155675568
15024.7	1.160952625
15052.5	1.139844395
15080.7	1.139844395
15109	1.139844395
15137.2	1.081796764
15167	1.044857362
15198	1.192614969
15225	1.187337912
15252.2	1.02902619
15283.5	1.065965592
15313.8	1.102904994
15343.1	1.102904994
15372.3	1.102904994
15401.5	1.092350879
15431	1.065965592
15461.3	1.034303248
15492.5	0.997363846
15524.8	0.992086789
15557.3	0.997363846
15589.7	0.997363846
15622	1.002640903
15654.2	1.013195018
15686.1	1.055411477
15716.7	1.071242649
15746.8	1.023749133
15778.4	1.02902619
15809.8	1.02902619
15841.2	0.997363846
15873.5	1.039580305
15904.6	1.071242649
15934.7	1.055411477
15965.3	1.055411477
15995.9	1.055411477
16026.6	1.034303248
16057.9	1.018472076
16089.6	0.997363846
16122	1.018472076
16153.8	1.002640903
16186	0.986809731
16218.6	0.992086789
16251.2	0.960424444
16284.9	0.934039157
16319.3	0.939316215
16353.8	0.986809731
16386.5	0.992086789
16419.1	0.986809731
16451.8	0.939316215
16486.1	0.923485043
16521.1	0.923485043
16556.1	0.960424444
16589.7	0.923485043
16624.6	0.912930928
16660	0.90765387
16695.4	0.881268583
16732	0.844329182
16770.3	0.844329182
16808.4	0.865437411
16845.7	0.870714469
16882.8	0.854883297
16920.5	0.812666837
16960.3	0.802112723
17000.7	0.80738978
17040.7	0.791558608
17081.5	0.775727436
17123	0.749342149
17166	0.796835665
17206.4	0.802112723
17246.6	0.802112723
17286.9	0.817943895
17326.2	0.759896264
17368.6	0.80738978
17408.6	0.744065091
17452	0.749342149
17495.2	0.749342149
17538.1	0.744065091
17581.5	0.744065091
17624.7	0.722956862
17669.3	0.691294518
17715.9	0.691294518
17762.5	0.691294518
17809.1	0.680740403
17856.5	0.770450378
17898.4	0.722956862
17943	0.696571575
17989.3	0.717679805
18034.4	0.717679805
18079.3	0.691294518
18125.9	0.675463345
18173.7	0.680740403
18221	0.696571575
18267.2	0.70712569
18312.7	0.717679805
18357.7	0.70712569
18403.2	0.691294518
18449.8	0.691294518
18496.4	0.696571575
18542.8	0.68601746
18589.8	0.691294518
18636.6	0.638523944
18687.1	0.733510977
18731	0.712402747
18776.2	0.722956862
18820.9	0.68601746
18867.7	0.68601746
18914.5	0.691294518
18961.3	0.696571575
19007.5	0.701848632
19053.5	0.701848632
19099.4	0.696571575
19145.8	0.680740403
19193.2	0.701848632
19239.3	0.717679805
19284.2	0.659632173
19333.1	0.675463345
19380.9	0.722956862
19425.3	0.696571575
19471.4	0.70712569
19517.1	0.791558608
19557.9	0.701848632
19603.9	0.712402747
19649.1	0.680740403
19696.5	0.696571575
19742.7	0.68601746
19789.7	0.675463345
19837.4	0.664909231
19885.9	0.680740403
19933.3	0.664909231
19982	0.675463345
20029.7	0.717679805
20074.6	0.744065091
20118	0.738788034
20161.9	0.696571575
20208.3	0.659632173
20257.4	0.670186288
20305.5	0.701848632
20351.6	0.712402747
20396.9	0.717679805
20442	0.717679805
20486.9	0.696571575
20533.2	0.701848632
20579.3	0.696571575
20625.8	0.680740403
20673.1	0.675463345
20721	0.670186288
20769.4	0.717679805
20814.3	0.738788034
20858.2	0.70712569
20903.8	0.696571575
20950.4	0.68601746
20997.7	0.68601746
21044.8	0.722956862
21089.6	0.70712569
21135.5	0.701848632
21181.7	0.696571575
21228.1	0.691294518
21274.9	0.670186288
21323.3	0.696571575
21369.7	0.70712569
21415.5	0.728233919
21460	0.712402747
21505.4	0.675463345
21553.5	0.670186288
21601.8	0.712402747
21647.4	0.759896264
21690.1	0.749342149
21733.4	0.696571575
21779.9	0.68601746
21827.2	0.70712569
21873	0.691294518
21920.1	0.670186288
21968.7	0.691294518
22015.8	0.722956862
22060.7	0.744065091
22104.2	0.754619206
22147.3	0.701848632
22193.5	0.712402747
22239	0.68601746
22286.4	0.691294518
22333.3	0.670186288
22381.8	0.659632173
22431	0.680740403
22478.9	0.728233919
22523.5	0.654355116
22573.1	0.664909231
22622.2	0.759896264
22665.2	0.712402747
22710.9	0.701848632
22757.4	0.722956862
22802.6	0.696571575
22849.3	0.675463345
22897.4	0.68601746
22944.8	0.670186288
22993.4	0.675463345
23041.6	0.675463345
23089.7	0.675463345
23138	0.670186288
23186.8	0.675463345
23235.1	0.701848632
23281.4	0.722956862
23326.5	0.733510977
23370.9	0.733510977
23415.5	0.712402747
23461.3	0.696571575
23508.2	0.696571575
23555.3	0.643801001
23606.2	0.670186288
23655.1	0.691294518
23702.4	0.680740403
23750.3	0.70712569
23796.4	0.701848632
23843.1	0.691294518
23890.5	0.70712569
23936.6	0.691294518
23984	0.670186288
24032.7	0.654355116
24082.9	0.617415714
24136.1	0.622692772
24188.5	0.643801001
24239.5	0.643801001
24290.5	0.596307485
24345.6	0.638523944
24397.1	0.654355116
24447	0.675463345
24495.5	0.675463345
24544.2	0.638523944
24595.4	0.654355116
24645.7	0.617415714
24698.8	0.617415714
24752.1	0.733510977
24796.8	0.680740403
24845.1	0.627969829
24897.4	0.606861599
24951.5	0.612138657
25005.3	0.617415714
25058.6	0.622692772
25111.7	0.638523944
25163.2	0.622692772
25215.9	0.643801001
25266.9	0.622692772
25319.7	0.617415714
25372.9	0.627969829
25425.4	0.649078058
25476.2	0.643801001
25527.3	0.606861599
25581.6	0.591030427
25637.4	0.606861599
25692	0.627969829
25744.7	0.627969829
25797.3	0.627969829
25850	0.633246886
25901.9	0.649078058
25953	0.643801001
26004.2	0.627969829
26057	0.627969829
26109.8	0.633246886
26161.8	0.622692772
26214.9	0.664909231
26264.7	0.649078058
26315.8	0.622692772
26368.8	0.664909231
26418.6	0.633246886
26470.8	0.627969829
26523.7	0.659632173
26574.1	0.601584542
26629.3	0.622692772
26682.6	0.675463345
26731.9	0.622692772
26785.1	0.654355116
26836	0.638523944
26888	0.617415714
26941.9	0.606861599
26996.8	0.617415714
27050.6	0.649078058
27101.7	0.643801001
27153.3	0.627969829
27206.5	0.617415714
27260.5	0.627969829
27313.6	0.633246886
27366.3	0.627969829
27419.4	0.633246886
27472.2	0.659632173
27522.9	0.691294518
27571.1	0.70712569
27618.4	0.733510977
27664.1	0.754619206
27708.5	0.691294518
27756.9	0.675463345
27806.4	0.680740403
27855.5	0.606861599
27910.6	0.664909231
27960.9	0.738788034
28006.3	0.759896264
28050.5	0.701848632
28098.4	0.675463345
28148	0.659632173
28198.9	0.696571575
28247	0.675463345
28296.7	0.622692772
28350.4	0.606861599
28406.1	0.649078058
28457.7	0.638523944
28510.3	0.612138657
28565.2	0.638523944
28617.9	0.680740403
28667.3	0.675463345
28717.3	0.712402747
28764.4	0.722956862
28811.1	0.696571575
28859.7	0.68601746
28908.9	0.680740403
28958.4	0.664909231
29009.3	0.643801001
29061.6	0.649078058
29113.7	0.654355116
29165.3	0.659632173
29216.4	0.675463345
29266.5	0.68601746
29315.9	0.68601746
29365.1	0.691294518
29414.3	0.701848632
29462.6	0.712402747
29510	0.712402747
29557.7	0.754619206
29602.5	0.70712569
29650.5	0.738788034
29696.6	0.70712569
29744.4	0.664909231
29795.5	0.664909231
29846.5	0.691294518
29895.6	0.701848632
29944.2	0.701848632
29992.8	0.70712569
30040.8	0.722956862
30087.8	0.701848632
30136.3	0.664909231
30187.6	0.617415714
30242.9	0.627969829
30297.1	0.627969829
30351.2	0.622692772
30405.8	0.659632173
30457.6	0.617415714
30512.9	0.627969829
30567	0.654355116
30619.2	0.664909231
30670.6	0.633246886
30724.5	0.654355116
30776.6	0.654355116
30828.6	0.649078058
30881.5	0.643801001
30934.4	0.649078058
30987	0.664909231
31038.4	0.670186288
31089.3	0.675463345
31139.9	0.675463345
31190.4	0.691294518
31239.8	0.744065091
31285.8	0.701848632
31334.6	0.691294518
31384.1	0.70712569
31432.6	0.643801001
31485.7	0.622692772
31540.6	0.654355116
31593.1	0.643801001
31646.5	0.622692772
31701.5	0.643801001
31754.7	0.664909231
31806.1	0.670186288
31857.5	0.654355116
31910	0.633246886
31964.2	0.627969829
32018.9	0.606861599
32075.5	0.643801001
32128.9	0.696571575
32178.2	0.691294518
32228	0.659632173
32280.1	0.680740403
32330.7	0.722956862
32378.2	0.701848632
32427.1	0.754619206
32472.8	0.675463345
32523.8	0.659632173
32576	0.670186288
32627.6	0.659632173
32679.8	0.675463345
32730.8	0.691294518
32780.8	0.68601746
32830.9	0.680740403
32881.7	0.691294518
32931.7	0.691294518
32981.7	0.649078058
33035	0.617415714
33090.8	0.627969829
33145.9	0.627969829
33200.7	0.627969829
33255.9	0.649078058
33308.9	0.680740403
33359.8	0.675463345
33411.1	0.696571575
33460.8	0.728233919
33508.2	0.744065091
33554.5	0.759896264
33599.9	0.770450378
33644.9	0.765173321
33690.1	0.770450378
33734.9	0.786281551
33778.8	0.744065091
33825.4	0.754619206
33871.3	0.733510977
33918.5	0.749342149
33964.6	0.759896264
34010.2	0.754619206
34056.2	0.712402747
34104.8	0.728233919
34152.5	0.70712569
34201.5	0.670186288
34253.3	0.654355116
34306	0.654355116
34359	0.654355116
34412.2	0.649078058
34465.6	0.670186288
34517.4	0.70712569
34566.6	0.664909231
34618.8	0.664909231
34670.9	0.633246886
34725.7	0.659632173
34778.5	0.701848632
34828.1	0.712402747
34876.8	0.680740403
34927.8	0.749342149
34974.3	0.701848632
35023.9	0.722956862
35072	0.717679805
35120.5	0.70712569
35169.6	0.733510977
35217.1	0.733510977
35264.6	0.70712569
35313.8	0.70712569
35363	0.733510977
35410.4	0.770450378
35455.6	0.738788034
35502.8	0.696571575
35553	0.744065091
35599.9	0.770450378
35645	0.754619206
35691.2	0.728233919
35739.2	0.717679805
35787.7	0.749342149
35834.3	0.765173321
35879.7	0.728233919
35927.7	0.70712569
35977	0.744065091
36023.9	0.765173321
36069.5	0.749342149
36116	0.696571575
36166.1	0.728233919
36214	0.664909231
36266.4	0.749342149
36313	0.749342149
36359.7	0.744065091
36406.4	0.738788034
36453.7	0.696571575
36503.9	0.70712569
36553.4	0.717679805
36602.1	0.733510977
36649.5	0.759896264
36695.5	0.759896264
36741.4	0.749342149
36788	0.744065091
36835	0.749342149
36881.6	0.749342149
36928.2	0.738788034
36975.7	0.738788034
37022.9	0.738788034
37070.1	0.712402747
37119.2	0.696571575
37169.3	0.70712569
37218.7	0.738788034
37266.2	0.786281551
37310.6	0.817943895
37353.2	0.728233919
37401.2	0.722956862
37449.7	0.733510977
37497.3	0.765173321
37543.2	0.759896264
37589.5	0.744065091
37636.7	0.744065091
37684	0.744065091
37731.3	0.712402747
37780.7	0.759896264
37826.8	0.759896264
37873	0.817943895
37916	0.823220952
37958.6	0.839052124
38000.5	0.881268583
38040.4	0.823220952
38083	0.891822698
38122.5	0.897099756
38161.7	0.849606239
38203.2	0.749342149
38250.1	0.738788034
38297.6	0.749342149
38344.6	0.823220952
38387.3	0.849606239
38428.8	0.796835665
38472.7	0.770450378
38518.5	0.754619206
38565	0.844329182
38606.5	0.823220952
38649.1	0.82849801
38691.5	0.839052124
38733.3	0.817943895
38776.2	0.844329182
38817.9	0.865437411
38858.4	0.870714469
38898.7	0.865437411
38939.2	0.849606239
38980.6	0.823220952
39023.4	0.802112723
39067.2	0.891822698
39106.5	0.865437411
39147.2	0.870714469
39187.5	0.854883297
39228.7	0.82849801
39271.3	0.844329182
39312.9	0.912930928
39351.6	0.770450378
39397.4	0.775727436
39442.7	0.754619206
39489.4	0.754619206
39536.1	0.754619206
39582.8	0.749342149
39630	0.749342149
39677	0.733510977
39725.1	0.691294518
39776.2	0.670186288
39828.9	0.680740403
39881	0.712402747
39930.5	0.680740403
39982.6	0.738788034
40030.3	0.722956862
40079.2	0.749342149
40126.2	0.754619206
40173	0.775727436
40218.7	0.759896264
40265.3	0.765173321
40311.4	0.765173321
40357.7	0.738788034
40405.7	0.728233919
40454.4	0.759896264
40501	0.802112723
40545.2	0.823220952
40588.3	0.80738978
40632.4	0.749342149
40679.8	0.717679805
40729.3	0.712402747
40779.1	0.70712569
40829.3	0.701848632
40879.8	0.717679805
40929.6	0.70712569
40980	0.68601746
41031.8	0.717679805
41081.7	0.749342149
41129.4	0.765173321
41176	0.759896264
41223.1	0.749342149
41270.8	0.791558608
41316	0.833775067
41358.9	0.791558608
41404.1	0.775727436
41450.3	0.754619206
41497.7	0.70712569
41548.4	0.823220952
41592	0.70712569
41642.8	0.749342149
41690.6	0.712402747
41741.1	0.759896264
41788.6	0.749342149
41836.6	0.712402747
41887.1	0.749342149
41935.1	0.722956862
41985	0.717679805
42035.4	0.701848632
42086.8	0.675463345
42140.4	0.675463345
42193.9	0.691294518
42246.1	0.691294518
42298.6	0.717679805
42349	0.70712569
42400.2	0.701848632
42452	0.728233919
42501.9	0.738788034
42551.4	0.717679805
42602	0.696571575
42654.5	0.744065091
42703.4	0.680740403
42756.9	0.722956862
42807.5	0.70712569
42859.2	0.738788034
42908.6	0.781004493
42955.5	0.770450378
43003.1	0.770450378
43050.8	0.781004493
43097.9	0.796835665
43144	0.791558608
43190.4	0.775727436
43237.7	0.786281551
43284.5	0.733510977
43334.5	0.738788034
43384.2	0.833775067
43428.5	0.80738978
43474.2	0.775727436
43521.8	0.744065091
43571.4	0.738788034
43621.4	0.759896264
43670	0.759896264
43718.7	0.754619206
43767.7	0.749342149
43817.1	0.712402747
43869.2	0.696571575
43922.4	0.728233919
43973.5	0.728233919
44024.7	0.696571575
44078.3	0.68601746
44132.5	0.691294518
44186.4	0.675463345
44241.7	0.670186288
44297.6	0.68601746
44352.1	0.712402747
44404.6	0.754619206
44454.2	0.728233919
44505.6	0.696571575
44559.7	0.696571575
44613.9	0.691294518
44668.2	0.717679805
44720.9	0.722956862
44773	0.712402747
44826.1	0.70712569
44879.6	0.70712569
44933	0.712402747
44986.3	0.70712569
45040	0.70712569
45093.8	0.722956862
45146.5	0.738788034
45198.1	0.744065091
45249.2	0.733510977
45301.1	0.728233919
45353.6	0.728233919
45406.1	0.744065091
45457.4	0.733510977
45509.7	0.733510977
45562	0.717679805
45615.5	0.744065091
45667.4	0.759896264
45718	0.738788034
45770.3	0.749342149
45821.8	0.733510977
45874.4	0.796835665
45923	0.802112723
45971.1	0.791558608
46019.8	0.802112723
46068	0.891822698
46111.3	0.844329182
46157.3	0.791558608
46206.2	0.770450378
46256.4	0.802112723
46304.7	0.854883297
46350.2	0.791558608
46399.3	0.802112723
46447.6	0.80738978
46495.5	0.817943895
46542.9	0.839052124
46589.1	0.860160354
46634.4	0.934039157
46676	0.970978559
46716	0.976255616
46755.9	0.897099756
46799.3	0.902376813
46842.4	0.90765387
46885.2	0.912930928
46927.9	0.90765387
46970.8	0.82849801
47017.7	0.82849801
47064.8	0.82849801
47111.8	0.854883297
47157.4	0.860160354
47202.9	0.849606239
47248.8	0.860160354
47294.3	0.833775067
47341.3	0.82849801
47388.6	0.865437411
47433.9	0.891822698
47477.8	0.902376813
47521.2	0.881268583
47565.7	0.833775067
47612.7	0.817943895
47660.7	0.839052124
47707.3	0.817943895
47755.2	0.833775067
47802.3	0.812666837
47850.5	0.817943895
47898.3	0.854883297
47944.3	0.849606239
47990.4	0.80738978
48038.9	0.786281551
48088.8	0.80738978
48137.4	0.775727436
48188	0.696571575
48244.4	0.722956862
48298.9	0.722956862
48353.5	0.70712569
48409.2	0.733510977
48463.1	0.749342149
48515.5	0.754619206
48567.8	0.786281551
48617.9	0.80738978
48666.9	0.802112723
48716.1	0.770450378
48767.4	0.786281551
48817.8	0.68601746
48875.5	0.744065091
48928.6	0.781004493
48979.2	0.696571575
49036	0.701848632
49092.5	0.775727436
49143.7	0.781004493
49194.3	0.796835665
49244.2	0.749342149
49297.2	0.733510977
49351.5	0.728233919
49406.2	0.712402747
49461.9	0.733510977
49516.2	0.717679805
49571.7	0.712402747
49627.4	0.696571575
49684.4	0.728233919
49739.1	0.722956862
49794.2	0.759896264
49846.8	0.770450378
49898.5	0.749342149
49951.7	0.765173321
50004	0.781004493
50055	0.754619206
50108	0.749342149
50161.5	0.770450378
50213.5	0.749342149
50266.8	0.728233919
50321.9	0.717679805
50377.5	0.759896264
50430.3	0.791558608
50480.9	0.786281551
50531.8	0.80738978
50581.5	0.775727436
50633.3	0.738788034
50687.5	0.744065091
50741.6	0.770450378
50793.8	0.791558608
50844.6	0.82849801
50892.9	0.786281551
50944.1	0.738788034
50998.6	0.738788034
51052.9	0.781004493
51104.5	0.781004493
51156.1	0.765173321
51208.8	0.770450378
51261	0.754619206
51314.3	0.754619206
51367.7	0.786281551
51419	0.786281551
51470.2	0.722956862
51525.8	0.744065091
51580	0.749342149
51634	0.759896264
51687.1	0.775727436
51738.9	0.775727436
51790.9	0.786281551
51842	0.775727436
51894.1	0.802112723
51944.3	0.833775067
51992.9	0.823220952
52042	0.802112723
52092.6	0.786281551
52143.8	0.796835665
52194.4	0.82849801
52243.2	0.839052124
52291.5	0.902376813
52336.4	0.823220952
52385.5	0.854883297
52432.8	0.912930928
52477.1	0.923485043
52521	0.912930928
52565.2	0.9287621
52608.9	0.865437411
52655.7	0.802112723
52706.2	0.849606239
52754.1	0.839052124
52802.3	0.849606239
52850.1	0.860160354
52897.4	0.886545641
52943.3	0.891822698
52988.8	0.849606239
53036.7	0.886545641
53082.5	0.881268583
53128.7	0.9287621
53172.5	0.881268583
53218.7	0.918207985
53263.1	0.94987033
53305.9	0.9287621
53349.9	0.886545641
53395.7	0.854883297
53443.4	0.844329182
53491.7	0.912930928
53536.4	0.976255616
53578.2	0.960424444
53620.7	0.918207985
53665.1	0.965701502
53707.2	0.965701502
53749.4	0.986809731
53790.9	0.992086789
53832	0.997363846
53873	1.007917961
53913.6	0.992086789
53954.7	0.955147387
53997.5	0.912930928
54042.3	0.891822698
54088.2	0.875991526
54134.7	0.833775067
54183.9	0.833775067
54232.9	0.854883297
54280.8	0.939316215
54324.5	0.90765387
54369.6	0.912930928
54414.6	0.891822698
54460.5	0.870714469
54507.6	0.860160354
54555.1	0.854883297
54603.1	0.849606239
54651.5	0.918207985
54696.2	0.90765387
54741.3	0.923485043
54785.6	0.90765387
54830.9	0.854883297
54878.8	0.82849801
54928.4	0.817943895
54978.5	0.802112723
55029.8	0.802112723
55081.2	0.80738978
55131.9	0.781004493
55184.6	0.765173321
55238.4	0.781004493
55291.2	0.812666837
55341.8	0.860160354
55389.5	0.854883297
55437.7	0.839052124
55486.8	0.881268583
55533.5	0.891822698
55579.6	0.833775067
55629.1	0.839052124
55678.2	0.849606239
55726.7	0.82849801
55776.3	0.823220952
55826.2	0.844329182
55875.1	0.817943895
55925.3	0.781004493
55978.1	0.802112723
56029.4	0.817943895
56079.6	0.812666837
56130.2	0.791558608
56182.4	0.770450378
56235.8	0.733510977
56291.9	0.722956862
56349	0.759896264
56403.1	0.765173321
56457	0.722956862
56513.9	0.728233919
56570.3	0.759896264
56624.6	0.733510977
56680.8	0.749342149
56735.6	0.791558608
56787.5	0.817943895
56838	0.796835665
56889.7	0.765173321
56943.3	0.796835665
56994.9	0.80738978
57045.8	0.796835665
57097.4	0.796835665
57148.9	0.82849801
57198.6	0.839052124
57247.7	0.775727436
57300.6	0.833775067
57350	0.796835665
57401.6	0.860160354
57449.5	0.870714469
57496.7	0.870714469
57543.9	0.891822698
57590.1	0.870714469
57637.4	0.854883297
57685.4	0.875991526
57732.2	0.912930928
57777.4	0.955147387
57820.3	0.90765387
57865.6	0.955147387
57908.5	0.944593272
57952.1	0.881268583
57998.8	0.817943895
58048.9	0.833775067
58098.1	0.891822698
58144.1	0.912930928
58189	0.870714469
58236.1	0.860160354
58284	0.923485043
58328.3	0.9287621
58372.6	0.860160354
58420.4	0.82849801
58470	0.849606239
58518.2	0.886545641
58564.7	0.90765387
58609.9	0.918207985
58654.6	0.923485043
58699.1	0.981532674
58740.9	0.90765387
58786.1	0.960424444
58828.9	0.997363846
58870	0.997363846
58911.1	0.992086789
58952.5	1.013195018
58993	1.02902619
59032.9	0.981532674
59074.9	0.955147387
59118	0.970978559
59160.3	1.023749133
59200.6	1.081796764
59238.6	1.023749133
59278.7	1.002640903
59319.7	1.013195018
59360.3	1.013195018
59401	0.986809731
59442.8	0.965701502
59485.3	0.944593272
59528.9	0.960424444
59571.8	0.955147387
59614.8	0.960424444
59657.8	0.970978559
59700.4	0.981532674
59742.4	0.981532674
59784.5	0.849606239
59833	1.034303248
59873	0.934039157
59917.3	0.881268583
59964.3	0.860160354
60012.5	0.912930928
60057.9	0.955147387
60101.4	0.912930928
60146.6	0.870714469
60194.1	0.891822698
60240.7	0.912930928
60286.3	0.823220952
60336.8	0.844329182
60385.8	0.9287621
60430.6	0.923485043
60475.6	0.912930928
60521	0.891822698
60567.7	0.844329182
60617	0.849606239
60665.9	0.849606239
60714.9	0.844329182
60764.2	0.812666837
60815.6	0.80738978
60867.3	0.833775067
60917.3	0.849606239
60966.2	0.796835665
61018.4	0.833775067
61068.4	0.886545641
61115.3	0.817943895
61166.1	0.860160354
61214.5	0.912930928
61260.1	0.90765387
61306.1	0.854883297
61354.9	0.839052124
61404.8	0.823220952
61455.4	0.823220952
61506.1	0.860160354
61554.7	0.870714469
61602.5	0.839052124
61652.4	0.823220952
61703.1	0.854883297
61752.1	0.860160354
61800.7	0.849606239
61849.8	0.844329182
61899.4	0.82849801
61949.9	0.82849801
62000.3	0.823220952
62051.2	0.796835665
62103.9	0.80738978
62155.9	0.833775067
62206.1	0.817943895
62257.2	0.802112723
62309.5	0.812666837
62361.2	0.823220952
62412.3	0.80738978
62464.4	0.786281551
62517.7	0.754619206
62573.3	0.754619206
62628.8	0.717679805
62687.4	0.759896264
62742.9	0.775727436
62797.3	0.770450378
62852	0.754619206
62907.6	0.733510977
62965	0.717679805
63023.8	0.738788034
63081.1	0.817943895
63132.8	0.717679805
63191.7	0.712402747
63251	0.717679805
63309.9	0.733510977
63367.6	0.749342149
63424.2	0.696571575
63485.1	0.68601746
63547.1	0.722956862
63605.8	0.717679805
63665.2	0.633246886
63732.5	0.68601746
63794.7	0.68601746
63856.8	0.680740403
63919.2	0.696571575
63980.2	0.68601746
64042.6	0.696571575
64103.8	0.712402747
64163.7	0.749342149
64220.8	0.82849801
64272.5	0.833775067
64324	0.781004493
64378.7	0.823220952
64431	0.722956862
64490.1	0.765173321
64546	0.775727436
64601.4	0.812666837
64654.2	0.786281551
64708.9	0.722956862
64768.6	0.696571575
64830.4	0.712402747
64891.1	0.701848632
64952.7	0.670186288
65017.4	0.701848632
65079	0.717679805
65139.4	0.696571575
65201.6	0.675463345
65265.5	0.712402747
65326.5	0.670186288
65391	0.696571575
65453.3	0.670186288
65518.1	0.670186288
65582.8	0.68601746
65646.3	0.696571575
65709	0.744065091
65767.5	0.722956862
65827.7	0.659632173
65893.5	0.696571575
65955.9	0.675463345
66020.5	0.68601746
66084.1	0.664909231
66149.7	0.654355116
66216.5	0.680740403
66280.7	0.654355116
66347.7	0.68601746
66411.2	0.675463345
66475.7	0.654355116
66542.6	0.649078058
66610.1	0.675463345
66675	0.664909231
66741.1	0.643801001
66809.2	0.649078058
66876.4	0.659632173
66943	0.638523944
67011.8	0.670186288
67077.3	0.680740403
67141.9	0.691294518
67205.6	0.68601746
67269.4	0.754619206
67327.8	0.659632173
67394.4	0.696571575
67457.3	0.712402747
67518.8	0.680740403
67583.4	0.680740403
67647.9	0.70712569
67710.1	0.691294518
67773.9	0.659632173
67840.8	0.691294518
67904.4	0.670186288
67970	0.670186288
68035.7	0.664909231
68101.9	0.696571575
68165.4	0.691294518
68229.3	0.670186288
68295.1	0.70712569
68357.4	0.744065091
68416.7	0.696571575
68480.2	0.680740403
68545.3	0.680740403
68610.4	0.791558608
68666.5	0.712402747
68728.5	0.717679805
68790.5	0.728233919
68851.7	0.691294518
68916.2	0.649078058
68984.5	0.654355116
69052.4	0.664909231
69119.4	0.765173321
69177.4	0.754619206
69236.5	0.759896264
69294.9	0.770450378
69353	0.754619206
69412.1	0.754619206
69471.1	0.717679805
69533.5	0.722956862
69595.1	0.670186288
69661.7	0.675463345
69727.7	0.680740403
69793.3	0.649078058
69862.5	0.670186288
69929.4	0.643801001
69998.8	0.68601746
70064	0.670186288
70130.8	0.675463345
70197.3	0.691294518
70262.1	0.770450378
70320.3	0.717679805
70383	0.696571575
70447.3	0.722956862
70509.4	0.80738978
70565.1	0.775727436
70623.1	0.786281551
70680.1	0.749342149
70740.3	0.738788034
70801	0.765173321
70859.9	0.770450378
70918.2	0.781004493
70975.8	0.765173321
71034.3	0.82849801
71088.7	0.839052124
71142.3	0.786281551
71199.4	0.854883297
71252.1	0.844329182
71305.3	0.844329182
71358.4	0.875991526
71409.8	0.939316215
71457.7	0.902376813
71507.5	0.923485043
71556.1	0.9287621
71604.5	0.970978559
71650.8	0.944593272
71698.4	0.9287621
71746.8	0.918207985
71795.8	0.891822698
71846.3	0.802112723
71902.3	0.80738978
71957.7	0.90765387
72007.3	0.839052124
72060.9	0.854883297
72113.4	0.875991526
72164.5	0.891822698
72214.9	0.881268583
72265.9	0.817943895
72320.6	0.802112723
72376.6	0.82849801
72430.6	0.82849801
72484.5	0.897099756
72534.5	0.839052124
72587.7	0.833775067
72641.6	0.839052124
72695.1	0.823220952
72749.5	0.82849801
72803.4	0.839052124
72856.9	0.817943895
72911.6	0.80738978
72967	0.80738978
73022.6	0.770450378
73080.8	0.812666837
73135.9	0.786281551
73192.8	0.791558608
73249.1	0.738788034
73309.5	0.717679805
73371.9	0.754619206
73431.1	0.749342149
73490.6	0.744065091
73550.6	0.759896264
73609.6	0.786281551
73666.5	0.796835665
73722.6	0.796835665
73778.7	0.812666837
73833.5	0.823220952
73887.7	0.823220952
73942.1	0.854883297
73994.4	0.865437411
74045.9	0.881268583
74096.7	0.870714469
74147.9	0.833775067
74201.5	0.886545641
74252	0.844329182
74304.8	0.881268583
74355.5	0.823220952
74409.8	0.934039157
74457.6	0.860160354
74509.6	0.891822698
74559.8	0.902376813
74609.5	0.897099756
74659.3	0.881268583
74710.1	0.902376813
74759.7	0.944593272
74807	1.02902619
74850.6	0.976255616
74896.4	0.955147387
74943.3	0.94987033
74990.4	1.007917961
75034.8	0.960424444
75081.5	1.018472076
75125.5	0.986809731
75170.9	0.960424444
75217.6	0.981532674
75263.4	0.997363846
75308.5	1.007917961
75352.9	1.055411477
75395.4	1.118736166
75435.5	1.044857362
75478.6	1.076519707
75520.2	1.02902619
75563.8	0.976255616
75609.9	0.965701502
75656.6	0.960424444
75703.4	0.94987033
75750.8	0.939316215
75798.8	0.934039157
75847	0.923485043
75895.8	0.886545641
75946.7	0.881268583
75997.7	0.90765387
76047.3	0.912930928
76096.7	0.902376813
76146.5	0.897099756
76196.8	0.886545641
76247.7	0.860160354
76300.2	0.854883297
76353.1	0.865437411
76405.5	0.839052124
76459.6	0.844329182
76513.1	0.791558608
76570.1	0.823220952
76625.1	0.775727436
76683.7	0.759896264
76743.4	0.786281551
76801.2	0.823220952
76856.3	0.823220952
76911.6	0.865437411
76964.3	0.865437411
77016.8	0.791558608
77074.5	0.817943895
77130.1	0.844329182
77184.1	0.870714469
77236.3	0.844329182
77290.4	0.786281551
77348.2	0.854883297
77401.6	0.833775067
77456.5	0.881268583
77508.4	0.865437411
77561.4	0.80738978
77618.2	0.823220952
77674.1	0.833775067
77729.1	0.839052124
77783.8	0.865437411
77836.8	0.886545641
77888.6	0.891822698
77940.2	0.875991526
77992.8	0.865437411
78046.1	0.923485043
78096	0.886545641
78148	0.90765387
78198.9	0.918207985
78249.4	0.870714469
78302.5	0.812666837
78359.4	0.860160354
78413.5	0.849606239
78468	0.817943895
78524.8	0.817943895
78581.8	0.833775067
78637.7	0.854883297
78692.3	0.849606239
78747.3	0.854883297
78801.8	0.849606239
78856.6	0.902376813
78908.4	0.881268583
78961.6	0.860160354
79016	0.918207985
79067.2	0.902376813
79119.2	0.823220952
79176.4	0.865437411
79230.8	0.934039157
79281.2	0.939316215
79331.4	0.90765387
79383.4	0.912930928
79435.1	0.944593272
79485.2	0.94987033
79535	0.965701502
79584	0.992086789
79631.8	0.965701502
79680.8	0.9287621
79732	0.939316215
79782.6	0.94987033
79832.7	0.912930928
79884.9	0.875991526
79939.3	0.944593272
79989.8	0.939316215
80040.6	0.955147387
80090.6	0.934039157
80141.8	1.018472076
80188.9	1.02902619
80235.6	1.007917961
80283.4	0.981532674
80332.3	0.965701502
80382.2	0.94987033
80433	0.970978559
80482.8	0.981532674
80532	1.039580305
80578.5	1.05013442
80624.4	0.997363846
80672.9	0.976255616
80722.6	0.965701502
80772.8	0.94987033
80824	0.970978559
80874	1.007917961
80922.4	1.018472076
80970.3	1.039580305
81017.1	1.076519707
81062.6	0.960424444
81113.4	1.018472076
81161.4	0.992086789
81210.8	1.060688535
81257	1.023749133
81305	0.986809731
81354.7	1.013195018
81403.3	1.007917961
81452	1.02902619
81499.8	1.060688535
81546.3	1.039580305
81593.7	1.023749133
81642	1.044857362
81689.4	1.02902619
81737.7	1.002640903
81787.1	0.997363846
81836.8	0.986809731
81887.2	0.992086789
81937.3	1.002640903
81986.9	0.976255616
82037.9	0.965701502
82089.6	0.997363846
82139.7	1.044857362
82187.4	1.081796764
82233.6	1.060688535
82280.9	0.992086789
82331.4	0.992086789
82382	1.044857362
82430	1.060688535
82477.4	1.055411477
82525.1	1.05013442
82573.1	1.160952625
82616.5	1.139844395
82660.7	1.108182051
82706.2	1.092350879
82752.3	1.081796764
82799.1	1.087073822
82845.6	0.992086789
82896.6	1.055411477
82944.5	1.039580305
82993.2	1.081796764
83040.2	1.055411477
83088.4	1.076519707
83135.6	1.124013223
83180.8	1.160952625
83224.6	1.176783797
83267.8	1.134567338
83312.8	1.17150674
83356.3	1.134567338
83401.3	1.129290281
83446.4	1.124013223
83491.8	1.087073822
83538.8	1.113459108
83584.6	1.27177083
83624.8	1.15039851
83669.2	1.15039851
83713.8	1.17150674
83757.6	1.155675568
83801.9	1.113459108
83847.9	1.124013223
83893.5	1.145121453
83938.3	1.160952625
83982.6	1.17150674
84026.4	1.187337912
84069.7	1.234831428
84111.4	1.234831428
84153.1	1.224277314
84195.1	1.229554371
84236.9	1.245385543
84278.2	1.255939658
84319.2	1.15039851
84363.9	1.139844395
84409.1	1.129290281
84454.9	1.129290281
84500.5	1.17150674
84544.5	1.092350879
84591.7	1.134567338
84637.2	1.145121453
84682.2	1.17150674
84726.4	1.213723199
84769	1.229554371
84811	1.05013442
84860.3	1.15039851
84905.3	1.118736166
84951.6	1.176783797
84995.6	1.182060854
85039.5	1.155675568
85084.3	1.134567338
85130	1.092350879
85177.5	1.15039851
85222.4	1.039580305
85272.3	1.087073822
85320	1.076519707
85368.2	1.081796764
85416.1	1.118736166
85462.3	1.129290281
85508.3	1.092350879
85555.9	1.102904994
85602.9	1.092350879
85650.4	1.145121453
85695.7	1.15039851
85740.8	1.113459108
85787.4	1.060688535
85836.5	1.034303248
85886.6	1.076519707
85934.8	1.102904994
85981.8	1.013195018
86032.9	1.02902619
86083.5	1.060688535
86132.6	1.039580305
86182.7	1.018472076
86233.8	1.081796764
86281.7	1.187337912
86325.4	1.060688535
86374.5	1.034303248
86424.7	1.044857362
86474.5	1.023749133
86525.2	1.023749133
86575.9	1.039580305
86625.8	1.023749133
86676.4	1.002640903
86728.2	1.013195018
86779.3	1.034303248
86829.6	1.013195018
86880.7	0.981532674
86933.6	0.970978559
86986.9	0.976255616
87040	0.992086789
87092.2	1.023749133
87142.8	1.023749133
87193.4	1.018472076
87244.2	1.013195018
87295.1	0.965701502
87348.8	0.965701502
87402.2	0.976255616
87455.2	0.981532674
87507.8	0.981532674
87560.6	0.94987033
87614.9	0.934039157
87670.2	0.918207985
87726.5	0.897099756
87784	0.897099756
87841.4	1.007917961
87892.6	0.918207985
87948.8	0.934039157
88004.1	0.918207985
88060.1	0.94987033
88114.3	0.902376813
88171.5	0.90765387
88228	0.870714469
88287	0.823220952
88349.3	0.786281551
88414.5	0.791558608
88479.3	0.865437411
88538.7	0.918207985
88594.7	0.875991526
88653.3	0.833775067
88714.6	0.870714469
88773.6	0.865437411
88832.6	0.891822698
88890	0.849606239
88950.1	0.886545641
89007.8	0.844329182
89068.3	0.875991526
89126.8	0.90765387
89183	0.9287621
89238	0.918207985
89293.5	0.881268583
89351.4	0.875991526
89409.6	0.90765387
89465.8	0.854883297
89525.4	0.918207985
89581	0.881268583
89639	0.865437411
89697.8	0.912930928
89753.6	0.912930928
89809.5	0.902376813
89866.1	0.944593272
89919.9	0.981532674
89971.6	0.965701502
90024.5	0.992086789
90075.8	0.976255616
90128	0.970978559
90180.4	0.90765387
90236.6	0.902376813
90292.8	0.9287621
90347.4	0.918207985
90402.8	0.918207985
90458.4	1.02902619
90507.7	1.023749133
90557.5	1.002640903
90608.3	1.023749133
90658	1.002640903
90708.6	0.981532674
90760.4	0.902376813
90816.7	0.9287621
90871.5	0.997363846
90922.6	0.997363846
90973.5	0.981532674
91025.3	0.981532674
91077.1	1.034303248
91126.2	1.065965592
91173.8	1.023749133
91223.6	0.976255616
91275.7	0.965701502
91328.3	0.965701502
91380.9	0.997363846
91432.1	1.02902619
91481.7	0.934039157
91536.3	0.9287621
91591.3	0.976255616
91643.6	1.013195018
91693.8	0.854883297
91753.3	0.870714469
91812	0.886545641
91869.7	0.902376813
91926.4	0.923485043
91981.7	0.94987033
92035.5	1.018472076
92085.8	0.992086789
92137.4	0.944593272
92191.4	0.94987033
92245.3	0.955147387
92298.8	0.902376813
92355.5	0.90765387
92411.9	0.902376813
92468.6	0.918207985
92524.4	0.9287621
92579.6	0.886545641
92637.6	1.02902619
92687.5	1.013195018
92738.2	0.955147387
92791.9	0.923485043
92847.6	0.9287621
92903.2	0.965701502
92956.6	0.965701502
93010.1	0.965701502
93063.5	1.023749133
93113.9	0.997363846
93165.7	0.992086789
93217.8	0.992086789
93270.1	0.960424444
93324	0.955147387
93378.2	0.976255616
93431.3	1.023749133
93482	1.071242649
93530.6	1.034303248
93581	1.002640903
93633.1	1.034303248
93683.5	1.05013442
93733.3	1.076519707
93781.8	0.986809731
93834.7	1.055411477
93884.2	1.05013442
93934.1	1.05013442
93983.9	1.060688535
94033.5	0.997363846
94086.1	0.965701502
94140.5	1.039580305
94191.1	1.023749133
94242.6	1.013195018
94294.8	1.018472076
94346.7	1.076519707
94396	1.102904994
94444	1.092350879
94492.5	1.081796764
94541.7	1.039580305
94592.8	0.986809731
94646.6	1.013195018
94699.1	1.065965592
94749.1	1.113459108
94797.1	1.02902619
94849	1.044857362
94900.2	1.076519707
94950.1	1.05013442
95001.2	1.039580305
95052.7	1.055411477
95103.7	1.081796764
95153.4	1.081796764
95203.2	1.102904994
95252.3	1.076519707
95302.4	0.981532674
95357.7	1.097627936
95407	1.05013442
95458.7	0.976255616
95514.3	1.081796764
95564.7	1.013195018
95618.3	1.013195018
95672.2	0.986809731
95727.5	0.939316215
95785.6	1.023749133
95839.1	1.118736166
95888	1.203169084
95933.5	1.208446141
95978.9	1.097627936
96029	1.160952625
96076.3	1.134567338
96124.7	1.071242649
96176.1	1.087073822
96226.8	1.087073822
96277.7	1.02902619
96331.4	0.976255616
96388	1.013195018
96442.7	1.002640903
96497.9	0.986809731
96554.2	1.007917961
96609.3	1.007917961
96664.4	1.002640903
96719.9	1.02902619
96774.1	1.013195018
96829.1	1.013195018
96884.1	1.044857362
96937.5	1.023749133
96992.1	1.02902619
97046.5	1.108182051
97097.1	1.039580305
97151	0.970978559
97208.9	1.055411477
97262.1	1.039580305
97316.3	1.071242649
97368.8	1.108182051
97419.7	1.039580305
97473.8	0.986809731
97531.1	1.007917961
97587	1.113459108
97637.8	0.9287621
97698.8	0.976255616
97756.8	1.023749133
97812.2	1.060688535
97865.6	0.981532674
97923.3	1.018472076
97979	1.023749133
98034.6	1.02902619
98089.8	1.013195018
98145.7	0.981532674
98203.6	0.976255616
98261.8	1.02902619
98317.3	1.018472076
98373.2	1.02902619
98428.8	1.044857362
98483.4	1.044857362
98538.1	1.044857362
98592.8	1.02902619
98648.3	0.992086789
98705.8	1.002640903
98762.7	1.039580305
98817.7	0.970978559
98876.6	0.992086789
98934.3	0.997363846
98991.5	1.108182051
99043	1.055411477
99097.2	1.002640903
99154.3	0.970978559
99213.4	0.981532674
99271.8	1.013195018
99328.4	1.076519707
99381.7	1.044857362
99436.5	1.044857362
99491.5	0.986809731
99549.6	1.044857362
99604.3	0.992086789
99662.1	1.007917961
99719	1.044857362
99773.9	1.065965592
99827.7	1.065965592
99881.5	1.065965592
99935.4	1.013195018
99991.8	0.970978559
100051	0.981532674
100109.5	1.002640903
100166.5	0.981532674
100224.9	1.018472076
100281.3	0.939316215
100342.4	1.05013442
100397	1.018472076
100453.3	1.002640903
100510.4	0.9287621
100572.1	0.939316215
100633.1	0.976255616
100691.9	0.997363846
100749.2	0.981532674
100807.7	0.986809731
100865.7	1.023749133
100921.7	1.065965592
100975.4	0.986809731
101033.6	1.071242649
101087	1.076519707
101140.2	1.044857362
101195	1.02902619
101250.5	0.981532674
101308.8	1.02902619
101364.4	1.034303248
101419.8	1.060688535
101473.7	1.071242649
101527.1	1.05013442
101581.6	1.071242649
101635.1	1.087073822
101687.6	1.060688535
101741.7	1.05013442
101796.2	1.055411477
101850.4	1.097627936
101902.5	1.065965592
101956.1	1.087073822
102008.7	1.023749133
102064.5	1.05013442
102118.9	1.065965592
102172.6	1.081796764
102225.5	1.081796764
102278.2	1.108182051
102329.9	1.007917961
102386.5	1.013195018
102443	1.002640903
102499.9	1.02902619
102555.4	1.065965592
102609	1.092350879
102661.5	1.124013223
102712.3	1.139844395
102762.6	1.155675568
102812.1	1.187337912
102860.3	1.160952625
102909.6	1.097627936
102961.7	1.081796764
103014.5	1.055411477
103068.7	1.044857362
103123.3	1.055411477
103177.5	1.071242649
103230.8	1.060688535
103284.8	1.065965592
103338.4	1.071242649
103391.7	1.071242649
103445	1.013195018
103501.5	1.05013442
103556.2	1.065965592
103609.8	1.071242649
103663.2	1.002640903
103720.3	0.944593272
103780.8	1.002640903
103838	1.023749133
103894.1	1.007917961
103951.1	1.018472076
104007.3	1.02902619
104063	0.981532674
104121.3	1.039580305
104176.4	0.981532674
104234.9	0.960424444
104294.7	0.965701502
104354.2	0.986809731
104412.3	1.023749133
104468.3	0.934039157
104529.9	0.934039157
104591.5	0.923485043
104653.6	0.965701502
104713.1	0.849606239
104780.8	0.860160354
104847.3	0.881268583
104912.2	0.817943895
104982.3	0.839052124
105050.5	0.870714469
105116.4	0.833775067
105185.3	0.891822698
105249.5	0.860160354
105316	0.934039157
105377.5	0.90765387
105440.6	0.934039157
105502.2	0.939316215
105563.4	0.865437411
105629.9	0.923485043
105692.2	0.992086789
105750	0.960424444
105809.7	0.923485043
105871.8	0.960424444
105931.8	0.965701502
105991.3	0.965701502
106050.8	0.94987033
106111.5	0.981532674
106170	1.039580305
106225.5	1.018472076
106282	1.023749133
106338.3	1.023749133
106394.6	1.007917961
106451.9	1.013195018
106508.9	1.092350879
106561.8	1.018472076
106618.5	0.965701502
106678.5	0.965701502
106738.4	1.007917961
106796	1.018472076
106852.8	0.992086789
106911.1	1.018472076
106968.1	1.039580305
107024.1	1.02902619
107080.5	1.013195018
107137.9	0.992086789
107196.5	0.981532674
107255.7	0.992086789
107314.5	1.007917961
107372.3	1.097627936
107425.5	1.071242649
107480.2	1.044857362
107536.1	1.071242649
107590.7	1.060688535
107645.8	1.055411477
107701.5	1.113459108
107754.3	1.118736166
107806.9	1.102904994
107860.2	1.139844395
107911.8	1.139844395
107963.6	1.17150674
108013.9	1.182060854
108063.9	1.203169084
108113.1	1.155675568
108164.2	1.092350879
108218.3	1.034303248
108275.6	1.039580305
108332.7	1.065965592
108388.3	1.118736166
108441.3	1.05013442
108497.7	1.081796764
108552.7	1.034303248
108610.1	1.007917961
108669	1.023749133
108727.3	1.034303248
108784.8	0.970978559
108846.2	1.007917961
108905.6	0.997363846
108965.5	1.02902619
109023.5	0.976255616
109084.8	0.970978559
109146.4	0.970978559
109208.2	0.918207985
109273.6	0.90765387
109339.6	0.897099756
109406.5	0.886545641
109474.2	0.886545641
109541.9	0.875991526
109610.7	0.849606239
109681.5	0.839052124
109753.4	0.802112723
109828.5	0.860160354
109898.7	0.82849801
109971.6	0.844329182
110043	0.833775067
110115.5	0.849606239
110186.9	0.812666837
110261.5	0.844329182
110333.2	0.844329182
110405.1	0.770450378
110483.8	0.844329182
110555.7	0.891822698
110624	0.870714469
110693.9	0.881268583
110763	0.897099756
110830.7	0.817943895
110904.9	0.897099756
110972.9	0.90765387
111040	0.912930928
111106.9	0.912930928
111173.7	0.9287621
111239.3	0.94987033
111303.5	0.839052124
111376.2	0.90765387
111443.8	1.002640903
111504.7	0.918207985
111571.5	0.860160354
111642.8	0.891822698
111711.6	0.923485043
111778.2	0.976255616
111841.3	0.955147387
111905.8	0.934039157
111971.9	0.9287621
112038.5	0.90765387
112106.3	0.923485043
112173.4	0.955147387
112238	0.939316215
112303.8	0.965701502
112368.1	0.94987033
112433.4	0.923485043
112500.5	0.944593272
112566.4	0.965701502
112630.9	0.992086789
112693.8	0.912930928
112762.2	0.897099756
112831.9	0.94987033
112897.7	0.923485043
112965.3	0.939316215
113032.1	0.970978559
113096.6	0.923485043
113164.5	0.90765387
113233.9	0.923485043
113302.1	0.9287621
113369.9	0.94987033
113436.4	0.90765387
113506	0.891822698
113576.9	0.976255616
113641.7	0.960424444
113707.7	0.923485043
113776.3	0.886545641
113847.7	0.955147387
113914	0.981532674
113978.7	0.939316215
114046.2	1.007917961
114109.4	1.013195018
114172.2	0.976255616
114237.3	0.939316215
114305	0.944593272
114372.3	0.960424444
114438.7	0.986809731
114503.3	0.981532674
114568.4	0.944593272
114636.1	1.02902619
114698.1	1.039580305
114759.6	1.007917961
114823	1.02902619
114885.1	0.970978559
114950.7	0.955147387
115017.7	1.018472076
115080.4	1.034303248
115142.3	0.976255616
115207.6	1.044857362
115268.8	1.092350879
115327.4	1.113459108
115384.7	1.081796764
115443.7	1.097627936
115501.8	1.113459108
115559.2	1.134567338
115615.4	1.160952625
115670.4	1.113459108
115727.7	1.102904994
115785.5	1.097627936
115843.6	1.129290281
115900.1	1.176783797
115954.4	1.113459108
116011.8	1.081796764
116070.7	1.087073822
116129.3	1.134567338
116185.6	1.145121453
116241.5	1.261216715
116292.1	1.240108486
116343.7	1.17150674
116398.2	1.15039851
116453.7	1.182060854
116507.6	1.224277314
116559.8	1.261216715
116610.5	1.213723199
116663	1.213723199
116715.7	1.229554371
116767.7	1.27177083
116817.9	1.187337912
116871.8	1.203169084
116924.9	1.182060854
116978.9	1.203169084
117032.2	1.234831428
117084.1	1.245385543
117135.5	1.192614969
117189.1	1.182060854
117243.2	1.240108486
117294.8	1.250662601
117346.1	1.197892027
117399.6	1.229554371
117451.7	1.245385543
117503.3	1.176783797
117557.9	1.277047887
117608.2	1.240108486
117659.9	1.129290281
117716.8	1.255939658
117768	1.329818461
117816.3	1.319264347
117864.9	1.324541404
117913.5	1.313987289
117962.4	1.313987289
118011.4	1.277047887
118061.8	1.277047887
118112	1.319264347
118160.8	1.350926691
118208.4	1.303433174
118257.8	1.298156117
118307.4	1.366757863
118354.5	1.387866093
118400.8	1.387866093
118447.2	1.340372576
118495.3	1.324541404
118543.9	1.414251379
118589.3	1.414251379
118634.8	1.408974322
118680.5	1.408974322
118726.3	1.435359609
118771.1	1.519792527
118813.4	1.39314315
118859.5	1.387866093
118905.8	1.445913724
118950.2	1.435359609
118994.9	1.461744896
119039	1.49340724
119082.1	1.451190781
119126.4	1.456467839
119170.6	1.482853126
119213.9	1.482853126
119257.2	1.456467839
119301.3	1.414251379
119346.8	1.456467839
119390.8	1.61477956
119430.6	1.61477956
119470.4	1.63588779
119509.6	1.498684298
119552.4	1.430082552
119597.3	1.477576068
119640.8	1.456467839
119684.9	1.451190781
119729.1	1.519792527
119771.4	1.572563101
119812.2	1.551454872
119853.6	1.477576068
119897	1.49340724
119940	1.472299011
119983.5	1.451190781
120027.8	1.488130183
120071	1.588394273
120111.4	1.49340724
120154.3	1.530346642
120196.3	1.588394273
120236.7	1.609502503
120276.6	1.630610732
120316	1.651718962
120354.9	1.609502503
120394.8	1.588394273
120435.2	1.546177814
120476.8	1.546177814
120518.3	1.577840158
120559.1	1.562008986
120600.3	1.567286044
120641.3	1.562008986
120682.5	1.51451547
120725	1.540900757
120766.8	1.641164847
120806	1.61477956
120845.9	1.683381306
120884.1	1.583117216
120924.8	1.630610732
120964.4	1.71504365
121001.9	1.73615188
121039.1	1.656996019
121078	1.598948388
121118.4	1.656996019
121157.4	1.567286044
121198.5	1.546177814
121240.2	1.604225445
121280.5	1.630610732
121320.2	1.656996019
121359.2	1.709766593
121397	1.609502503
121437.3	1.778368339
121473.8	1.725597765
121511.3	1.704489536
121549.4	1.672827191
121588.1	1.641164847
121627.6	1.651718962
121666.8	1.688658364
121705.2	1.630610732
121745	1.609502503
121785.3	1.63588779
121825	1.651718962
121864.3	1.651718962
121903.6	1.662273077
121942.7	1.751983052
121979.8	1.699212478
122018.1	1.709766593
122056.1	1.71504365
122094.1	1.725597765
122131.8	1.762537167
122168.7	1.831138913
122204.2	1.688658364
122242.8	1.709766593
122280.8	1.741428937
122318.1	1.71504365
122356.1	1.683381306
122394.7	1.688658364
122433.2	1.699212478
122471.6	1.699212478
122509.9	1.730874823
122547.4	1.794199511
122583.7	1.788922454
122620	1.846970085
122655.2	1.746705995
122692.5	1.693935421
122730.8	1.75726011
122767.7	1.820584798
122803.4	1.725597765
122841	1.709766593
122879	1.73615188
122916.5	1.75726011
122953.5	1.699212478
122991.8	1.546177814
123033.8	1.641164847
123073.3	1.662273077
123112.5	1.672827191
123151.4	1.672827191
123190.2	1.667550134
123229.2	1.672827191
123268	1.783645397
123304.4	1.783645397
123340.9	1.804753626
123377	1.815307741
123412.8	1.73615188
123450.2	1.667550134
123489.2	1.720320708
123527	1.741428937
123564.4	1.741428937
123601.7	1.73615188
123639.2	1.783645397
123675.7	1.799476569
123711.9	1.767814224
123748.7	1.773091282
123785.4	1.825861856
123821.1	1.883909487
123855.7	1.778368339
123892.3	1.751983052
123929.5	1.767814224
123966.4	1.804753626
124002.6	1.783645397
124039.2	1.767814224
124076.1	1.709766593
124114.3	1.693935421
124152.8	1.767814224
124189.8	1.831138913
124225.5	1.730874823
124263.2	1.746705995
124300.7	1.741428937
124338.2	1.725597765
124376.2	1.783645397
124412.9	1.762537167
124450.2	1.820584798
124486.1	1.773091282
124523.2	1.720320708
124561.3	1.815307741
124597.5	1.905017716
124631.9	1.868078315
124667.1	1.815307741
124703.4	1.794199511
124740	1.941957118
124773.9	1.8575242
124809.4	1.852247143
124845	1.831138913
124881	1.767814224
124918.2	1.651718962
124958.3	1.878632429
124993.4	1.894463602
125028.3	1.952511233
125062.1	2.07916061
125094	1.941957118
125128	2.015835922
125160.9	2.031667094
125193.5	1.8575242
125229.2	1.889186544
125264.3	1.910294774
125299.1	1.878632429
125334.5	1.783645397
125371.7	1.741428937
125409.9	1.678104249
125449.6	1.788922454
125486.8	1.778368339
125524.3	1.693935421
125563.7	1.646441904
125604.2	1.746705995
125642.3	1.862801257
125678.2	1.883909487
125713.7	1.852247143
125749.8	1.794199511
125787.1	1.720320708
125826	1.646441904
125866.7	1.804753626
125903.8	1.699212478
125943.2	1.730874823
125981.9	1.783645397
126019.5	1.794199511
126057	1.746705995
126095.5	1.678104249
126135.5	1.788922454
126173.1	1.804753626
126210.3	1.825861856
126247.2	1.831138913
126284	1.71504365
126323.4	1.71504365
126362.8	1.725597765
126401.9	1.725597765
126441.1	1.725597765
126480.3	1.704489536
126520.1	1.630610732
126561.6	1.593671331
126604.2	1.799476569
126642	1.725597765
126681.4	1.688658364
126721.6	1.741428937
126760.8	1.751983052
126799.7	1.73615188
126839	1.799476569
126876.9	1.646441904
126918.4	1.688658364
126958.9	1.799476569
126997	1.762537167
127035.9	1.672827191
127076.9	1.63588779
127118.9	1.588394273
127162.3	1.588394273
127205.6	1.71504365
127245.9	1.720320708
127286.1	1.778368339
127324.9	1.794199511
127363.6	1.804753626
127402	1.868078315
127439.2	1.926125946
127475.2	1.889186544
127512	1.931403003
127548.2	2.005281807
127582.9	1.968342405
127618.4	1.968342405
127653.9	1.963065348
127689.6	1.95778829
127725.4	2.042221208
127759.8	1.941957118
127796	1.883909487
127833.4	1.868078315
127871.1	1.905017716
127908.2	1.968342405
127944.1	1.926125946
127980.8	1.862801257
128018.9	1.831138913
128057.7	1.910294774
128094.9	2.015835922
128130.2	2.047498266
128165	1.973619462
128201.2	2.010558864
128236.7	1.968342405
128273	1.952511233
128309.8	1.994727692
128345.8	1.920848889
128383.2	1.994727692
128419.3	2.094991782
128453.7	2.248026447
128485.8	2.168870586
128519.2	2.168870586
128552.5	2.274411733
128584.4	2.189978815
128617.5	2.184701758
128650.7	2.248026447
128683.1	2.211087045
128716	2.174147643
128749.5	2.116100012
128784	2.195255873
128817.3	2.1794247
128850.9	2.094991782
128885.9	2.269134676
128918.2	2.316628193
128949.9	2.353567594
128981	2.364121709
129012.1	2.369398766
129043.1	2.358844652
129074.3	2.348290537
129105.7	2.343013479
129137.1	2.44327757
129167.3	2.395784053
129198.1	2.263857619
129230.7	2.353567594
129262.1	2.364121709
129293.4	2.279688791
129325.8	2.279688791
129358.3	2.284965848
129390.7	2.369398766
129421.9	2.269134676
129454.6	2.168870586
129488.7	2.269134676
129521.4	2.189978815
129555.3	2.116100012
129590.3	2.211087045
129623.8	2.242749389
129656.9	2.263857619
129689.7	2.174147643
129723.8	2.22164116
129757.2	2.258580561
129790.1	2.279688791
129822.7	2.332459365
129854.5	2.379952881
129885.7	2.068606495
129921.5	2.084437668
129957.1	2.126654127
129992	2.327182307
130023.9	2.226918217
130057.2	2.168870586
130091.4	2.237472332
130124.5	2.20053293
130158.2	2.184701758
130192.2	2.205809987
130225.8	2.174147643
130259.8	2.116100012
130294.8	1.952511233
130332.8	2.07916061
130368.4	2.147762356
130402.9	2.205809987
130436.4	2.110822954
130471.4	2.142485299
130505.9	2.158316471
130540.1	2.052775323
130576	2.042221208
130612.1	2.068606495
130647.6	2.147762356
130682	1.910294774
130720.5	1.994727692
130757.3	2.073883553
130792.8	1.97889652
130830	1.968342405
130867.3	2.010558864
130903.8	2.047498266
130939.6	1.883909487
130978.5	1.963065348
131015.8	1.926125946
131053.7	1.83641597
131093.5	1.783645397
131134.4	1.926125946
131172.2	1.873355372
131211.1	1.810030683
131251.3	1.767814224
131292.3	1.767814224
131333.4	1.762537167
131374.6	1.746705995
131416.1	1.699212478
131458.8	1.651718962
131502.5	1.656996019
131546.2	1.693935421
131588.8	1.688658364
131631.6	1.678104249
131674.5	1.71504365
131716.5	1.651718962
131760.1	1.604225445
131805	1.625333675
131849.2	1.651718962
131892.6	1.667550134
131935.7	1.683381306
131978.3	1.598948388
132023.1	1.593671331
132068.1	1.382589035
132119.8	1.445913724
132169.2	1.503961355
132216.6	1.456467839
132265.6	1.456467839
132314.7	1.398420207
132365.7	1.398420207
132416.7	1.377311978
132468.4	1.382589035
132519.9	1.37203492
132571.8	1.282324945
132627.1	1.287602002
132682.1	1.382589035
132733.5	1.403697265
132784	1.424805494
132833.8	1.350926691
132886.2	1.313987289
132940	1.319264347
132993.6	1.313987289
133047.4	1.308710232
133101.3	1.240108486
133158.2	1.182060854
133217.7	1.266493773
133273.5	1.208446141
133331.8	1.203169084
133390.3	1.176783797
133450	1.176783797
133509.7	1.118736166
133572.4	1.134567338
133634.2	1.245385543
133690.5	1.208446141
133748.6	1.102904994
133812.2	1.092350879
133876.4	1.192614969
133935.2	1.213723199
133992.7	1.197892027
134051.3	1.097627936
134115	1.071242649
134180.2	1.05013442
134246.8	1.139844395
134308.2	1.076519707
134373.2	1.065965592
134438.9	1.044857362
134506.1	1.007917961
134575.7	1.071242649
134641.1	1.002640903
134711.1	1.007917961
134780.6	1.002640903
134850.4	0.976255616
134922	0.981532674
134993.4	0.976255616
135065.2	0.939316215
135139.7	0.955147387
135213.5	0.934039157
135288.7	0.891822698
135367.7	0.881268583
135447.6	0.870714469
135528.7	0.82849801
135613.7	0.817943895
135700.2	0.817943895
135786.6	0.812666837
135873.7	0.786281551
135963.6	0.881268583
136044.1	0.80738978
136131.9	0.839052124
136216.3	0.886545641
136296.3	0.844329182
136380.7	0.770450378
136472.9	0.796835665
136562.5	0.759896264
136656.6	0.738788034
136753.3	0.744065091
136849.4	0.80738978
136938	0.759896264
137032.1	0.775727436
137124.9	0.754619206
137220	0.754619206
137315.9	0.817943895
137404	0.82849801
137491.6	0.775727436
137585.2	0.781004493
137678.3	0.781004493
137771.5	0.802112723
137862.2	0.749342149
137959.6	0.770450378
138054.3	0.786281551
138147.4	0.765173321
138243.4	0.775727436
138338.2	0.749342149
138436.6	0.749342149
138535.3	0.775727436
138631	0.728233919
138732.9	0.744065091
138833.1	0.717679805
138936.6	0.680740403
139046	0.701848632
139153	0.70712569
139259.1	0.70712569
139365.4	0.717679805
139470.2	0.733510977
139573.3	0.728233919
139676.9	0.712402747
139783.3	0.696571575
139892.6	0.728233919
139997	0.701848632
140105.5	0.749342149
140207.7	0.696571575
140317.8	0.691294518
140428.7	0.733510977
140533.8	0.749342149
140636.7	0.696571575
140747.7	0.712402747
140856.2	0.696571575
140967.5	0.68601746
141080.5	0.68601746
141194.1	0.712402747
141303.9	0.70712569
141414.2	0.728233919
141521.5	0.70712569
141632.6	0.675463345
141748.6	0.759896264
141852.5	0.765173321
141955.8	0.728233919
142064.7	0.770450378
142167.7	0.728233919
142276.3	0.701848632
142389.1	0.680740403
142506	0.712402747
142617.8	0.712402747
142729.6	0.749342149
142835.9	0.744065091
142943.1	0.786281551
143044.7	0.749342149
143152	0.70712569
143265.7	0.70712569
143379.4	0.701848632
143493.8	0.759896264
143599.5	0.796835665
143700.8	0.738788034
143810.5	0.696571575
143926.5	0.733510977
144036.5	0.696571575
144152.4	0.712402747
144266.5	0.759896264
144373.2	0.786281551
144476.3	0.749342149
144584.7	0.744065091
144694.2	0.738788034
144805	0.770450378
144911.3	0.738788034
145021.9	0.749342149
145131	0.759896264
145238.4	0.712402747
145353.2	0.749342149
145463	0.759896264
145571	0.770450378
145677.7	0.701848632
145794.6	0.733510977
145906.7	0.712402747
146022.5	0.68601746
146142.8	0.712402747
146258.5	0.812666837
146360.2	0.765173321
146468.3	0.738788034
146580	0.749342149
146690.2	0.770450378
146797.5	0.786281551
146902.9	0.90765387
146994.1	0.775727436
147101	0.796835665
147205.3	0.791558608
147310.3	0.802112723
147413.6	0.765173321
147522.6	0.738788034
147635.5	0.722956862
147750.3	0.717679805
147866.1	0.738788034
147978.8	0.728233919
148093.1	0.775727436
148201.1	0.823220952
148302.4	0.823220952
148404	0.775727436
148511.8	0.823220952
148613.7	0.839052124
148713.8	0.786281551
148820	0.770450378
148929	0.754619206
149040.3	0.759896264
149150.7	0.796835665
149255.9	0.770450378
149364.8	0.759896264
149475.3	0.765173321
149584.9	0.749342149
149696.9	0.786281551
149803.9	0.791558608
149910.2	0.860160354
150008.4	0.796835665
150113.9	0.860160354
150212.1	0.849606239
150311.5	0.854883297
150410	0.860160354
150508	0.860160354
150606	0.849606239
150705.7	0.849606239
150805.2	0.817943895
150908.4	0.817943895
151011.9	0.82849801
151113.9	0.817943895
151217.1	0.823220952
151320.1	0.80738978
151424.9	0.802112723
151530.4	0.823220952
151633.2	0.833775067
151734.9	0.791558608
151842.1	0.839052124
151943	0.812666837
152047.1	0.802112723
152152.6	0.802112723
152258.1	0.796835665
152364.6	0.791558608
152471.8	0.781004493
152580.1	0.802112723
152685.6	0.817943895
152789.3	0.802112723
152895.4	0.817943895
152998.9	0.854883297
153098.1	0.812666837
153202.4	0.770450378
153312.3	0.881268583
153408.7	0.786281551
153517	0.781004493
153625.8	0.765173321
153737	0.733510977
153852.4	0.775727436
153962.2	0.781004493
154071	0.786281551
154179	0.775727436
154288.8	0.744065091
154403.1	0.701848632
154524.1	0.70712569
154644.4	0.765173321
154755.4	0.759896264
154867.4	0.744065091
154981.8	0.728233919
155098.4	0.68601746
155222	0.696571575
155343.3	0.717679805
155461.3	0.696571575
155582.8	0.70712569
155702.8	0.733510977
155818	0.728233919
155934.4	0.691294518
156056.8	0.744065091
156170.9	0.744065091
156285.1	0.728233919
156401.7	0.701848632
156522.3	0.643801001
156653.7	0.638523944
156786.6	0.643801001
156917.7	0.712402747
157036.5	0.701848632
157157.3	0.670186288
157283.8	0.722956862
157400.5	0.722956862
157517.7	0.717679805
157635.9	0.717679805
157753.9	0.670186288
157879.8	0.696571575
158001.7	0.738788034
158115.9	0.738788034
158230.8	0.738788034
158345.6	0.728233919
158461.5	0.701848632
158582.1	0.839052124
158683.3	0.849606239
158783	0.817943895
158886.9	0.844329182
158987.1	0.770450378
159096.9	0.80738978
159202.3	0.849606239
159302.2	0.870714469
159399.4	0.865437411
159497.7	0.90765387
159591.1	0.897099756
159685.6	0.875991526
159782.4	0.970978559
159870	0.833775067
159972.1	0.881268583
160068.7	0.833775067
160170.8	0.82849801
160273.4	0.849606239
160373.5	0.823220952
160476.8	0.833775067
160579.2	0.844329182
160680.3	0.754619206
160793.1	0.796835665
160900.2	0.812666837
161005.4	0.82849801
161108.3	0.770450378
161219	0.775727436
161329.1	0.770450378
161440.1	0.744065091
161555	0.770450378
161666.1	0.728233919
161783.5	0.765173321
161895.6	0.759896264
162008.7	0.833775067
162111.3	0.865437411
162210.7	0.775727436
162321.7	0.897099756
162417.5	0.849606239
162518.5	0.865437411
162617.7	0.875991526
162716	0.897099756
162811.9	0.870714469
162910.6	0.9287621
163003.1	0.860160354
163103	0.849606239
163204.3	0.860160354
163304.7	0.860160354
163404.9	0.865437411
163504.5	0.860160354
163604.7	0.823220952
163709.6	0.844329182
163811.9	0.781004493
163922.9	0.754619206
164037.7	0.817943895
164143.7	0.839052124
164247	0.749342149
164362.5	0.728233919
164481.7	0.712402747
164603.6	0.680740403
164731.3	0.701848632
164855	0.749342149
164971.7	0.738788034
165090	0.728233919
165209.8	0.744065091
165327.7	0.754619206
165443.4	0.70712569
165567.6	0.738788034
165686.2	0.744065091
165804.5	0.791558608
165915.9	0.765173321
166030.7	0.733510977
166150.9	0.749342149
166268.4	0.765173321
166383.4	0.770450378
166498.1	0.70712569
166623.3	0.786281551
166736	0.775727436
166850.5	0.802112723
166961.3	0.738788034
167081.7	0.754619206
167199.8	0.765173321
167316.6	0.823220952
167425	0.812666837
167535.3	0.812666837
167645.5	0.817943895
167755.1	0.886545641
167856.7	0.860160354
167961.5	0.786281551
168075.9	0.823220952
168185.7	0.849606239
168292.2	0.902376813
168392.9	0.886545641
168495.4	0.934039157
168593.2	0.939316215
168690.2	0.865437411
168795.9	0.875991526
168900.4	0.897099756
169002.9	0.875991526
169108.2	0.80738978
169222.3	0.839052124
169332.4	0.897099756
169435.8	0.886545641
169540.6	0.891822698
169645	0.865437411
169753.1	0.80738978
169869	0.796835665
169986.4	0.80738978
170102.6	0.865437411
170211.3	0.870714469
170319.9	0.770450378
170442.6	0.786281551
170563	0.765173321
170687.3	0.759896264
170812.8	0.786281551
170934.5	0.796835665
171055	0.791558608
171176.3	0.765173321
171302.4	0.770450378
171427.9	0.744065091
171557.7	0.738788034
171688.4	0.754619206
171817.2	0.749342149
171946.8	0.812666837
172066.7	0.860160354
172180.4	0.881268583
172291.3	0.912930928
172398.8	0.886545641
172509.8	0.9287621
172615.9	0.934039157
172721.8	0.875991526
172834.4	0.902376813
172944.2	0.849606239
173061.3	0.854883297
173177.6	0.812666837
173300.1	0.770450378
173429.3	0.802112723
173553.5	0.791558608
173679.9	0.744065091
173814.4	0.802112723
173939.5	0.765173321
174070.6	0.791558608
174197.5	0.744065091
174332.5	0.754619206
174466.6	0.722956862
174606.5	0.744065091
174742.6	0.765173321
174875.5	0.770450378
175007.4	0.759896264
175140.7	0.765173321
175273.3	0.775727436
175404.5	0.802112723
175531.4	0.781004493
175662.1	0.812666837
175787.5	0.786281551
175917.2	0.754619206
176052.7	0.80738978
176179.2	0.80738978
176306.3	0.781004493
176437.6	0.770450378
176571.4	0.717679805
176714.5	0.717679805
176858.1	0.696571575
177005.9	0.733510977
177146.6	0.738788034
177286.1	0.728233919
177427.6	0.717679805
177571.4	0.759896264
177707.2	0.796835665
177837.4	0.775727436
177970.5	0.854883297
178091.8	0.881268583
178209.7	0.934039157
178320.8	0.912930928
178434.8	0.875991526
178553.3	0.912930928
178667.3	0.886545641
178784.8	0.80738978
178913.8	0.934039157
179025.1	0.965701502
179133.1	0.986809731
179238.8	0.923485043
179351.6	0.944593272
179462	0.90765387
179577	0.886545641
179694.6	0.881268583
179812.9	0.918207985
179926.5	0.860160354
180048.2	0.854883297
180170.5	0.844329182
180294.4	0.80738978
180423.5	0.775727436
180558.6	0.754619206
180697.2	0.759896264
180834.9	0.728233919
180977.9	0.717679805
181123.6	0.765173321
181260.3	0.82849801
181386.7	0.738788034
181528.5	0.744065091
181669.1	0.80738978
181798.8	0.759896264
181936.7	0.728233919
182080.1	0.722956862
182224.4	0.728233919
182368.2	0.754619206
182506.6	0.738788034
182648.1	0.744065091
182788.3	0.70712569
182936.1	0.717679805
183081.5	0.812666837
183209.8	0.759896264
183347.1	0.691294518
183497.5	0.728233919
183641.1	0.733510977
183783.5	0.70712569
183931.2	0.696571575
184080.5	0.770450378
184215.9	0.749342149
184354.8	0.712402747
184500.2	0.738788034
184640.5	0.728233919
184782.9	0.728233919
184924.6	0.712402747
185069.8	0.749342149
185207.8	0.712402747
185352.2	0.68601746
185502.5	0.70712569
185647.4	0.738788034
185786.1	0.728233919
185926.6	0.738788034
186065.5	0.701848632
186211.7	0.712402747
186355.7	0.733510977
186494.8	0.68601746
186642.9	0.722956862
186784.3	0.738788034
186921.6	0.775727436
187052.9	0.791558608
187180.7	0.733510977
187318.6	0.738788034
187456.1	0.744065091
187591.6	0.738788034
187728	0.770450378
187858.8	0.775727436
187988.8	0.781004493
188117.9	0.791558608
188244.7	0.870714469
188360.2	0.823220952
188482.5	0.875991526
188597.4	0.839052124
188716.9	0.854883297
188834.1	0.865437411
188949.8	0.875991526
189064.2	0.94987033
189169.7	0.94987033
189274.8	0.939316215
189381.3	0.997363846
189481.4	1.013195018
189580.1	1.071242649
189673.1	1.118736166
189762.1	1.087073822
189853.6	1.087073822
189945.3	0.960424444
190049.1	0.944593272
190154.3	0.944593272
190259.6	0.94987033
190364.6	0.875991526
190478	0.902376813
190588	0.881268583
190700.7	0.865437411
190815.3	0.965701502
190918.4	0.912930928
191027.4	0.902376813
191137.5	0.860160354
191252.8	0.860160354
191368.4	0.891822698
191480.2	0.875991526
191593.7	0.854883297
191710	0.80738978
191833.2	0.886545641
191945.3	0.860160354
192061.4	0.82849801
192181.6	0.765173321
192312.2	0.759896264
192442.9	0.812666837
192565.3	0.759896264
192696.9	0.82849801
192817.2	0.817943895
192939.2	0.812666837
193062.1	0.844329182
193180.3	0.839052124
193299.2	0.881268583
193413.1	0.844329182
193531.5	0.944593272
193637.9	0.960424444
193742.4	1.034303248
193839.5	1.013195018
193938.9	1.02902619
194036.5	1.018472076
194135.2	0.870714469
194250.5	0.902376813
194362.1	0.860160354
194479.2	0.891822698
194592.3	0.90765387
194703.6	0.94987033
194809.8	0.849606239
194928.6	0.796835665
195055.7	0.849606239
195174.9	0.844329182
195295.1	0.854883297
195413.9	0.82849801
195536.4	0.870714469
195653.2	0.812666837
195778.2	0.891822698
195892.7	0.844329182
196013.5	0.881268583
196129.5	0.881268583
196245.3	0.902376813
196358.7	0.918207985
196470.4	0.860160354
196589.5	0.955147387
196696.9	0.986809731
196800.9	0.960424444
196907.9	0.976255616
197013.3	0.960424444
197120.9	1.113459108
197213.8	1.060688535
197311.2	0.976255616
197417.3	0.992086789
197522	1.002640903
197625.5	1.071242649
197722.3	1.002640903
197825.8	1.044857362
197925.3	1.018472076
198027.4	1.113459108
198121.1	1.007917961
198224.8	1.018472076
198327.5	1.055411477
198426.7	1.076519707
198523.8	1.087073822
198620.1	1.108182051
198715	1.155675568
198805.9	1.134567338
198898.7	1.118736166
198992.8	1.134567338
199085.7	1.229554371
199171.3	1.208446141
199258.7	1.166229682
199349.1	1.187337912
199438.3	1.192614969
199527	1.219000256
199614	1.261216715
199698	1.219000256
199785.3	1.145121453
199878.2	1.208446141
199966.3	1.219000256
200053.7	1.308710232
200135.2	1.377311978
200212.9	1.266493773
200297.3	1.192614969
200387	1.229554371
200474.3	1.255939658
200559.6	1.255939658
200645.3	1.240108486
200732	1.27177083
200816.7	1.240108486
200903.8	1.255939658
200989.7	1.250662601
201076.2	1.208446141
201165.7	1.224277314
201254.1	1.335095519
201335.4	1.313987289
201417.9	1.287602002
201502.2	1.261216715
201588.5	1.313987289
201671.5	1.224277314
201760.4	1.213723199
201850.3	1.219000256
201939.8	1.229554371
202028.7	1.255939658
202115.9	1.303433174
202200.1	1.27177083
202286.6	1.27177083
202373.1	1.255939658
202460.6	1.266493773
202547.5	1.345649633
202629.5	1.155675568
202724.9	1.219000256
202815.4	1.29287906
202900.8	1.313987289
202985	1.313987289
203069.1	1.229554371
203159.1	1.187337912
203252.7	1.176783797
203347.1	1.155675568
203443.4	1.17150674
203538.4	1.087073822
203641	1.097627936
203742.6	1.102904994
203843.8	1.134567338
203941.8	1.097627936
204043.6	1.039580305
204151.1	1.055411477
204256.9	1.087073822
204359.7	1.007917961
204470.6	0.976255616
204585.1	0.997363846
204697.2	1.023749133
204806.4	0.960424444
204923	1.039580305
205030.8	0.992086789
205143.8	0.986809731
205257.3	1.013195018
205367.8	1.034303248
205476.3	0.960424444
205593.2	0.992086789
205706.3	1.039580305
205814	1.02902619
205922.9	1.02902619
206031.9	1.129290281
206131.5	1.065965592
206236.8	1.013195018
206347.3	1.065965592
206452.7	1.118736166
206552.9	1.108182051
206654.3	1.124013223
206754.2	1.124013223
206854.1	1.134567338
206953.1	1.176783797
207048.5	1.097627936
207150.6	1.155675568
207247.6	1.160952625
207344.1	1.129290281
207443.4	1.118736166
207543.7	1.129290281
207642.8	1.145121453
207740.5	1.166229682
207836.4	1.213723199
207928.6	1.229554371
208019.7	1.17150674
208115	1.155675568
208211.7	1.192614969
208305.3	1.108182051
208406.4	1.17150674
208501.7	1.187337912
208595.7	1.182060854
208690.1	1.17150674
208785.5	1.15039851
208882.7	1.203169084
208975.4	1.187337912
209069.3	1.298156117
209155.2	1.261216715
209243.8	1.250662601
209333	1.208446141
209425.3	1.240108486
209515.3	1.250662601
209604.7	1.27177083
209692.4	1.229554371
209783.3	1.224277314
209874.5	1.224277314
209965.7	1.298156117
210051.8	1.335095519
210135.7	1.277047887
210223.5	1.266493773
210312	1.335095519
210395.7	1.335095519
210479.7	1.27177083
210567.8	1.319264347
210652.9	1.250662601
210742.7	1.287602002
210830	1.350926691
210913.2	1.266493773
211002	1.356203748
211085	1.29287906
211172	1.361480806
211255	1.335095519
211339.5	1.366757863
211422.2	1.419528437
211501.9	1.503961355
211577.2	1.377311978
211659.6	1.361480806
211743.2	1.382589035
211825.4	1.377311978
211907.9	1.345649633
211992.7	1.313987289
212079.3	1.245385543
212170.9	1.303433174
212258.5	1.39314315
212340.6	1.403697265
212422.1	1.324541404
212508.8	1.282324945
212598.4	1.387866093
212681.3	1.377311978
212764.9	1.29287906
212854.3	1.303433174
212942.8	1.366757863
213027.3	1.366757863
213112.2	1.266493773
213203.9	1.298156117
213293.4	1.324541404
213381.2	1.308710232
213470.3	1.350926691
213556.7	1.234831428
213651.5	1.27177083
213743.7	1.240108486
213838.4	1.240108486
213933	1.308710232
214023	1.329818461
214111.7	1.313987289
214201.7	1.303433174
214292.5	1.282324945
214385.1	1.319264347
214475.1	1.350926691
214563.3	1.282324945
214656.3	1.308710232
214747.4	1.319264347
214838.1	1.27177083
214932.3	1.229554371
215029.9	1.208446141
215129.3	1.313987289
215220.9	1.377311978
215308.4	1.350926691
215397.7	1.29287906
215491.3	1.27177083
215586.5	1.313987289
215678.7	1.266493773
215774.6	1.303433174
215867.8	1.324541404
215959.6	1.340372576
216050.4	1.335095519
216141.6	1.350926691
216232.1	1.445913724
216316.6	1.350926691
216406.9	1.440636666
216491.8	1.419528437
216578.2	1.435359609
216663.5	1.419528437
216749.9	1.37203492
216839.5	1.377311978
216929	1.39314315
217017.4	1.350926691
217108.6	1.335095519
217201.1	1.319264347
217294.9	1.308710232
217389.3	1.29287906
217485	1.277047887
217581.9	1.234831428
217682.3	1.197892027
217785.7	1.240108486
217885.5	1.234831428
217985.9	1.245385543
218085.6	1.224277314
218187.4	1.155675568
218295.2	1.176783797
218401.3	1.113459108
218513.1	1.102904994
218626	1.113459108
218738.4	1.081796764
218854	1.118736166
218965.8	1.155675568
219073.8	1.039580305
219194	1.044857362
219314.1	1.055411477
219432.8	1.092350879
219547.4	0.981532674
219675.5	0.944593272
219808.2	1.018472076
219931.7	0.997363846
220057.3	0.970978559
220186.6	1.002640903
220311.8	1.002640903
220436.9	1.039580305
220557.8	1.044857362
220678.3	0.94987033
220810.8	0.997363846
220937	1.018472076
221060.8	1.007917961
221185.3	0.923485043
221321.4	0.934039157
221456.4	0.912930928
221594.1	0.955147387
221725.7	0.90765387
221864	0.902376813
222003.3	0.860160354
222149.6	0.886545641
222291.1	0.860160354
222437.4	0.870714469
222582.1	0.849606239
222729.7	0.817943895
222883.2	0.833775067
223033.6	0.738788034
223203.1	0.738788034
223373.6	0.823220952
223526.4	0.839052124
223676.2	0.775727436
223837.7	0.765173321
224001.9	0.754619206
224168.8	0.759896264
224334.7	0.749342149
224502.9	0.738788034
224672.7	0.759896264
224838.4	0.738788034
225008.8	0.765173321
225173.5	0.722956862
225347.6	0.738788034
225517.4	0.722956862
225691.6	0.749342149
225858.9	0.722956862
226032.5	0.759896264
226197.8	0.759896264
226363.4	0.775727436
226525.6	0.796835665
226683.7	0.781004493
226845.1	0.770450378
227008.2	0.870714469
227152.8	0.870714469
227297.1	0.902376813
227436.5	0.9287621
227571.4	1.007917961
227695.8	1.034303248
227817	0.897099756
227956.8	0.94987033
228089.2	0.90765387
228227.9	0.918207985
228364.6	0.934039157
228499.1	0.875991526
228642.6	0.875991526
228785.9	0.812666837
228939.8	0.802112723
229096.2	0.781004493
229256.7	0.812666837
229411	0.770450378
229573.1	0.738788034
229742.7	0.744065091
229911	0.733510977
230081.2	0.744065091
230248.7	0.749342149
230415.2	0.791558608
230573	0.812666837
230726.5	0.923485043
230861.7	0.891822698
231001.3	0.992086789
231126.5	0.844329182
231273.5	0.865437411
231417.2	0.860160354
231562	0.775727436
231722.6	0.770450378
231884.6	0.775727436
232045	0.775727436
232205.4	0.786281551
232364.2	0.80738978
232518.5	0.82849801
232669.1	0.839052124
232817.4	0.854883297
232963.6	0.891822698
233103.8	0.875991526
233246	0.9287621
233380.3	0.881268583
233522.3	0.886545641
233663.5	0.881268583
233805.9	0.875991526
233948.8	0.897099756
234088.4	0.881268583
234231	0.90765387
234369.8	0.902376813
234509.6	0.976255616
234638.6	0.965701502
234769.1	0.970978559
234899.3	0.992086789
235026.9	0.981532674
235156	0.970978559
235286.9	0.976255616
235417.5	0.970978559
235548.5	0.997363846
235676.3	0.997363846
235804.6	1.108182051
235920.3	1.071242649
236040.2	1.108182051
236155.9	1.108182051
236271.9	1.102904994
236388.6	1.124013223
236503.6	1.060688535
236625.5	1.087073822
236744.6	1.124013223
236859.8	1.176783797
236970	1.219000256
237076.7	1.145121453
237190.4	1.187337912
237300.3	1.17150674
237411.8	1.245385543
237517	1.182060854
237628	1.208446141
237736.4	1.17150674
237848.4	1.15039851
237962.8	1.192614969
238073.4	1.213723199
238182	1.240108486
238288.6	1.17150674
238401.5	1.17150674
238514.8	1.203169084
238625.1	1.261216715
238730.5	1.261216715
238836.1	1.219000256
238945.5	1.17150674
239059.4	1.245385543
239166.8	1.229554371
239275.3	1.240108486
239383.4	1.324541404
239484.4	1.282324945
239588.9	1.319264347
239690.6	1.245385543
239798.5	1.208446141
239910	1.335095519
240010.7	1.234831428
240119.7	1.208446141
240231.3	1.250662601
240339.4	1.303433174
240443	1.419528437
240538.2	1.445913724
240632	1.382589035
240730	1.340372576
240831.4	1.387866093
240929.1	1.403697265
241025.8	1.424805494
241121	1.39314315
241218.5	1.377311978
241317.1	1.424805494
241412.5	1.49340724
241503.7	1.467021953
241596.5	1.467021953
241689.4	1.540900757
241777.9	1.583117216
241864.1	1.598948388
241949.4	1.61477956
242034	1.672827191
242115.5	1.593671331
242201.1	1.709766593
242281	1.667550134
242362.9	1.799476569
242438.8	1.968342405
242508.3	1.973619462
242577.5	1.926125946
242648.5	1.910294774
242720	2.000004749
242788.5	1.899740659
242860.6	1.931403003
242931.6	2.015835922
242999.6	1.973619462
243069.2	1.973619462
243138.9	1.915571831
243210.6	1.889186544
243283.5	1.894463602
243356.1	1.894463602
243428.9	1.788922454
243506	1.920848889
243577.8	1.883909487
243651.2	1.852247143
243725.9	1.767814224
243804.2	1.720320708
243884.8	1.699212478
243966.6	1.709766593
244047.9	1.751983052
244127.4	1.762537167
244206.5	1.773091282
244285.2	1.699212478
244367.4	1.630610732
244453.2	1.588394273
244541.3	1.572563101
244630.6	1.551454872
244721	1.430082552
244819.5	1.37203492
244922	1.29287906
245030.9	1.319264347
245137.9	1.340372576
245243	1.29287906
245352.5	1.277047887
245463.2	1.213723199
245579.5	1.229554371
245694.7	1.192614969
245813.3	1.166229682
245934.8	1.155675568
246057.4	1.071242649
246189.7	1.124013223
246316	1.081796764
246447.2	1.013195018
246587.4	1.060688535
246721.3	0.992086789
246864.8	0.94987033
247014.4	0.9287621
247167.6	0.891822698
247327.4	0.823220952
247500	0.844329182
247668.1	0.860160354
247833.3	0.865437411
247998.2	0.9287621
248151.5	0.934039157
248303.6	0.939316215
248455.4	0.912930928
248611.5	0.970978559
248758.5	0.970978559
248905.3	0.970978559
249051.7	0.918207985
249207.1	0.94987033
249357.3	0.934039157
249509.5	0.886545641
249670.2	0.912930928
249826.9	0.90765387
249984.6	0.854883297
250151.5	0.854883297
250318.5	0.817943895
250493.8	0.823220952
250667.8	0.781004493
250851.5	0.823220952
251026.1	0.80738978
251204	0.791558608
251386.3	0.812666837
251564.2	0.817943895
251741.4	0.833775067
251915.2	0.833775067
252089.3	0.791558608
252272.9	0.749342149
252468.1	0.733510977
252666.8	0.754619206
252861.5	0.765173321
253053.8	0.754619206
253249.4	0.802112723
253434.1	0.754619206
253630.7	0.775727436
253821.5	0.744065091
254021.9	0.749342149
254221.1	0.791558608
254409.4	0.80738978
254595.3	0.812666837
254780.1	0.833775067
254961	0.775727436
255155.8	0.759896264
255355.3	0.791558608
255547.5	0.812666837
255735.7	0.786281551
255930.1	0.781004493
256125.9	0.791558608
256320	0.754619206
256524.9	0.775727436
256724.5	0.796835665
256919.5	0.817943895
257109.4	0.839052124
257294.6	0.849606239
257478.5	0.802112723
257673.9	0.833775067
257861.8	0.849606239
258047.2	0.770450378
258252	0.823220952
258445	0.844329182
258633.1	0.833775067
258824.7	0.849606239
259012.4	0.870714469
259196.9	0.90765387
259374.4	0.854883297
259562.9	0.796835665
259765.3	0.812666837
259965.2	0.791558608
260171.4	0.733510977
260393.7	0.80738978
260597.1	0.812666837
260798.7	0.796835665
261006	0.765173321
261222.4	0.733510977
261447.5	0.765173321
261664.1	0.765173321
261881.1	0.860160354
262075.1	0.823220952
262277.9	0.844329182
262476.9	0.812666837
262683.6	0.781004493
262900.5	0.749342149
263125.8	0.786281551
263342.2	0.817943895
263549.6	0.812666837
263759.5	0.791558608
263974.3	0.849606239
264175	0.786281551
264392.1	0.854883297
264591.8	0.912930928
264778.1	0.923485043
264962.6	0.918207985
265148.1	0.865437411
265344.8	0.891822698
265536.6	0.870714469
265733	0.833775067
265938	0.860160354
266137	0.875991526
266331.4	0.82849801
266537.8	0.823220952
266745.2	0.817943895
266953.2	0.839052124
267156.2	0.823220952
267363.2	0.775727436
267581.9	0.770450378
267802.7	0.717679805
268039	0.728233919
268271.5	0.770450378
268492.5	0.802112723
268703.5	0.759896264
268926.8	0.733510977
269157.3	0.728233919
269390.1	0.717679805
269625.7	0.765173321
269847.8	0.749342149
270074.1	0.749342149
270300	0.744065091
270527.8	0.738788034
270756.5	0.717679805
270992.1	0.733510977
271223.6	0.712402747
271461.7	0.696571575
271703.6	0.738788034
271933.1	0.691294518
272177	0.738788034
272406.1	0.744065091
272633	0.70712569
272871.2	0.670186288
273122.6	0.696571575
273365.5	0.696571575
273606.9	0.680740403
273854.3	0.680740403
274101.1	0.68601746
274345.6	0.680740403
274593.2	0.696571575
274833.9	0.680740403
275079.7	0.680740403
275325.4	0.701848632
275563.9	0.691294518
275806.1	0.696571575
276045.9	0.691294518
276286.6	0.696571575
276525.7	0.728233919
276755	0.701848632
276991.2	0.728233919
277220	0.701848632
277455.5	0.701848632
277691.8	0.749342149
277911.9	0.775727436
278124.4	0.759896264
278340.8	0.728233919
278566.5	0.70712569
278799.5	0.738788034
279021.1	0.70712569
279253.3	0.680740403
279494	0.754619206
279710.7	0.786281551
279918.1	0.786281551
280124.4	0.749342149
280340.8	0.738788034
280559.7	0.68601746
280795.8	0.770450378
281004.6	0.759896264
281215.6	0.728233919
281435.5	0.759896264
281646.6	0.765173321
281855.3	0.812666837
282050.8	0.854883297
282236.2	0.886545641
282415.5	0.970978559
282578.7	0.870714469
282759.8	0.833775067
282948.6	0.881268583
283127	0.849606239
283311.1	0.781004493
283511	0.80738978
283703.7	0.870714469
283882.2	0.860160354
284062.5	0.860160354
284242.4	0.886545641
284416.5	0.875991526
284592.3	0.902376813
284762.7	0.897099756
284934.3	0.923485043
285100.3	0.923485043
285266.2	0.934039157
285429.6	0.944593272
285590.6	0.902376813
285758.9	0.923485043
285923.1	0.944593272
286083.4	0.94987033
286242.7	0.939316215
286404.1	0.944593272
286564.3	0.94987033
286723.3	0.881268583
286894.4	0.976255616
287048.2	0.955147387
287205.7	0.965701502
287360.8	0.944593272
287519.1	0.997363846
287669	0.992086789
287819.2	1.023749133
287965.1	1.007917961
288112.7	0.965701502
288267	1.02902619
288411.9	0.986809731
288562.8	0.981532674
288714.3	1.013195018
288860.6	1.023749133
289005.5	1.02902619
289149.2	1.060688535
289288.7	1.108182051
289422.3	1.081796764
289559.2	1.018472076
289705	1.013195018
289851.8	1.076519707
289990.3	1.002640903
290139.2	1.071242649
290278.7	1.039580305
290422.6	1.039580305
290566.8	1.071242649
290706.8	1.113459108
290841.7	1.160952625
290971.1	1.134567338
291103.8	1.129290281
291237.7	1.081796764
291377.4	1.060688535
291520.7	1.097627936
291659.1	1.081796764
291800.4	1.065965592
291943.6	0.986809731
292098.9	0.94987033
292260.5	0.939316215
292424.2	0.976255616
292582.7	0.94987033
292745.8	0.90765387
292916.8	0.865437411
293096.7	0.897099756
293271	0.886545641
293448.8	0.90765387
293622.5	0.849606239
293809.2	0.860160354
293993.3	0.786281551
294196.3	0.796835665
294396.8	0.82849801
294589.9	0.886545641
294771.7	0.802112723
294973	0.791558608
295177.5	0.781004493
295384.8	0.791558608
295590.8	0.839052124
295785.4	0.823220952
295984.9	0.860160354
296176.7	0.902376813
296359.5	0.997363846
296525.3	0.944593272
296701.2	0.912930928
296883.8	0.881268583
297073.8	0.849606239
297271.6	0.812666837
297478.2	0.802112723
297689.1	0.82849801
297893.7	0.886545641
298085.8	0.770450378
298307.6	0.781004493
298526.9	0.812666837
298738.3	0.839052124
298944.2	0.854883297
299147.4	0.865437411
299348.3	0.875991526
299546.8	0.865437411
299749.3	0.870714469
299951.1	0.918207985
300142.2	0.934039157
300331	0.965701502
300514.5	1.002640903
300691.6	0.934039157
300881.7	0.902376813
301079.6	0.875991526
301283.1	0.833775067
301497.3	0.865437411
301704.7	0.839052124
301918.8	0.839052124
302133.9	0.839052124
302348.4	0.9287621
302542.8	0.902376813
302742.9	0.891822698
302946.1	0.912930928
303144.7	0.94987033
303335.8	0.986809731
303520.6	0.944593272
303713.5	0.997363846
303896.9	0.981532674
304084.1	1.055411477
304257.9	0.981532674
304445.5	0.997363846
304631	1.007917961
304814.2	0.992086789
305000.9	1.044857362
305178.5	1.118736166
305345.2	1.092350879
305516.2	1.05013442
305694	0.981532674
305885.1	0.986809731
306075.9	0.970978559
306269.6	1.002640903
306458.1	0.955147387
306656	0.870714469
306874.8	0.817943895
307107.3	0.881268583
307323.6	0.854883297
307547.9	0.870714469
307768.7	0.886545641
307986.3	0.912930928
308198	0.955147387
308401.3	0.90765387
308616.4	0.934039157
308825.9	0.955147387
309031	0.934039157
309242.1	0.912930928
309457.9	0.875991526
309684.5	0.944593272
309895.7	0.918207985
310113.3	0.944593272
310325.9	0.902376813
310549.2	0.960424444
310760.1	0.986809731
310967	0.976255616
311176.6	0.970978559
311387.9	0.939316215
311608.1	1.007917961
311814.1	0.976255616
312028.1	1.023749133
312232.3	0.997363846
312442.7	0.970978559
312659.5	1.060688535
312859.4	1.065965592
313058.9	1.034303248
313265.6	1.124013223
313456.3	1.087073822
313654.2	1.176783797
313837.5	1.092350879
314036.2	1.118736166
314230.5	1.145121453
314421.8	1.102904994
314620.8	1.139844395
314813.5	1.187337912
314999.2	1.229554371
315179.3	1.097627936
315381	1.087073822
315585.2	1.234831428
315766.2	1.213723199
315950.2	1.277047887
316125.8	1.329818461
316294.6	1.377311978
316458	1.213723199
316643.9	1.166229682
316837.7	1.17150674
317031.1	1.15039851
317228	1.139844395
317427.2	1.102904994
317632.9	1.113459108
317837.4	1.092350879
318046.1	1.124013223
318249.3	1.092350879
318458.6	1.02902619
318680.3	1.002640903
318908	0.9287621
319153.9	0.992086789
319385.2	1.002640903
319613.6	1.002640903
319841.6	0.997363846
320071.6	0.997363846
320301	1.034303248
320523.1	1.05013442
320741.6	1.013195018
320967.3	1.087073822
321178.1	1.113459108
321383.7	1.129290281
321586.3	1.124013223
321789.7	1.219000256
321977.8	1.139844395
322178.4	1.187337912
322370.7	1.182060854
322563.8	1.208446141
322753.3	1.234831428
322938.1	1.245385543
323121.8	1.298156117
323297.4	1.287602002
323474.8	1.245385543
323657.7	1.313987289
323830.9	1.329818461
324002.1	1.356203748
324170.1	1.37203492
324335.6	1.303433174
324509.9	1.403697265
324671.6	1.37203492
324837	1.430082552
324995.8	1.488130183
325148.4	1.482853126
325301.1	1.440636666
325458.3	1.403697265
325619.8	1.445913724
325776.3	1.440636666
325933.4	1.461744896
326088.1	1.498684298
326239	1.488130183
326390.7	1.535623699
326537.5	1.588394273
326679.5	1.577840158
326822.3	1.651718962
326958.4	1.562008986
327102.3	1.556731929
327246.9	1.530346642
327393.5	1.562008986
327537.5	1.604225445
327677.2	1.551454872
327821.8	1.546177814
327966.6	1.577840158
328108.6	1.556731929
328252.7	1.588394273
328393.4	1.667550134
328527.5	1.704489536
328658.3	1.604225445
328797.2	1.63588779
328933.4	1.588394273
329073.4	1.593671331
329212.6	1.588394273
329352.4	1.683381306
329483.9	1.688658364
329615.2	1.651718962
329749.1	1.625333675
329884.9	1.551454872
330027	1.519792527
330171.9	1.598948388
330309.8	1.51451547
330454.7	1.562008986
330595.3	1.604225445
330732.2	1.567286044
330871.7	1.61477956
331007.1	1.625333675
331141.6	1.641164847
331274.7	1.641164847
331407.6	1.530346642
331550	1.598948388
331686.3	1.556731929
331825.9	1.556731929
331965.6	1.461744896
332114.2	1.49340724
332259.4	1.49340724
332404.1	1.535623699
332544.8	1.546177814
332684.5	1.699212478
332811.6	1.71504365
332937.3	1.641164847
333068.4	1.820584798
333186.6	1.788922454
333306.9	1.889186544
333420.5	1.926125946
333532	2.005281807
333639.1	2.073883553
333742.6	1.973619462
333851.2	1.97889652
333959.4	2.084437668
334062.2	2.110822954
334163.8	2.168870586
334262.5	2.216364102
334359.1	2.147762356
334458.7	2.063329438
334562.5	2.07916061
334665.5	2.047498266
334769.9	2.063329438
334873.6	2.226918217
334969.5	2.248026447
335064.8	2.131931184
335165.2	2.110822954
335266.8	2.021112979
335372.7	2.07916061
335475.8	2.084437668
335578.6	1.952511233
335688.5	1.831138913
335805.8	1.889186544
335919.3	1.841693028
336035.8	1.846970085
336152.2	1.71504365
336277.5	1.75726011
336400	1.61477956
336533.5	1.577840158
336670.3	1.556731929
336809.2	1.49340724
336953.9	1.477576068
337100.5	1.382589035
337257.2	1.350926691
337418.2	1.350926691
337579.3	1.313987289
337745.4	1.277047887
337916.7	1.250662601
338092.1	1.250662601
338268	1.229554371
338446.6	1.182060854
338632.8	1.134567338
338827.4	1.118736166
339025.6	1.071242649
339232.9	1.023749133
339449.8	0.970978559
339679.9	0.981532674
339907.5	0.944593272
340144.5	0.923485043
340388.5	0.881268583
340644.5	0.870714469
340904.3	0.833775067
341175.6	0.80738978
341457.6	0.759896264
341758	0.701848632
342083.7	0.680740403
342420.8	0.712402747
342744.4	0.691294518
343077.4	0.659632173
343427.7	0.733510977
343744.7	0.680740403
344087.5	0.749342149
344397.6	0.70712569
344727.6	0.733510977
345047.8	0.701848632
345381.5	0.717679805
345710.4	0.738788034
346031.1	0.728233919
346356.6	0.754619206
346672	0.744065091
346992.1	0.717679805
347325.8	0.770450378
347636.4	0.744065091
347959.5	0.744065091
348283.9	0.812666837
348580.4	0.765173321
348895.8	0.722956862
349230.8	0.733510977
349562.2	0.781004493
349875.2	0.891822698
350149.3	0.802112723
350454.5	0.833775067
350748.6	0.82849801
351045	0.823220952
351345.1	0.770450378
351665.5	0.802112723
351974.2	0.791558608
352289.3	0.786281551
352607.1	0.786281551
352925.2	0.796835665
353240	0.786281551
353559.4	0.791558608
353877.8	0.786281551
354198.8	0.802112723
354515.8	0.823220952
354825.3	0.812666837
355139	0.823220952
355450	0.754619206
355790.2	0.722956862
356147	0.70712569
356511.5	0.701848632
356881.2	0.70712569
357247.3	0.712402747
357612.9	0.733510977
357968.1	0.728233919
358325.4	0.717679805
358690.7	0.717679805
359054.5	0.70712569
359426.7	0.70712569
359797.5	0.691294518
360178.7	0.722956862
360543.4	0.717679805
360910	0.717679805
361277.1	0.759896264
361626.3	0.728233919
361990.7	0.759896264
362339.2	0.722956862
362707.8	0.791558608
363044.8	0.733510977
363407	0.781004493
363748.1	0.812666837
364077.6	0.775727436
364422.3	0.754619206
364776.1	0.839052124
365095.6	0.833775067
365417.4	0.833775067
365738.3	0.802112723
366071.6	0.82849801
366395.7	0.80738978
366727.9	0.754619206
367084.9	0.754619206
367440	0.812666837
367770.1	0.823220952
368097.2	0.802112723
368433.2	0.802112723
368768.7	0.80738978
369102	0.781004493
369445.1	0.802112723
369779.4	0.823220952
370105.7	0.833775067
370427.7	0.823220952
370754.3	0.80738978
371086.8	0.744065091
371446.8	0.781004493
371791.5	0.80738978
372124	0.812666837
372454.6	0.860160354
372767.5	0.839052124
373088.3	0.833775067
373409.3	0.90765387
373705.1	0.881268583
374009.1	0.886545641
374312.4	0.891822698
374613.7	0.886545641
374915.8	0.912930928
375208.6	0.94987033
375489.5	1.013195018
375752.7	0.981532674
376025.6	0.934039157
376311.4	0.912930928
376603.4	0.886545641
376903.5	0.854883297
377214.7	0.781004493
377557	0.786281551
377895.3	0.796835665
378229.7	0.812666837
378558.2	0.82849801
378880.6	0.82849801
379202	0.844329182
379516.9	0.886545641
379816.8	0.875991526
380121.2	0.897099756
380417.6	0.886545641
380717.1	0.923485043
381004.8	0.860160354
381314.3	0.897099756
381611.2	0.934039157
381896.5	0.944593272
382178.7	0.94987033
382459.3	0.976255616
382731.8	1.023749133
382991.4	1.018472076
383252	0.992086789
383520.2	1.013195018
383782.6	1.02902619
384042	1.071242649
384290.3	1.065965592
384540.9	1.060688535
384792.7	1.071242649
385041.9	0.986809731
385313.8	1.007917961
385580.1	1.018472076
385843.5	0.939316215
386129.3	0.944593272
386413.4	0.918207985
386705.9	0.955147387
386988.8	0.976255616
387265.8	0.992086789
387538.4	1.065965592
387791.9	1.023749133
388057.6	1.013195018
388325.3	1.071242649
388579.3	1.097627936
388828.1	1.108182051
389075.2	1.17150674
389308.6	1.113459108
389554.7	1.055411477
389816	1.023749133
390085.9	0.960424444
390374.1	0.94987033
390665.4	0.897099756
390975.5	0.902376813
391284	0.82849801
391619.7	0.844329182
391949.9	0.897099756
392262.2	0.881268583
392580.3	0.934039157
392881.8	0.986809731
393166.5	0.981532674
393453.6	0.960424444
393748.3	0.981532674
394037.2	0.981532674
394325.8	1.018472076
394605.5	1.034303248
394880.1	1.065965592
395147	1.102904994
395406.1	1.102904994
395665.3	1.155675568
395913.4	1.17150674
396158	1.197892027
396398.1	1.192614969
396640	1.229554371
396874.1	1.203169084
397114.8	1.224277314
397351.5	1.329818461
397569.8	1.350926691
397785.5	1.266493773
398016.1	1.308710232
398239.4	1.319264347
398461.7	1.350926691
398678.9	1.350926691
398896.2	1.419528437
399104.1	1.414251379
399313.4	1.435359609
399519.9	1.435359609
399727.1	1.503961355
399925.4	1.440636666
400132.5	1.430082552
400341.5	1.340372576
400565.1	1.382589035
400782.6	1.525069585
400980.5	1.509238412
401180.7	1.540900757
401377	1.451190781
401586.4	1.498684298
401789.5	1.498684298
401992.9	1.525069585
402193.4	1.551454872
402390.7	1.625333675
402579.7	1.683381306
402762.5	1.620056618
402952.3	1.567286044
403148.6	1.593671331
403342	1.704489536
403523.1	1.688658364
403706.1	1.688658364
403889.5	1.683381306
404074	1.688658364
404258.2	1.767814224
404434	1.672827191
404620.1	1.720320708
404801.7	1.773091282
404978	1.788922454
405152.8	1.846970085
405322.3	1.778368339
405498.4	1.794199511
405673.3	1.75726011
405851.9	1.788922454
406028.3	1.762537167
406207.6	1.709766593
406393	1.815307741
406568	1.773091282
406747.3	1.73615188
406930.9	1.725597765
407116.1	1.788922454
407295.3	1.751983052
407478.5	1.825861856
407654.9	1.846970085
407830	1.873355372
408002.8	1.878632429
408175.6	1.810030683
408355.9	1.741428937
408543.6	1.831138913
408722.4	1.794199511
408905.4	1.931403003
409075.9	1.915571831
409248.3	1.788922454
409433.2	1.947234175
409603.8	1.799476569
409788.7	1.852247143
409968.8	1.889186544
410145.8	1.815307741
410330.8	1.778368339
410519.6	1.751983052
410712	1.804753626
410899.3	1.873355372
411079.9	1.873355372
411260.8	1.794199511
411450.6	1.846970085
411635.1	1.831138913
411821.8	1.778368339
412014.4	1.730874823
412212.9	1.778368339
412406.3	1.73615188
412604.7	1.725597765
412804.9	1.741428937
413003.6	1.693935421
413208.1	1.704489536
413411.9	1.709766593
413615.1	1.75726011
413813.2	1.699212478
414018.8	1.577840158
414239.9	1.567286044
414463	1.588394273
414683.9	1.583117216
414906	1.551454872
415132.5	1.672827191
415343.3	1.593671331
415564.8	1.583117216
415788.5	1.61477956
416008.3	1.593671331
416231.3	1.503961355
416468.9	1.551454872
416699.5	1.577840158
416926.9	1.540900757
417160	1.535623699
417394.5	1.609502503
417619.3	1.567286044
417850.6	1.567286044
418082.4	1.540900757
418319.1	1.61477956
418545.4	1.577840158
418777.6	1.630610732
419003.5	1.651718962
419227.1	1.593671331
419459.5	1.583117216
419693.9	1.625333675
419923.2	1.551454872
420164	1.540900757
420407.5	1.51451547
420656.2	1.646441904
420885.3	1.51451547
421135.1	1.498684298
421388.3	1.530346642
421637.3	1.467021953
421897.8	1.488130183
422155.8	1.509238412
422410.1	1.477576068
422671.5	1.456467839
422937.1	1.377311978
423218.7	1.39314315
423497.7	1.335095519
423789.3	1.319264347
424084.7	1.37203492
424369.9	1.39314315
424651.1	1.329818461
424947	1.303433174
425248.7	1.37203492
425536	1.345649633
425829.3	1.482853126
426096.5	1.630610732
426339.7	1.667550134
426577.8	1.61477956
426824.7	1.556731929
427081.1	1.461744896
427354.1	1.456467839
427628.7	1.345649633
427927.4	1.245385543
428251.4	1.329818461
428555.9	1.255939658
428879.2	1.187337912
429222.3	1.065965592
429605	1.071242649
429988.3	0.960424444
430417	1.044857362
430813.3	0.891822698
431279.8	0.875991526
431758.3	0.812666837
432276.5	0.775727436
432823.8	0.765173321
433380.2	0.744065091
433957.9	0.765173321
434521.4	0.754619206
435098.5	0.770450378
435667.5	0.82849801
436201.1	0.749342149
436792.9	0.728233919
437410.5	0.754619206
438009.6	0.717679805
438645.6	0.786281551
439230.4	0.770450378
439834.5	0.722956862
440480.2	0.701848632
441149.4	0.738788034
441788.9	0.749342149
442423.1	0.738788034
443069.9	0.744065091
443715.1	0.775727436
444335.2	0.759896264
444972.4	0.759896264
445613.9	0.791558608
446231.2	0.839052124
446815.8	0.791558608
447439.2	0.812666837
448047.6	0.812666837
448657.4	0.796835665
449279.9	0.812666837
449892.6	0.918207985
450438.6	0.90765387
450992.5	0.886545641
451560.9	0.80738978
452184.9	0.82849801
452795.1	0.82849801
453405.3	0.802112723
454038.5	0.781004493
454688.9	0.875991526
455271.9	0.844329182
455876.1	0.786281551
456526.2	0.833775067
457141.4	0.839052124
457751.9	0.865437411
458343	0.849606239
458944.6	0.823220952
459568.9	0.759896264
460242.6	0.712402747
460964.1	0.722956862
461672.6	0.696571575
462407.1	0.717679805
463122.5	0.738788034
463816.3	0.744065091
464501.4	0.754619206
465179.5	0.80738978
465809.9	0.82849801
466422.5	0.796835665
467062.1	0.80738978
467688.8	0.744065091
468368.5	0.728233919
469059.5	0.722956862
469753.7	0.744065091
470426.5	0.754619206
471090.5	0.712402747
471791.4	0.786281551
472426.3	0.865437411
472999.3	0.812666837
473609	0.881268583
474166.8	0.981532674
474666.2	1.018472076
475146.3	1.102904994
475586.7	1.034303248
476054.8	0.94987033
476562	0.891822698
477100.2	0.823220952
477680.4	0.849606239
478238.9	0.923485043
478751.9	0.981532674
479232	1.023749133
479688.6	1.065965592
480125.6	1.087073822
480552.2	1.023749133
481003.9	0.965701502
481478.2	0.897099756
481986.4	0.918207985
482481.8	0.965701502
482950.1	0.986809731
483406.5	1.002640903
483853.5	0.970978559
484312.9	1.023749133
484747.7	1.044857362
485172.9	1.076519707
485583.2	1.060688535
485998.9	1.097627936
486398.6	1.097627936
486797.3	1.134567338
487181	1.118736166
487569.1	1.129290281
487952.6	1.134567338
488333.2	1.134567338
488714.1	1.155675568
489086.9	1.203169084
489444.1	1.208446141
489799.4	1.229554371
490147.6	1.250662601
490489.9	1.234831428
490835.4	1.37203492
491146.5	1.245385543
491489	1.255939658
491828.5	1.27177083
492163.5	1.266493773
492500	1.250662601
492840.1	1.208446141
493192	1.192614969
493548.6	1.166229682
493914.6	1.160952625
494281.1	1.145121453
494652.9	1.145121453
495024.8	1.145121453
495397.5	1.166229682
495763	1.102904994
496149.1	1.139844395
496522.2	1.108182051
496905.2	1.108182051
497287.9	1.108182051
497669.5	1.134567338
498042.6	1.118736166
498419.9	1.113459108
498797.1	1.097627936
499179.4	1.129290281
499550	1.097627936
499930.2	1.113459108
500304	1.102904994
500679.4	1.118736166
501047.7	1.124013223
501412.9	1.071242649
501795.4	1.071242649
502175.2	1.065965592
502555.6	1.060688535
502937.6	1.055411477
503319.7	1.023749133
503712.2	1.081796764
504081.6	1.060688535
504457.6	1.060688535
504832.4	1.065965592
505202.2	1.087073822
505564.5	1.065965592
505932.6	1.108182051
506285.7	1.071242649
506651	1.007917961
507037.7	0.981532674
507433.8	0.992086789
507825.5	1.018472076
508205.8	1.039580305
508577.8	1.044857362
508946.6	1.055411477
509311.9	1.05013442
509678.4	1.013195018
510057.6	0.918207985
510476.6	0.918207985
510894.1	0.939316215
511303.6	0.934039157
511714.9	0.94987033
512118.2	0.939316215
512526.1	0.9287621
512938	0.923485043
513353.1	0.918207985
513769.9	0.939316215
514178.7	0.94987033
514584.4	0.94987033
514989.6	0.939316215
515400.1	0.960424444
515802.8	1.013195018
516184.5	1.007917961
516569.3	0.992086789
516960.7	0.992086789
517352.1	1.044857362
517725.4	1.081796764
518086.4	1.087073822
518446.3	1.044857362
518822.4	1.055411477
519194.2	1.060688535
519566	1.139844395
519912.6	1.092350879
520275.8	1.145121453
520623	1.134567338
520974.5	1.145121453
521323.3	1.15039851
521672.4	1.17150674
522016.2	1.15039851
522368.2	1.155675568
522719.6	1.166229682
523068.6	1.15039851
523424.1	1.187337912
523771.2	1.097627936
524148.1	1.15039851
524510.1	1.145121453
524875.5	1.15039851
525239.9	1.129290281
525613.1	1.013195018
526032	1.034303248
526443.4	1.034303248
526857.9	1.060688535
527262.8	1.044857362
527676.3	1.05013442
528088.7	1.002640903
528522.7	1.060688535
528934.8	1.060688535
529349.7	1.007917961
529787.2	1.018472076
530222.9	1.023749133
530657.8	1.060688535
531078	1.007917961
531519.8	1.044857362
531946.6	1.076519707
532363	1.097627936
532772.7	1.065965592
533194.1	1.060688535
533616.8	0.997363846
534067.1	0.976255616
534527.6	0.918207985
535016.5	0.860160354
535537.8	0.817943895
536088.2	0.82849801
536629.2	0.786281551
537198.5	0.802112723
537755.7	0.786281551
538323.8	0.823220952
538867.1	0.823220952
539407	0.870714469
539919.2	0.844329182
540447.2	0.860160354
540963.3	0.854883297
541479.4	0.860160354
541990.5	0.865437411
542496.8	0.802112723
543040.6	0.786281551
543593	0.802112723
544131.2	0.812666837
544662.4	0.812666837
545188.6	0.812666837
545710.5	0.823220952
546221.4	0.839052124
546720.4	0.82849801
547222.1	0.817943895
547725.4	0.796835665
548239.4	0.791558608
548751.2	0.775727436
549270.6	0.765173321
549790.1	0.786281551
550293.4	0.854883297
550751.3	0.860160354
551202.6	0.844329182
551659.2	0.844329182
552110.9	0.870714469
552544.8	0.9287621
552947.5	0.976255616
553327.6	0.944593272
553717.5	0.897099756
554124.2	0.897099756
554526.3	0.844329182
554951	0.902376813
555344.6	0.902376813
555735.4	0.976255616
556092.1	1.002640903
556436.5	1.05013442
556762.2	1.055411477
557082.8	1.129290281
557379.7	1.182060854
557660.9	1.234831428
557927.8	1.208446141
558197.4	1.176783797
558471.6	1.071242649
558770.4	1.097627936
559058	1.076519707
559349.4	1.013195018
559655.5	1.034303248
559951.3	0.992086789
560257.2	0.981532674
560561.7	0.934039157
560878.3	0.918207985
561197.2	0.854883297
561537.4	0.865437411
561868.6	0.90765387
562182.1	0.970978559
562471.8	0.960424444
562760.1	0.976255616
563041.1	0.986809731
563316	0.992086789
563587.3	1.023749133
563847.8	1.034303248
564102.8	1.018472076
564359.1	1.071242649
564600.4	1.076519707
564838.2	1.108182051
565067.7	1.108182051
565294.3	1.134567338
565513.9	1.139844395
565730.9	1.166229682
565941.4	1.15039851
566153.5	1.192614969
566356.9	1.187337912
566560.1	1.219000256
566756.8	1.208446141
566953.8	1.261216715
567141.4	1.324541404
567319.4	1.282324945
567502	1.277047887
567684.4	1.261216715
567868.4	1.250662601
568052.6	1.277047887
568232.7	1.324541404
568405.2	1.303433174
568580.1	1.303433174
568754.9	1.298156117
568929.8	1.303433174
569102.8	1.282324945
569278.5	1.324541404
569447.7	1.298156117
569620.1	1.350926691
569785.5	1.377311978
569947.6	1.319264347
570116.3	1.29287906
570288.4	1.345649633
570452.8	1.335095519
570618.3	1.356203748
570781.4	1.329818461
570947.4	1.340372576
571112.4	1.308710232
571281.2	1.340372576
571445.7	1.387866093
571604.5	1.345649633
571768.8	1.350926691
571932.9	1.324541404
572100.6	1.340372576
572266.5	1.340372576
572433.2	1.324541404
572602.1	1.340372576
572769.7	1.350926691
572937.2	1.340372576
573106.9	1.345649633
573276.8	1.356203748
573446.6	1.350926691
573618.5	1.319264347
573795.2	1.340372576
573970.6	1.303433174
574151.9	1.298156117
574335.7	1.350926691
574514.3	1.340372576
574695.6	1.361480806
574875.3	1.261216715
575070.7	1.329818461
575258.1	1.361480806
575442.8	1.37203492
575628.6	1.319264347
575824	1.37203492
576013.8	1.361480806
576207.3	1.387866093
576399.3	1.387866093
576593.4	1.37203492
576792.6	1.414251379
576988.2	1.39314315
577189.3	1.356203748
577399.3	1.324541404
577617.2	1.308710232
577840.6	1.319264347
578065.8	1.298156117
578298.6	1.303433174
578533.8	1.319264347
578770.6	1.313987289
579012.2	1.266493773
579266.8	1.356203748
579508.3	1.366757863
579751.4	1.345649633
580003.2	1.387866093
580250.6	1.451190781
580491.4	1.435359609
580738.9	1.435359609
580990.1	1.445913724
581243.6	1.435359609
581502.7	1.451190781
581763.3	1.403697265
582036.7	1.340372576
582327.1	1.213723199
582652.6	1.240108486
582976.2	1.17150674
583323.8	1.102904994
583698.7	1.092350879
584084.2	1.034303248
584496.9	0.955147387
584950.4	0.918207985
585431.3	0.865437411
585949.4	0.849606239
586486.8	0.9287621
586985.1	0.939316215
587485.4	0.912930928
588011.1	0.960424444
588517	0.854883297
589094.3	0.875991526
589670.5	0.90765387
590235.5	0.986809731
590764.2	1.039580305
591274.2	1.076519707
591776.2	1.155675568
592251.4	1.155675568
592734.3	1.013195018
593296.4	0.939316215
593913.7	0.955147387
594531.4	1.013195018
595125.4	1.013195018
595730.2	1.076519707
596312.5	1.060688535
596914.3	1.118736166
597496	1.076519707
598112.4	0.992086789
598793.5	0.918207985
599541.3	0.839052124
600375.7	0.897099756
601171.2	0.94987033
601933.8	0.955147387
602702	0.965701502
603475.1	1.065965592
604186.3	1.02902619
604932.9	1.007917961
605706.1	1.02902619
606470.3	1.023749133
607245.6	1.05013442
608008.8	1.087073822
608751.9	1.092350879
609500.5	1.108182051
610244.6	1.213723199
610928.8	1.245385543
611599.1	1.255939658
612265.7	1.29287906
612919	1.335095519
613553.8	1.37203492
614175.2	1.398420207
614788	1.335095519
615432.9	1.350926691
616072	1.350926691
616713.8	1.424805494
617324.8	1.39314315
617952.6	1.39314315
618580.5	1.366757863
619223.1	1.408974322
619846.7	1.377311978
620486.6	1.356203748
621136.3	1.303433174
621814.2	1.261216715
622512.5	1.324541404
623177.7	1.282324945
623865.7	1.345649633
624519.7	1.313987289
625189.5	1.313987289
625858.3	1.298156117
626536	1.250662601
627236.1	1.224277314
627952	1.250662601
628649.4	1.255939658
629343	1.313987289
630003	1.203169084
630721.5	1.081796764
631519.7	0.970978559
632405.2	0.833775067
633429.5	0.733510977
634590.2	0.717679805
635774.6	0.70712569
636966	0.754619206
638081	0.70712569
639260.9	0.70712569
640438.5	0.738788034
641554.9	0.722956862
642691.6	0.712402747
643836	0.712402747
644972.7	0.770450378
646020	0.833775067
646978.5	0.823220952
647943.1	0.812666837
648911	0.812666837
649874	0.844329182
650795.8	0.860160354
651692.2	0.812666837
652633.3	0.82849801
653551.5	0.796835665
654499.1	0.791558608
655444.4	0.82849801
656342.2	0.875991526
657183.9	0.891822698
658003.3	0.870714469
658837.8	0.812666837
659724.5	0.781004493
660644.2	0.775727436
661560.4	0.733510977
662526	0.759896264
663453.9	0.817943895
664305.8	0.791558608
665182.2	0.749342149
666102.3	0.712402747
667062.7	0.701848632
668026.2	0.70712569
668977.8	0.712402747
669917.9	0.754619206
670798.4	0.812666837
671609.3	0.881268583
672350.3	0.849606239
673113.8	0.860160354
673860.7	0.802112723
674657.7	0.796835665
675452.7	0.781004493
676254.8	0.796835665
677031.6	0.812666837
677789.5	0.823220952
678528.7	0.875991526
679217.4	0.881268583
679895.4	0.965701502
680510.3	0.955147387
681125.3	0.902376813
681769.9	0.833775067
682458.4	0.870714469
683114	0.934039157
683717.9	1.044857362
684253.2	0.986809731
684811.9	0.9287621
685401.4	0.886545641
686012.1	0.839052124
686649.5	0.817943895
687299.5	0.844329182
687921.6	0.875991526
688513.7	0.94987033
689053.4	0.981532674
689570.5	0.970978559
690090.2	0.955147387
690610.8	0.976255616
691115.7	1.013195018
691598.3	1.018472076
692072.4	1.044857362
692530	1.05013442
692980.6	1.044857362
693428.1	1.076519707
693857.8	1.087073822
694279.4	1.076519707
694700.8	1.124013223
695101.7	1.124013223
695497.6	1.129290281
695889.6	1.129290281
696277.5	1.102904994
696670	1.139844395
697047.1	1.160952625
697414.4	1.17150674
697775.9	1.155675568
698139.3	1.219000256
698481.5	1.240108486
698815.8	1.213723199
699156	1.203169084
699497	1.266493773
699820	1.234831428
700149.3	1.277047887
700467.6	1.356203748
700766.1	1.313987289
701073.4	1.266493773
701391.2	1.319264347
701696.1	1.287602002
702007.1	1.287602002
702317.9	1.313987289
702622.3	1.303433174
702928.7	1.308710232
703233.4	1.324541404
703533.6	1.340372576
703830.3	1.308710232
704133.5	1.303433174
704438.8	1.324541404
704738.9	1.313987289
705040.9	1.298156117
705345.5	1.308710232
705648.6	1.298156117
705953.6	1.255939658
706267.8	1.224277314
706590.3	1.229554371
706911.6	1.203169084
707240.4	1.234831428
707560	1.250662601
707875.7	1.27177083
708186.8	1.319264347
708487.5	1.29287906
708795.1	1.245385543
709114.2	1.240108486
709436.4	1.255939658
709755.3	1.245385543
710077.6	1.208446141
710410.8	1.182060854
710753.4	1.166229682
711102.3	1.166229682
711452.7	1.139844395
711813.3	1.113459108
712184.9	1.118736166
712556.8	1.124013223
712929.2	1.134567338
713299.8	1.139844395
713670.4	1.087073822
714061.9	1.097627936
714451.4	1.081796764
714849.7	1.087073822
715248.2	1.081796764
715650.8	1.071242649
716060.8	1.02902619
716489.6	1.108182051
716891.6	1.097627936
717299.8	1.076519707
717718.4	0.986809731
718177.8	1.002640903
718632.8	0.981532674
719100.9	0.881268583
719624	0.981532674
720095.1	0.849606239
720642.1	0.82849801
721204	0.775727436
721807.6	0.955147387
722298.4	0.94987033
722794.4	0.854883297
723347.6	0.939316215
723852.1	1.002640903
724327.9	0.90765387
724855.4	0.918207985
725378.5	0.90765387
725907.8	0.9287621
726427.5	0.944593272
726941.6	0.981532674
727435.7	0.976255616
727934.2	0.902376813
728477.4	0.90765387
729017.9	1.018472076
729502.8	1.076519707
729963.6	1.076519707
730426.7	1.113459108
730876.6	1.044857362
731359.2	1.065965592
731832.8	1.092350879
732298.4	1.007917961
732805.9	1.134567338
733260.1	1.05013442
733752.1	0.997363846
734273.5	1.044857362
734774.4	0.986809731
735307.9	0.944593272
735866.9	0.844329182
736497.3	0.796835665
737167.7	0.759896264
737875.8	0.749342149
738596.3	0.749342149
739325.8	0.749342149
740058	0.733510977
740807	0.712402747
741587.1	0.717679805
742363.1	0.733510977
743128.5	0.749342149
743877.3	0.744065091
744639.5	0.738788034
745409.8	0.759896264
746160.6	0.744065091
746933.6	0.738788034
747715.5	0.744065091
748494.4	0.749342149
749275.2	0.754619206
750053	0.744065091
750849.7	0.738788034
751658.1	0.738788034
752473.3	0.749342149
753281.4	0.749342149
754093.8	0.759896264
754904.6	0.770450378
755711.5	0.786281551
756505.2	0.80738978
757287.7	0.833775067
758054	0.90765387
758761.9	0.986809731
759420.9	1.034303248
760054.6	0.986809731
760725.1	0.94987033
761426.6	0.934039157
762149.9	0.90765387
762897.7	0.839052124
763717.6	0.823220952
764560.4	0.833775067
765395.9	0.870714469
766202	0.939316215
766955.9	0.986809731
767678.9	1.018472076
768388.8	1.034303248
769091	0.997363846
769824.4	0.960424444
770592	0.891822698
771425.2	0.870714469
772286.4	0.902376813
773125.4	0.94987033
773924.9	1.018472076
774677.2	1.081796764
775389.7	1.118736166
776082.7	1.065965592
776814.2	1.034303248
777574.7	1.007917961
778358.8	1.02902619
779130.4	1.076519707
779875.1	1.108182051
780599.8	1.166229682
781292.8	1.197892027
781971.9	1.192614969
782655.6	1.197892027
783341.4	1.234831428
784008.4	1.255939658
784667.3	1.255939658
785326.2	1.255939658
785988.9	1.234831428
786664.7	1.245385543
787335.7	1.298156117
787980.4	1.277047887
788636.8	1.313987289
789276.4	1.329818461
789910.1	1.403697265
790509	1.424805494
791099.4	1.435359609
791686.7	1.509238412
792245.7	1.451190781
792827.4	1.356203748
793451.3	1.282324945
794110.6	1.261216715
794781.6	1.208446141
795482.7	1.145121453
796222	1.092350879
797000.9	1.018472076
797836.9	0.970978559
798714.7	0.944593272
799616.2	0.891822698
800570.3	0.82849801
801601.9	0.759896264
802723.1	0.738788034
803877.4	0.717679805
805071.8	0.722956862
806258.3	0.717679805
807451.5	0.744065091
808607.4	0.722956862
809800.9	0.728233919
810986.2	0.701848632
812217.5	0.728233919